[2025-12-14 03:51:53] local.ERROR: Livewire only supports one HTML element per component. Multiple root elements detected for component: [appointments-calendar] {"userId":1,"exception":"[object] (Livewire\\Features\\SupportMultipleRootElementDetection\\MultipleRootElementsDetectedException(code: 0): Livewire only supports one HTML element per component. Multiple root elements detected for component: [appointments-calendar] at /Users/minpyaesonenyein/projects/skincollection/vendor/livewire/livewire/src/Features/SupportMultipleRootElementDetection/SupportMultipleRootElementDetection.php:27)
[stacktrace]
#0 /Users/minpyaesonenyein/projects/skincollection/vendor/livewire/livewire/src/Features/SupportMultipleRootElementDetection/SupportMultipleRootElementDetection.php(16): Livewire\\Features\\SupportMultipleRootElementDetection\\SupportMultipleRootElementDetection->warnAgainstMoreThanOneRootElement(Object(App\\Http\\Livewire\\AppointmentsCalendar), '<div wire:snaps...')
#1 /Users/minpyaesonenyein/projects/skincollection/vendor/livewire/livewire/src/EventBus.php(73): Livewire\\Features\\SupportMultipleRootElementDetection\\SupportMultipleRootElementDetection::{closure:{closure:Livewire\\Features\\SupportMultipleRootElementDetection\\SupportMultipleRootElementDetection::provide():12}:15}('<div wire:snaps...', Array)
#2 /Users/minpyaesonenyein/projects/skincollection/vendor/livewire/livewire/src/Mechanisms/HandleComponents/HandleComponents.php(77): Livewire\\EventBus->{closure:Livewire\\EventBus::trigger():67}('<div wire:snaps...', Array)
#3 /Users/minpyaesonenyein/projects/skincollection/vendor/livewire/livewire/src/LivewireManager.php(72): Livewire\\Mechanisms\\HandleComponents\\HandleComponents->mount('appointments-ca...', Array, 'SnV2rmC')
#4 /Users/minpyaesonenyein/projects/skincollection/storage/framework/views/01cd010ee0f679e92f58eebb2d3cef1ce50dd9fd.php(19): Livewire\\LivewireManager->mount('appointments-ca...', Array, 'SnV2rmC', Array, Array)
#5 /Users/minpyaesonenyein/projects/skincollection/vendor/laravel/framework/src/Illuminate/Filesystem/Filesystem.php(109): require('/Users/minpyaes...')
#6 /Users/minpyaesonenyein/projects/skincollection/vendor/laravel/framework/src/Illuminate/Filesystem/Filesystem.php(110): Illuminate\\Filesystem\\Filesystem::{closure:Illuminate\\Filesystem\\Filesystem::getRequire():106}()
#7 /Users/minpyaesonenyein/projects/skincollection/vendor/laravel/framework/src/Illuminate/View/Engines/PhpEngine.php(58): Illuminate\\Filesystem\\Filesystem->getRequire('/Users/minpyaes...', Array)
#8 /Users/minpyaesonenyein/projects/skincollection/vendor/livewire/livewire/src/Mechanisms/ExtendBlade/ExtendedCompilerEngine.php(22): Illuminate\\View\\Engines\\PhpEngine->evaluatePath('/Users/minpyaes...', Array)
#9 /Users/minpyaesonenyein/projects/skincollection/vendor/laravel/framework/src/Illuminate/View/Engines/CompilerEngine.php(70): Livewire\\Mechanisms\\ExtendBlade\\ExtendedCompilerEngine->evaluatePath('/Users/minpyaes...', Array)
#10 /Users/minpyaesonenyein/projects/skincollection/vendor/livewire/livewire/src/Mechanisms/ExtendBlade/ExtendedCompilerEngine.php(10): Illuminate\\View\\Engines\\CompilerEngine->get('/Users/minpyaes...', Array)
#11 /Users/minpyaesonenyein/projects/skincollection/vendor/laravel/framework/src/Illuminate/View/View.php(195): Livewire\\Mechanisms\\ExtendBlade\\ExtendedCompilerEngine->get('/Users/minpyaes...', Array)
#12 /Users/minpyaesonenyein/projects/skincollection/vendor/laravel/framework/src/Illuminate/View/View.php(178): Illuminate\\View\\View->getContents()
#13 /Users/minpyaesonenyein/projects/skincollection/vendor/laravel/framework/src/Illuminate/View/View.php(147): Illuminate\\View\\View->renderContents()
#14 /Users/minpyaesonenyein/projects/skincollection/vendor/laravel/framework/src/Illuminate/Http/Response.php(69): Illuminate\\View\\View->render()
#15 /Users/minpyaesonenyein/projects/skincollection/vendor/laravel/framework/src/Illuminate/Http/Response.php(35): Illuminate\\Http\\Response->setContent(Object(Illuminate\\View\\View))
#16 /Users/minpyaesonenyein/projects/skincollection/vendor/laravel/framework/src/Illuminate/Routing/Router.php(906): Illuminate\\Http\\Response->__construct(Object(Illuminate\\View\\View), 200, Array)
#17 /Users/minpyaesonenyein/projects/skincollection/vendor/laravel/framework/src/Illuminate/Routing/Router.php(875): Illuminate\\Routing\\Router::toResponse(Object(Illuminate\\Http\\Request), Object(Illuminate\\View\\View))
#18 /Users/minpyaesonenyein/projects/skincollection/vendor/laravel/framework/src/Illuminate/Routing/Router.php(797): Illuminate\\Routing\\Router->prepareResponse(Object(Illuminate\\Http\\Request), Object(Illuminate\\View\\View))
#19 /Users/minpyaesonenyein/projects/skincollection/vendor/laravel/framework/src/Illuminate/Pipeline/Pipeline.php(141): Illuminate\\Routing\\Router->{closure:Illuminate\\Routing\\Router::runRouteWithinStack():797}(Object(Illuminate\\Http\\Request))
#20 /Users/minpyaesonenyein/projects/skincollection/app/Http/Middleware/EnsureClinicContext.php(34): Illuminate\\Pipeline\\Pipeline->{closure:Illuminate\\Pipeline\\Pipeline::prepareDestination():139}(Object(Illuminate\\Http\\Request))
#21 /Users/minpyaesonenyein/projects/skincollection/vendor/laravel/framework/src/Illuminate/Pipeline/Pipeline.php(180): App\\Http\\Middleware\\EnsureClinicContext->handle(Object(Illuminate\\Http\\Request), Object(Closure))
#22 /Users/minpyaesonenyein/projects/skincollection/vendor/laravel/framework/src/Illuminate/Routing/Middleware/SubstituteBindings.php(50): Illuminate\\Pipeline\\Pipeline->{closure:{closure:Illuminate\\Pipeline\\Pipeline::carry():155}:156}(Object(Illuminate\\Http\\Request))
#23 /Users/minpyaesonenyein/projects/skincollection/vendor/laravel/framework/src/Illuminate/Pipeline/Pipeline.php(180): Illuminate\\Routing\\Middleware\\SubstituteBindings->handle(Object(Illuminate\\Http\\Request), Object(Closure))
#24 /Users/minpyaesonenyein/projects/skincollection/vendor/laravel/framework/src/Illuminate/Auth/Middleware/Authenticate.php(44): Illuminate\\Pipeline\\Pipeline->{closure:{closure:Illuminate\\Pipeline\\Pipeline::carry():155}:156}(Object(Illuminate\\Http\\Request))
#25 /Users/minpyaesonenyein/projects/skincollection/vendor/laravel/framework/src/Illuminate/Pipeline/Pipeline.php(180): Illuminate\\Auth\\Middleware\\Authenticate->handle(Object(Illuminate\\Http\\Request), Object(Closure))
#26 /Users/minpyaesonenyein/projects/skincollection/vendor/laravel/framework/src/Illuminate/Foundation/Http/Middleware/VerifyCsrfToken.php(78): Illuminate\\Pipeline\\Pipeline->{closure:{closure:Illuminate\\Pipeline\\Pipeline::carry():155}:156}(Object(Illuminate\\Http\\Request))
#27 /Users/minpyaesonenyein/projects/skincollection/vendor/laravel/framework/src/Illuminate/Pipeline/Pipeline.php(180): Illuminate\\Foundation\\Http\\Middleware\\VerifyCsrfToken->handle(Object(Illuminate\\Http\\Request), Object(Closure))
#28 /Users/minpyaesonenyein/projects/skincollection/vendor/laravel/framework/src/Illuminate/View/Middleware/ShareErrorsFromSession.php(49): Illuminate\\Pipeline\\Pipeline->{closure:{closure:Illuminate\\Pipeline\\Pipeline::carry():155}:156}(Object(Illuminate\\Http\\Request))
#29 /Users/minpyaesonenyein/projects/skincollection/vendor/laravel/framework/src/Illuminate/Pipeline/Pipeline.php(180): Illuminate\\View\\Middleware\\ShareErrorsFromSession->handle(Object(Illuminate\\Http\\Request), Object(Closure))
#30 /Users/minpyaesonenyein/projects/skincollection/vendor/laravel/framework/src/Illuminate/Session/Middleware/StartSession.php(121): Illuminate\\Pipeline\\Pipeline->{closure:{closure:Illuminate\\Pipeline\\Pipeline::carry():155}:156}(Object(Illuminate\\Http\\Request))
#31 /Users/minpyaesonenyein/projects/skincollection/vendor/laravel/framework/src/Illuminate/Session/Middleware/StartSession.php(64): Illuminate\\Session\\Middleware\\StartSession->handleStatefulRequest(Object(Illuminate\\Http\\Request), Object(Illuminate\\Session\\Store), Object(Closure))
#32 /Users/minpyaesonenyein/projects/skincollection/vendor/laravel/framework/src/Illuminate/Pipeline/Pipeline.php(180): Illuminate\\Session\\Middleware\\StartSession->handle(Object(Illuminate\\Http\\Request), Object(Closure))
#33 /Users/minpyaesonenyein/projects/skincollection/vendor/laravel/framework/src/Illuminate/Cookie/Middleware/AddQueuedCookiesToResponse.php(37): Illuminate\\Pipeline\\Pipeline->{closure:{closure:Illuminate\\Pipeline\\Pipeline::carry():155}:156}(Object(Illuminate\\Http\\Request))
#34 /Users/minpyaesonenyein/projects/skincollection/vendor/laravel/framework/src/Illuminate/Pipeline/Pipeline.php(180): Illuminate\\Cookie\\Middleware\\AddQueuedCookiesToResponse->handle(Object(Illuminate\\Http\\Request), Object(Closure))
#35 /Users/minpyaesonenyein/projects/skincollection/vendor/laravel/framework/src/Illuminate/Cookie/Middleware/EncryptCookies.php(67): Illuminate\\Pipeline\\Pipeline->{closure:{closure:Illuminate\\Pipeline\\Pipeline::carry():155}:156}(Object(Illuminate\\Http\\Request))
#36 /Users/minpyaesonenyein/projects/skincollection/vendor/laravel/framework/src/Illuminate/Pipeline/Pipeline.php(180): Illuminate\\Cookie\\Middleware\\EncryptCookies->handle(Object(Illuminate\\Http\\Request), Object(Closure))
#37 /Users/minpyaesonenyein/projects/skincollection/vendor/laravel/framework/src/Illuminate/Pipeline/Pipeline.php(116): Illuminate\\Pipeline\\Pipeline->{closure:{closure:Illuminate\\Pipeline\\Pipeline::carry():155}:156}(Object(Illuminate\\Http\\Request))
#38 /Users/minpyaesonenyein/projects/skincollection/vendor/laravel/framework/src/Illuminate/Routing/Router.php(797): Illuminate\\Pipeline\\Pipeline->then(Object(Closure))
#39 /Users/minpyaesonenyein/projects/skincollection/vendor/laravel/framework/src/Illuminate/Routing/Router.php(776): Illuminate\\Routing\\Router->runRouteWithinStack(Object(Illuminate\\Routing\\Route), Object(Illuminate\\Http\\Request))
#40 /Users/minpyaesonenyein/projects/skincollection/vendor/laravel/framework/src/Illuminate/Routing/Router.php(740): Illuminate\\Routing\\Router->runRoute(Object(Illuminate\\Http\\Request), Object(Illuminate\\Routing\\Route))
#41 /Users/minpyaesonenyein/projects/skincollection/vendor/laravel/framework/src/Illuminate/Routing/Router.php(729): Illuminate\\Routing\\Router->dispatchToRoute(Object(Illuminate\\Http\\Request))
#42 /Users/minpyaesonenyein/projects/skincollection/vendor/laravel/framework/src/Illuminate/Foundation/Http/Kernel.php(190): Illuminate\\Routing\\Router->dispatch(Object(Illuminate\\Http\\Request))
#43 /Users/minpyaesonenyein/projects/skincollection/vendor/laravel/framework/src/Illuminate/Pipeline/Pipeline.php(141): Illuminate\\Foundation\\Http\\Kernel->{closure:Illuminate\\Foundation\\Http\\Kernel::dispatchToRouter():187}(Object(Illuminate\\Http\\Request))
#44 /Users/minpyaesonenyein/projects/skincollection/vendor/livewire/livewire/src/Features/SupportDisablingBackButtonCache/DisableBackButtonCacheMiddleware.php(19): Illuminate\\Pipeline\\Pipeline->{closure:Illuminate\\Pipeline\\Pipeline::prepareDestination():139}(Object(Illuminate\\Http\\Request))
#45 /Users/minpyaesonenyein/projects/skincollection/vendor/laravel/framework/src/Illuminate/Pipeline/Pipeline.php(180): Livewire\\Features\\SupportDisablingBackButtonCache\\DisableBackButtonCacheMiddleware->handle(Object(Illuminate\\Http\\Request), Object(Closure))
#46 /Users/minpyaesonenyein/projects/skincollection/vendor/laravel/framework/src/Illuminate/Foundation/Http/Middleware/TransformsRequest.php(21): Illuminate\\Pipeline\\Pipeline->{closure:{closure:Illuminate\\Pipeline\\Pipeline::carry():155}:156}(Object(Illuminate\\Http\\Request))
#47 /Users/minpyaesonenyein/projects/skincollection/vendor/laravel/framework/src/Illuminate/Foundation/Http/Middleware/ConvertEmptyStringsToNull.php(31): Illuminate\\Foundation\\Http\\Middleware\\TransformsRequest->handle(Object(Illuminate\\Http\\Request), Object(Closure))
#48 /Users/minpyaesonenyein/projects/skincollection/vendor/laravel/framework/src/Illuminate/Pipeline/Pipeline.php(180): Illuminate\\Foundation\\Http\\Middleware\\ConvertEmptyStringsToNull->handle(Object(Illuminate\\Http\\Request), Object(Closure))
#49 /Users/minpyaesonenyein/projects/skincollection/vendor/laravel/framework/src/Illuminate/Foundation/Http/Middleware/TransformsRequest.php(21): Illuminate\\Pipeline\\Pipeline->{closure:{closure:Illuminate\\Pipeline\\Pipeline::carry():155}:156}(Object(Illuminate\\Http\\Request))
#50 /Users/minpyaesonenyein/projects/skincollection/vendor/laravel/framework/src/Illuminate/Foundation/Http/Middleware/TrimStrings.php(40): Illuminate\\Foundation\\Http\\Middleware\\TransformsRequest->handle(Object(Illuminate\\Http\\Request), Object(Closure))
#51 /Users/minpyaesonenyein/projects/skincollection/vendor/laravel/framework/src/Illuminate/Pipeline/Pipeline.php(180): Illuminate\\Foundation\\Http\\Middleware\\TrimStrings->handle(Object(Illuminate\\Http\\Request), Object(Closure))
#52 /Users/minpyaesonenyein/projects/skincollection/vendor/laravel/framework/src/Illuminate/Foundation/Http/Middleware/ValidatePostSize.php(27): Illuminate\\Pipeline\\Pipeline->{closure:{closure:Illuminate\\Pipeline\\Pipeline::carry():155}:156}(Object(Illuminate\\Http\\Request))
#53 /Users/minpyaesonenyein/projects/skincollection/vendor/laravel/framework/src/Illuminate/Pipeline/Pipeline.php(180): Illuminate\\Foundation\\Http\\Middleware\\ValidatePostSize->handle(Object(Illuminate\\Http\\Request), Object(Closure))
#54 /Users/minpyaesonenyein/projects/skincollection/vendor/laravel/framework/src/Illuminate/Foundation/Http/Middleware/PreventRequestsDuringMaintenance.php(86): Illuminate\\Pipeline\\Pipeline->{closure:{closure:Illuminate\\Pipeline\\Pipeline::carry():155}:156}(Object(Illuminate\\Http\\Request))
#55 /Users/minpyaesonenyein/projects/skincollection/vendor/laravel/framework/src/Illuminate/Pipeline/Pipeline.php(180): Illuminate\\Foundation\\Http\\Middleware\\PreventRequestsDuringMaintenance->handle(Object(Illuminate\\Http\\Request), Object(Closure))
#56 /Users/minpyaesonenyein/projects/skincollection/vendor/fruitcake/laravel-cors/src/HandleCors.php(38): Illuminate\\Pipeline\\Pipeline->{closure:{closure:Illuminate\\Pipeline\\Pipeline::carry():155}:156}(Object(Illuminate\\Http\\Request))
#57 /Users/minpyaesonenyein/projects/skincollection/vendor/laravel/framework/src/Illuminate/Pipeline/Pipeline.php(180): Fruitcake\\Cors\\HandleCors->handle(Object(Illuminate\\Http\\Request), Object(Closure))
#58 /Users/minpyaesonenyein/projects/skincollection/vendor/laravel/framework/src/Illuminate/Http/Middleware/TrustProxies.php(39): Illuminate\\Pipeline\\Pipeline->{closure:{closure:Illuminate\\Pipeline\\Pipeline::carry():155}:156}(Object(Illuminate\\Http\\Request))
#59 /Users/minpyaesonenyein/projects/skincollection/vendor/laravel/framework/src/Illuminate/Pipeline/Pipeline.php(180): Illuminate\\Http\\Middleware\\TrustProxies->handle(Object(Illuminate\\Http\\Request), Object(Closure))
#60 /Users/minpyaesonenyein/projects/skincollection/vendor/laravel/framework/src/Illuminate/Pipeline/Pipeline.php(116): Illuminate\\Pipeline\\Pipeline->{closure:{closure:Illuminate\\Pipeline\\Pipeline::carry():155}:156}(Object(Illuminate\\Http\\Request))
#61 /Users/minpyaesonenyein/projects/skincollection/vendor/laravel/framework/src/Illuminate/Foundation/Http/Kernel.php(165): Illuminate\\Pipeline\\Pipeline->then(Object(Closure))
#62 /Users/minpyaesonenyein/projects/skincollection/vendor/laravel/framework/src/Illuminate/Foundation/Http/Kernel.php(134): Illuminate\\Foundation\\Http\\Kernel->sendRequestThroughRouter(Object(Illuminate\\Http\\Request))
#63 /Users/minpyaesonenyein/projects/skincollection/public/index.php(51): Illuminate\\Foundation\\Http\\Kernel->handle(Object(Illuminate\\Http\\Request))
#64 /Users/minpyaesonenyein/projects/skincollection/server.php(21): require_once('/Users/minpyaes...')
#65 {main}
"} 
[2025-12-14 03:52:53] local.ERROR: Livewire only supports one HTML element per component. Multiple root elements detected for component: [appointments-calendar] {"userId":1,"exception":"[object] (Livewire\\Features\\SupportMultipleRootElementDetection\\MultipleRootElementsDetectedException(code: 0): Livewire only supports one HTML element per component. Multiple root elements detected for component: [appointments-calendar] at /Users/minpyaesonenyein/projects/skincollection/vendor/livewire/livewire/src/Features/SupportMultipleRootElementDetection/SupportMultipleRootElementDetection.php:27)
[stacktrace]
#0 /Users/minpyaesonenyein/projects/skincollection/vendor/livewire/livewire/src/Features/SupportMultipleRootElementDetection/SupportMultipleRootElementDetection.php(16): Livewire\\Features\\SupportMultipleRootElementDetection\\SupportMultipleRootElementDetection->warnAgainstMoreThanOneRootElement(Object(App\\Http\\Livewire\\AppointmentsCalendar), '<div wire:snaps...')
#1 /Users/minpyaesonenyein/projects/skincollection/vendor/livewire/livewire/src/EventBus.php(73): Livewire\\Features\\SupportMultipleRootElementDetection\\SupportMultipleRootElementDetection::{closure:{closure:Livewire\\Features\\SupportMultipleRootElementDetection\\SupportMultipleRootElementDetection::provide():12}:15}('<div wire:snaps...', Array)
#2 /Users/minpyaesonenyein/projects/skincollection/vendor/livewire/livewire/src/Mechanisms/HandleComponents/HandleComponents.php(77): Livewire\\EventBus->{closure:Livewire\\EventBus::trigger():67}('<div wire:snaps...', Array)
#3 /Users/minpyaesonenyein/projects/skincollection/vendor/livewire/livewire/src/LivewireManager.php(72): Livewire\\Mechanisms\\HandleComponents\\HandleComponents->mount('appointments-ca...', Array, 'SnV2rmC')
#4 /Users/minpyaesonenyein/projects/skincollection/storage/framework/views/01cd010ee0f679e92f58eebb2d3cef1ce50dd9fd.php(19): Livewire\\LivewireManager->mount('appointments-ca...', Array, 'SnV2rmC', Array, Array)
#5 /Users/minpyaesonenyein/projects/skincollection/vendor/laravel/framework/src/Illuminate/Filesystem/Filesystem.php(109): require('/Users/minpyaes...')
#6 /Users/minpyaesonenyein/projects/skincollection/vendor/laravel/framework/src/Illuminate/Filesystem/Filesystem.php(110): Illuminate\\Filesystem\\Filesystem::{closure:Illuminate\\Filesystem\\Filesystem::getRequire():106}()
#7 /Users/minpyaesonenyein/projects/skincollection/vendor/laravel/framework/src/Illuminate/View/Engines/PhpEngine.php(58): Illuminate\\Filesystem\\Filesystem->getRequire('/Users/minpyaes...', Array)
#8 /Users/minpyaesonenyein/projects/skincollection/vendor/livewire/livewire/src/Mechanisms/ExtendBlade/ExtendedCompilerEngine.php(22): Illuminate\\View\\Engines\\PhpEngine->evaluatePath('/Users/minpyaes...', Array)
#9 /Users/minpyaesonenyein/projects/skincollection/vendor/laravel/framework/src/Illuminate/View/Engines/CompilerEngine.php(70): Livewire\\Mechanisms\\ExtendBlade\\ExtendedCompilerEngine->evaluatePath('/Users/minpyaes...', Array)
#10 /Users/minpyaesonenyein/projects/skincollection/vendor/livewire/livewire/src/Mechanisms/ExtendBlade/ExtendedCompilerEngine.php(10): Illuminate\\View\\Engines\\CompilerEngine->get('/Users/minpyaes...', Array)
#11 /Users/minpyaesonenyein/projects/skincollection/vendor/laravel/framework/src/Illuminate/View/View.php(195): Livewire\\Mechanisms\\ExtendBlade\\ExtendedCompilerEngine->get('/Users/minpyaes...', Array)
#12 /Users/minpyaesonenyein/projects/skincollection/vendor/laravel/framework/src/Illuminate/View/View.php(178): Illuminate\\View\\View->getContents()
#13 /Users/minpyaesonenyein/projects/skincollection/vendor/laravel/framework/src/Illuminate/View/View.php(147): Illuminate\\View\\View->renderContents()
#14 /Users/minpyaesonenyein/projects/skincollection/vendor/laravel/framework/src/Illuminate/Http/Response.php(69): Illuminate\\View\\View->render()
#15 /Users/minpyaesonenyein/projects/skincollection/vendor/laravel/framework/src/Illuminate/Http/Response.php(35): Illuminate\\Http\\Response->setContent(Object(Illuminate\\View\\View))
#16 /Users/minpyaesonenyein/projects/skincollection/vendor/laravel/framework/src/Illuminate/Routing/Router.php(906): Illuminate\\Http\\Response->__construct(Object(Illuminate\\View\\View), 200, Array)
#17 /Users/minpyaesonenyein/projects/skincollection/vendor/laravel/framework/src/Illuminate/Routing/Router.php(875): Illuminate\\Routing\\Router::toResponse(Object(Illuminate\\Http\\Request), Object(Illuminate\\View\\View))
#18 /Users/minpyaesonenyein/projects/skincollection/vendor/laravel/framework/src/Illuminate/Routing/Router.php(797): Illuminate\\Routing\\Router->prepareResponse(Object(Illuminate\\Http\\Request), Object(Illuminate\\View\\View))
#19 /Users/minpyaesonenyein/projects/skincollection/vendor/laravel/framework/src/Illuminate/Pipeline/Pipeline.php(141): Illuminate\\Routing\\Router->{closure:Illuminate\\Routing\\Router::runRouteWithinStack():797}(Object(Illuminate\\Http\\Request))
#20 /Users/minpyaesonenyein/projects/skincollection/app/Http/Middleware/EnsureClinicContext.php(34): Illuminate\\Pipeline\\Pipeline->{closure:Illuminate\\Pipeline\\Pipeline::prepareDestination():139}(Object(Illuminate\\Http\\Request))
#21 /Users/minpyaesonenyein/projects/skincollection/vendor/laravel/framework/src/Illuminate/Pipeline/Pipeline.php(180): App\\Http\\Middleware\\EnsureClinicContext->handle(Object(Illuminate\\Http\\Request), Object(Closure))
#22 /Users/minpyaesonenyein/projects/skincollection/vendor/laravel/framework/src/Illuminate/Routing/Middleware/SubstituteBindings.php(50): Illuminate\\Pipeline\\Pipeline->{closure:{closure:Illuminate\\Pipeline\\Pipeline::carry():155}:156}(Object(Illuminate\\Http\\Request))
#23 /Users/minpyaesonenyein/projects/skincollection/vendor/laravel/framework/src/Illuminate/Pipeline/Pipeline.php(180): Illuminate\\Routing\\Middleware\\SubstituteBindings->handle(Object(Illuminate\\Http\\Request), Object(Closure))
#24 /Users/minpyaesonenyein/projects/skincollection/vendor/laravel/framework/src/Illuminate/Auth/Middleware/Authenticate.php(44): Illuminate\\Pipeline\\Pipeline->{closure:{closure:Illuminate\\Pipeline\\Pipeline::carry():155}:156}(Object(Illuminate\\Http\\Request))
#25 /Users/minpyaesonenyein/projects/skincollection/vendor/laravel/framework/src/Illuminate/Pipeline/Pipeline.php(180): Illuminate\\Auth\\Middleware\\Authenticate->handle(Object(Illuminate\\Http\\Request), Object(Closure))
#26 /Users/minpyaesonenyein/projects/skincollection/vendor/laravel/framework/src/Illuminate/Foundation/Http/Middleware/VerifyCsrfToken.php(78): Illuminate\\Pipeline\\Pipeline->{closure:{closure:Illuminate\\Pipeline\\Pipeline::carry():155}:156}(Object(Illuminate\\Http\\Request))
#27 /Users/minpyaesonenyein/projects/skincollection/vendor/laravel/framework/src/Illuminate/Pipeline/Pipeline.php(180): Illuminate\\Foundation\\Http\\Middleware\\VerifyCsrfToken->handle(Object(Illuminate\\Http\\Request), Object(Closure))
#28 /Users/minpyaesonenyein/projects/skincollection/vendor/laravel/framework/src/Illuminate/View/Middleware/ShareErrorsFromSession.php(49): Illuminate\\Pipeline\\Pipeline->{closure:{closure:Illuminate\\Pipeline\\Pipeline::carry():155}:156}(Object(Illuminate\\Http\\Request))
#29 /Users/minpyaesonenyein/projects/skincollection/vendor/laravel/framework/src/Illuminate/Pipeline/Pipeline.php(180): Illuminate\\View\\Middleware\\ShareErrorsFromSession->handle(Object(Illuminate\\Http\\Request), Object(Closure))
#30 /Users/minpyaesonenyein/projects/skincollection/vendor/laravel/framework/src/Illuminate/Session/Middleware/StartSession.php(121): Illuminate\\Pipeline\\Pipeline->{closure:{closure:Illuminate\\Pipeline\\Pipeline::carry():155}:156}(Object(Illuminate\\Http\\Request))
#31 /Users/minpyaesonenyein/projects/skincollection/vendor/laravel/framework/src/Illuminate/Session/Middleware/StartSession.php(64): Illuminate\\Session\\Middleware\\StartSession->handleStatefulRequest(Object(Illuminate\\Http\\Request), Object(Illuminate\\Session\\Store), Object(Closure))
#32 /Users/minpyaesonenyein/projects/skincollection/vendor/laravel/framework/src/Illuminate/Pipeline/Pipeline.php(180): Illuminate\\Session\\Middleware\\StartSession->handle(Object(Illuminate\\Http\\Request), Object(Closure))
#33 /Users/minpyaesonenyein/projects/skincollection/vendor/laravel/framework/src/Illuminate/Cookie/Middleware/AddQueuedCookiesToResponse.php(37): Illuminate\\Pipeline\\Pipeline->{closure:{closure:Illuminate\\Pipeline\\Pipeline::carry():155}:156}(Object(Illuminate\\Http\\Request))
#34 /Users/minpyaesonenyein/projects/skincollection/vendor/laravel/framework/src/Illuminate/Pipeline/Pipeline.php(180): Illuminate\\Cookie\\Middleware\\AddQueuedCookiesToResponse->handle(Object(Illuminate\\Http\\Request), Object(Closure))
#35 /Users/minpyaesonenyein/projects/skincollection/vendor/laravel/framework/src/Illuminate/Cookie/Middleware/EncryptCookies.php(67): Illuminate\\Pipeline\\Pipeline->{closure:{closure:Illuminate\\Pipeline\\Pipeline::carry():155}:156}(Object(Illuminate\\Http\\Request))
#36 /Users/minpyaesonenyein/projects/skincollection/vendor/laravel/framework/src/Illuminate/Pipeline/Pipeline.php(180): Illuminate\\Cookie\\Middleware\\EncryptCookies->handle(Object(Illuminate\\Http\\Request), Object(Closure))
#37 /Users/minpyaesonenyein/projects/skincollection/vendor/laravel/framework/src/Illuminate/Pipeline/Pipeline.php(116): Illuminate\\Pipeline\\Pipeline->{closure:{closure:Illuminate\\Pipeline\\Pipeline::carry():155}:156}(Object(Illuminate\\Http\\Request))
#38 /Users/minpyaesonenyein/projects/skincollection/vendor/laravel/framework/src/Illuminate/Routing/Router.php(797): Illuminate\\Pipeline\\Pipeline->then(Object(Closure))
#39 /Users/minpyaesonenyein/projects/skincollection/vendor/laravel/framework/src/Illuminate/Routing/Router.php(776): Illuminate\\Routing\\Router->runRouteWithinStack(Object(Illuminate\\Routing\\Route), Object(Illuminate\\Http\\Request))
#40 /Users/minpyaesonenyein/projects/skincollection/vendor/laravel/framework/src/Illuminate/Routing/Router.php(740): Illuminate\\Routing\\Router->runRoute(Object(Illuminate\\Http\\Request), Object(Illuminate\\Routing\\Route))
#41 /Users/minpyaesonenyein/projects/skincollection/vendor/laravel/framework/src/Illuminate/Routing/Router.php(729): Illuminate\\Routing\\Router->dispatchToRoute(Object(Illuminate\\Http\\Request))
#42 /Users/minpyaesonenyein/projects/skincollection/vendor/laravel/framework/src/Illuminate/Foundation/Http/Kernel.php(190): Illuminate\\Routing\\Router->dispatch(Object(Illuminate\\Http\\Request))
#43 /Users/minpyaesonenyein/projects/skincollection/vendor/laravel/framework/src/Illuminate/Pipeline/Pipeline.php(141): Illuminate\\Foundation\\Http\\Kernel->{closure:Illuminate\\Foundation\\Http\\Kernel::dispatchToRouter():187}(Object(Illuminate\\Http\\Request))
#44 /Users/minpyaesonenyein/projects/skincollection/vendor/livewire/livewire/src/Features/SupportDisablingBackButtonCache/DisableBackButtonCacheMiddleware.php(19): Illuminate\\Pipeline\\Pipeline->{closure:Illuminate\\Pipeline\\Pipeline::prepareDestination():139}(Object(Illuminate\\Http\\Request))
#45 /Users/minpyaesonenyein/projects/skincollection/vendor/laravel/framework/src/Illuminate/Pipeline/Pipeline.php(180): Livewire\\Features\\SupportDisablingBackButtonCache\\DisableBackButtonCacheMiddleware->handle(Object(Illuminate\\Http\\Request), Object(Closure))
#46 /Users/minpyaesonenyein/projects/skincollection/vendor/laravel/framework/src/Illuminate/Foundation/Http/Middleware/TransformsRequest.php(21): Illuminate\\Pipeline\\Pipeline->{closure:{closure:Illuminate\\Pipeline\\Pipeline::carry():155}:156}(Object(Illuminate\\Http\\Request))
#47 /Users/minpyaesonenyein/projects/skincollection/vendor/laravel/framework/src/Illuminate/Foundation/Http/Middleware/ConvertEmptyStringsToNull.php(31): Illuminate\\Foundation\\Http\\Middleware\\TransformsRequest->handle(Object(Illuminate\\Http\\Request), Object(Closure))
#48 /Users/minpyaesonenyein/projects/skincollection/vendor/laravel/framework/src/Illuminate/Pipeline/Pipeline.php(180): Illuminate\\Foundation\\Http\\Middleware\\ConvertEmptyStringsToNull->handle(Object(Illuminate\\Http\\Request), Object(Closure))
#49 /Users/minpyaesonenyein/projects/skincollection/vendor/laravel/framework/src/Illuminate/Foundation/Http/Middleware/TransformsRequest.php(21): Illuminate\\Pipeline\\Pipeline->{closure:{closure:Illuminate\\Pipeline\\Pipeline::carry():155}:156}(Object(Illuminate\\Http\\Request))
#50 /Users/minpyaesonenyein/projects/skincollection/vendor/laravel/framework/src/Illuminate/Foundation/Http/Middleware/TrimStrings.php(40): Illuminate\\Foundation\\Http\\Middleware\\TransformsRequest->handle(Object(Illuminate\\Http\\Request), Object(Closure))
#51 /Users/minpyaesonenyein/projects/skincollection/vendor/laravel/framework/src/Illuminate/Pipeline/Pipeline.php(180): Illuminate\\Foundation\\Http\\Middleware\\TrimStrings->handle(Object(Illuminate\\Http\\Request), Object(Closure))
#52 /Users/minpyaesonenyein/projects/skincollection/vendor/laravel/framework/src/Illuminate/Foundation/Http/Middleware/ValidatePostSize.php(27): Illuminate\\Pipeline\\Pipeline->{closure:{closure:Illuminate\\Pipeline\\Pipeline::carry():155}:156}(Object(Illuminate\\Http\\Request))
#53 /Users/minpyaesonenyein/projects/skincollection/vendor/laravel/framework/src/Illuminate/Pipeline/Pipeline.php(180): Illuminate\\Foundation\\Http\\Middleware\\ValidatePostSize->handle(Object(Illuminate\\Http\\Request), Object(Closure))
#54 /Users/minpyaesonenyein/projects/skincollection/vendor/laravel/framework/src/Illuminate/Foundation/Http/Middleware/PreventRequestsDuringMaintenance.php(86): Illuminate\\Pipeline\\Pipeline->{closure:{closure:Illuminate\\Pipeline\\Pipeline::carry():155}:156}(Object(Illuminate\\Http\\Request))
#55 /Users/minpyaesonenyein/projects/skincollection/vendor/laravel/framework/src/Illuminate/Pipeline/Pipeline.php(180): Illuminate\\Foundation\\Http\\Middleware\\PreventRequestsDuringMaintenance->handle(Object(Illuminate\\Http\\Request), Object(Closure))
#56 /Users/minpyaesonenyein/projects/skincollection/vendor/fruitcake/laravel-cors/src/HandleCors.php(38): Illuminate\\Pipeline\\Pipeline->{closure:{closure:Illuminate\\Pipeline\\Pipeline::carry():155}:156}(Object(Illuminate\\Http\\Request))
#57 /Users/minpyaesonenyein/projects/skincollection/vendor/laravel/framework/src/Illuminate/Pipeline/Pipeline.php(180): Fruitcake\\Cors\\HandleCors->handle(Object(Illuminate\\Http\\Request), Object(Closure))
#58 /Users/minpyaesonenyein/projects/skincollection/vendor/laravel/framework/src/Illuminate/Http/Middleware/TrustProxies.php(39): Illuminate\\Pipeline\\Pipeline->{closure:{closure:Illuminate\\Pipeline\\Pipeline::carry():155}:156}(Object(Illuminate\\Http\\Request))
#59 /Users/minpyaesonenyein/projects/skincollection/vendor/laravel/framework/src/Illuminate/Pipeline/Pipeline.php(180): Illuminate\\Http\\Middleware\\TrustProxies->handle(Object(Illuminate\\Http\\Request), Object(Closure))
#60 /Users/minpyaesonenyein/projects/skincollection/vendor/laravel/framework/src/Illuminate/Pipeline/Pipeline.php(116): Illuminate\\Pipeline\\Pipeline->{closure:{closure:Illuminate\\Pipeline\\Pipeline::carry():155}:156}(Object(Illuminate\\Http\\Request))
#61 /Users/minpyaesonenyein/projects/skincollection/vendor/laravel/framework/src/Illuminate/Foundation/Http/Kernel.php(165): Illuminate\\Pipeline\\Pipeline->then(Object(Closure))
#62 /Users/minpyaesonenyein/projects/skincollection/vendor/laravel/framework/src/Illuminate/Foundation/Http/Kernel.php(134): Illuminate\\Foundation\\Http\\Kernel->sendRequestThroughRouter(Object(Illuminate\\Http\\Request))
#63 /Users/minpyaesonenyein/projects/skincollection/public/index.php(51): Illuminate\\Foundation\\Http\\Kernel->handle(Object(Illuminate\\Http\\Request))
#64 /Users/minpyaesonenyein/projects/skincollection/server.php(21): require_once('/Users/minpyaes...')
#65 {main}
"} 
[2025-12-14 03:55:06] local.ERROR: Livewire only supports one HTML element per component. Multiple root elements detected for component: [appointments-calendar] {"userId":1,"exception":"[object] (Livewire\\Features\\SupportMultipleRootElementDetection\\MultipleRootElementsDetectedException(code: 0): Livewire only supports one HTML element per component. Multiple root elements detected for component: [appointments-calendar] at /Users/minpyaesonenyein/projects/skincollection/vendor/livewire/livewire/src/Features/SupportMultipleRootElementDetection/SupportMultipleRootElementDetection.php:27)
[stacktrace]
#0 /Users/minpyaesonenyein/projects/skincollection/vendor/livewire/livewire/src/Features/SupportMultipleRootElementDetection/SupportMultipleRootElementDetection.php(16): Livewire\\Features\\SupportMultipleRootElementDetection\\SupportMultipleRootElementDetection->warnAgainstMoreThanOneRootElement(Object(App\\Http\\Livewire\\AppointmentsCalendar), '<div wire:snaps...')
#1 /Users/minpyaesonenyein/projects/skincollection/vendor/livewire/livewire/src/EventBus.php(73): Livewire\\Features\\SupportMultipleRootElementDetection\\SupportMultipleRootElementDetection::{closure:{closure:Livewire\\Features\\SupportMultipleRootElementDetection\\SupportMultipleRootElementDetection::provide():12}:15}('<div wire:snaps...', Array)
#2 /Users/minpyaesonenyein/projects/skincollection/vendor/livewire/livewire/src/Mechanisms/HandleComponents/HandleComponents.php(77): Livewire\\EventBus->{closure:Livewire\\EventBus::trigger():67}('<div wire:snaps...', Array)
#3 /Users/minpyaesonenyein/projects/skincollection/vendor/livewire/livewire/src/LivewireManager.php(72): Livewire\\Mechanisms\\HandleComponents\\HandleComponents->mount('appointments-ca...', Array, 'SnV2rmC')
#4 /Users/minpyaesonenyein/projects/skincollection/storage/framework/views/01cd010ee0f679e92f58eebb2d3cef1ce50dd9fd.php(19): Livewire\\LivewireManager->mount('appointments-ca...', Array, 'SnV2rmC', Array, Array)
#5 /Users/minpyaesonenyein/projects/skincollection/vendor/laravel/framework/src/Illuminate/Filesystem/Filesystem.php(109): require('/Users/minpyaes...')
#6 /Users/minpyaesonenyein/projects/skincollection/vendor/laravel/framework/src/Illuminate/Filesystem/Filesystem.php(110): Illuminate\\Filesystem\\Filesystem::{closure:Illuminate\\Filesystem\\Filesystem::getRequire():106}()
#7 /Users/minpyaesonenyein/projects/skincollection/vendor/laravel/framework/src/Illuminate/View/Engines/PhpEngine.php(58): Illuminate\\Filesystem\\Filesystem->getRequire('/Users/minpyaes...', Array)
#8 /Users/minpyaesonenyein/projects/skincollection/vendor/livewire/livewire/src/Mechanisms/ExtendBlade/ExtendedCompilerEngine.php(22): Illuminate\\View\\Engines\\PhpEngine->evaluatePath('/Users/minpyaes...', Array)
#9 /Users/minpyaesonenyein/projects/skincollection/vendor/laravel/framework/src/Illuminate/View/Engines/CompilerEngine.php(70): Livewire\\Mechanisms\\ExtendBlade\\ExtendedCompilerEngine->evaluatePath('/Users/minpyaes...', Array)
#10 /Users/minpyaesonenyein/projects/skincollection/vendor/livewire/livewire/src/Mechanisms/ExtendBlade/ExtendedCompilerEngine.php(10): Illuminate\\View\\Engines\\CompilerEngine->get('/Users/minpyaes...', Array)
#11 /Users/minpyaesonenyein/projects/skincollection/vendor/laravel/framework/src/Illuminate/View/View.php(195): Livewire\\Mechanisms\\ExtendBlade\\ExtendedCompilerEngine->get('/Users/minpyaes...', Array)
#12 /Users/minpyaesonenyein/projects/skincollection/vendor/laravel/framework/src/Illuminate/View/View.php(178): Illuminate\\View\\View->getContents()
#13 /Users/minpyaesonenyein/projects/skincollection/vendor/laravel/framework/src/Illuminate/View/View.php(147): Illuminate\\View\\View->renderContents()
#14 /Users/minpyaesonenyein/projects/skincollection/vendor/laravel/framework/src/Illuminate/Http/Response.php(69): Illuminate\\View\\View->render()
#15 /Users/minpyaesonenyein/projects/skincollection/vendor/laravel/framework/src/Illuminate/Http/Response.php(35): Illuminate\\Http\\Response->setContent(Object(Illuminate\\View\\View))
#16 /Users/minpyaesonenyein/projects/skincollection/vendor/laravel/framework/src/Illuminate/Routing/Router.php(906): Illuminate\\Http\\Response->__construct(Object(Illuminate\\View\\View), 200, Array)
#17 /Users/minpyaesonenyein/projects/skincollection/vendor/laravel/framework/src/Illuminate/Routing/Router.php(875): Illuminate\\Routing\\Router::toResponse(Object(Illuminate\\Http\\Request), Object(Illuminate\\View\\View))
#18 /Users/minpyaesonenyein/projects/skincollection/vendor/laravel/framework/src/Illuminate/Routing/Router.php(797): Illuminate\\Routing\\Router->prepareResponse(Object(Illuminate\\Http\\Request), Object(Illuminate\\View\\View))
#19 /Users/minpyaesonenyein/projects/skincollection/vendor/laravel/framework/src/Illuminate/Pipeline/Pipeline.php(141): Illuminate\\Routing\\Router->{closure:Illuminate\\Routing\\Router::runRouteWithinStack():797}(Object(Illuminate\\Http\\Request))
#20 /Users/minpyaesonenyein/projects/skincollection/app/Http/Middleware/EnsureClinicContext.php(34): Illuminate\\Pipeline\\Pipeline->{closure:Illuminate\\Pipeline\\Pipeline::prepareDestination():139}(Object(Illuminate\\Http\\Request))
#21 /Users/minpyaesonenyein/projects/skincollection/vendor/laravel/framework/src/Illuminate/Pipeline/Pipeline.php(180): App\\Http\\Middleware\\EnsureClinicContext->handle(Object(Illuminate\\Http\\Request), Object(Closure))
#22 /Users/minpyaesonenyein/projects/skincollection/vendor/laravel/framework/src/Illuminate/Routing/Middleware/SubstituteBindings.php(50): Illuminate\\Pipeline\\Pipeline->{closure:{closure:Illuminate\\Pipeline\\Pipeline::carry():155}:156}(Object(Illuminate\\Http\\Request))
#23 /Users/minpyaesonenyein/projects/skincollection/vendor/laravel/framework/src/Illuminate/Pipeline/Pipeline.php(180): Illuminate\\Routing\\Middleware\\SubstituteBindings->handle(Object(Illuminate\\Http\\Request), Object(Closure))
#24 /Users/minpyaesonenyein/projects/skincollection/vendor/laravel/framework/src/Illuminate/Auth/Middleware/Authenticate.php(44): Illuminate\\Pipeline\\Pipeline->{closure:{closure:Illuminate\\Pipeline\\Pipeline::carry():155}:156}(Object(Illuminate\\Http\\Request))
#25 /Users/minpyaesonenyein/projects/skincollection/vendor/laravel/framework/src/Illuminate/Pipeline/Pipeline.php(180): Illuminate\\Auth\\Middleware\\Authenticate->handle(Object(Illuminate\\Http\\Request), Object(Closure))
#26 /Users/minpyaesonenyein/projects/skincollection/vendor/laravel/framework/src/Illuminate/Foundation/Http/Middleware/VerifyCsrfToken.php(78): Illuminate\\Pipeline\\Pipeline->{closure:{closure:Illuminate\\Pipeline\\Pipeline::carry():155}:156}(Object(Illuminate\\Http\\Request))
#27 /Users/minpyaesonenyein/projects/skincollection/vendor/laravel/framework/src/Illuminate/Pipeline/Pipeline.php(180): Illuminate\\Foundation\\Http\\Middleware\\VerifyCsrfToken->handle(Object(Illuminate\\Http\\Request), Object(Closure))
#28 /Users/minpyaesonenyein/projects/skincollection/vendor/laravel/framework/src/Illuminate/View/Middleware/ShareErrorsFromSession.php(49): Illuminate\\Pipeline\\Pipeline->{closure:{closure:Illuminate\\Pipeline\\Pipeline::carry():155}:156}(Object(Illuminate\\Http\\Request))
#29 /Users/minpyaesonenyein/projects/skincollection/vendor/laravel/framework/src/Illuminate/Pipeline/Pipeline.php(180): Illuminate\\View\\Middleware\\ShareErrorsFromSession->handle(Object(Illuminate\\Http\\Request), Object(Closure))
#30 /Users/minpyaesonenyein/projects/skincollection/vendor/laravel/framework/src/Illuminate/Session/Middleware/StartSession.php(121): Illuminate\\Pipeline\\Pipeline->{closure:{closure:Illuminate\\Pipeline\\Pipeline::carry():155}:156}(Object(Illuminate\\Http\\Request))
#31 /Users/minpyaesonenyein/projects/skincollection/vendor/laravel/framework/src/Illuminate/Session/Middleware/StartSession.php(64): Illuminate\\Session\\Middleware\\StartSession->handleStatefulRequest(Object(Illuminate\\Http\\Request), Object(Illuminate\\Session\\Store), Object(Closure))
#32 /Users/minpyaesonenyein/projects/skincollection/vendor/laravel/framework/src/Illuminate/Pipeline/Pipeline.php(180): Illuminate\\Session\\Middleware\\StartSession->handle(Object(Illuminate\\Http\\Request), Object(Closure))
#33 /Users/minpyaesonenyein/projects/skincollection/vendor/laravel/framework/src/Illuminate/Cookie/Middleware/AddQueuedCookiesToResponse.php(37): Illuminate\\Pipeline\\Pipeline->{closure:{closure:Illuminate\\Pipeline\\Pipeline::carry():155}:156}(Object(Illuminate\\Http\\Request))
#34 /Users/minpyaesonenyein/projects/skincollection/vendor/laravel/framework/src/Illuminate/Pipeline/Pipeline.php(180): Illuminate\\Cookie\\Middleware\\AddQueuedCookiesToResponse->handle(Object(Illuminate\\Http\\Request), Object(Closure))
#35 /Users/minpyaesonenyein/projects/skincollection/vendor/laravel/framework/src/Illuminate/Cookie/Middleware/EncryptCookies.php(67): Illuminate\\Pipeline\\Pipeline->{closure:{closure:Illuminate\\Pipeline\\Pipeline::carry():155}:156}(Object(Illuminate\\Http\\Request))
#36 /Users/minpyaesonenyein/projects/skincollection/vendor/laravel/framework/src/Illuminate/Pipeline/Pipeline.php(180): Illuminate\\Cookie\\Middleware\\EncryptCookies->handle(Object(Illuminate\\Http\\Request), Object(Closure))
#37 /Users/minpyaesonenyein/projects/skincollection/vendor/laravel/framework/src/Illuminate/Pipeline/Pipeline.php(116): Illuminate\\Pipeline\\Pipeline->{closure:{closure:Illuminate\\Pipeline\\Pipeline::carry():155}:156}(Object(Illuminate\\Http\\Request))
#38 /Users/minpyaesonenyein/projects/skincollection/vendor/laravel/framework/src/Illuminate/Routing/Router.php(797): Illuminate\\Pipeline\\Pipeline->then(Object(Closure))
#39 /Users/minpyaesonenyein/projects/skincollection/vendor/laravel/framework/src/Illuminate/Routing/Router.php(776): Illuminate\\Routing\\Router->runRouteWithinStack(Object(Illuminate\\Routing\\Route), Object(Illuminate\\Http\\Request))
#40 /Users/minpyaesonenyein/projects/skincollection/vendor/laravel/framework/src/Illuminate/Routing/Router.php(740): Illuminate\\Routing\\Router->runRoute(Object(Illuminate\\Http\\Request), Object(Illuminate\\Routing\\Route))
#41 /Users/minpyaesonenyein/projects/skincollection/vendor/laravel/framework/src/Illuminate/Routing/Router.php(729): Illuminate\\Routing\\Router->dispatchToRoute(Object(Illuminate\\Http\\Request))
#42 /Users/minpyaesonenyein/projects/skincollection/vendor/laravel/framework/src/Illuminate/Foundation/Http/Kernel.php(190): Illuminate\\Routing\\Router->dispatch(Object(Illuminate\\Http\\Request))
#43 /Users/minpyaesonenyein/projects/skincollection/vendor/laravel/framework/src/Illuminate/Pipeline/Pipeline.php(141): Illuminate\\Foundation\\Http\\Kernel->{closure:Illuminate\\Foundation\\Http\\Kernel::dispatchToRouter():187}(Object(Illuminate\\Http\\Request))
#44 /Users/minpyaesonenyein/projects/skincollection/vendor/livewire/livewire/src/Features/SupportDisablingBackButtonCache/DisableBackButtonCacheMiddleware.php(19): Illuminate\\Pipeline\\Pipeline->{closure:Illuminate\\Pipeline\\Pipeline::prepareDestination():139}(Object(Illuminate\\Http\\Request))
#45 /Users/minpyaesonenyein/projects/skincollection/vendor/laravel/framework/src/Illuminate/Pipeline/Pipeline.php(180): Livewire\\Features\\SupportDisablingBackButtonCache\\DisableBackButtonCacheMiddleware->handle(Object(Illuminate\\Http\\Request), Object(Closure))
#46 /Users/minpyaesonenyein/projects/skincollection/vendor/laravel/framework/src/Illuminate/Foundation/Http/Middleware/TransformsRequest.php(21): Illuminate\\Pipeline\\Pipeline->{closure:{closure:Illuminate\\Pipeline\\Pipeline::carry():155}:156}(Object(Illuminate\\Http\\Request))
#47 /Users/minpyaesonenyein/projects/skincollection/vendor/laravel/framework/src/Illuminate/Foundation/Http/Middleware/ConvertEmptyStringsToNull.php(31): Illuminate\\Foundation\\Http\\Middleware\\TransformsRequest->handle(Object(Illuminate\\Http\\Request), Object(Closure))
#48 /Users/minpyaesonenyein/projects/skincollection/vendor/laravel/framework/src/Illuminate/Pipeline/Pipeline.php(180): Illuminate\\Foundation\\Http\\Middleware\\ConvertEmptyStringsToNull->handle(Object(Illuminate\\Http\\Request), Object(Closure))
#49 /Users/minpyaesonenyein/projects/skincollection/vendor/laravel/framework/src/Illuminate/Foundation/Http/Middleware/TransformsRequest.php(21): Illuminate\\Pipeline\\Pipeline->{closure:{closure:Illuminate\\Pipeline\\Pipeline::carry():155}:156}(Object(Illuminate\\Http\\Request))
#50 /Users/minpyaesonenyein/projects/skincollection/vendor/laravel/framework/src/Illuminate/Foundation/Http/Middleware/TrimStrings.php(40): Illuminate\\Foundation\\Http\\Middleware\\TransformsRequest->handle(Object(Illuminate\\Http\\Request), Object(Closure))
#51 /Users/minpyaesonenyein/projects/skincollection/vendor/laravel/framework/src/Illuminate/Pipeline/Pipeline.php(180): Illuminate\\Foundation\\Http\\Middleware\\TrimStrings->handle(Object(Illuminate\\Http\\Request), Object(Closure))
#52 /Users/minpyaesonenyein/projects/skincollection/vendor/laravel/framework/src/Illuminate/Foundation/Http/Middleware/ValidatePostSize.php(27): Illuminate\\Pipeline\\Pipeline->{closure:{closure:Illuminate\\Pipeline\\Pipeline::carry():155}:156}(Object(Illuminate\\Http\\Request))
#53 /Users/minpyaesonenyein/projects/skincollection/vendor/laravel/framework/src/Illuminate/Pipeline/Pipeline.php(180): Illuminate\\Foundation\\Http\\Middleware\\ValidatePostSize->handle(Object(Illuminate\\Http\\Request), Object(Closure))
#54 /Users/minpyaesonenyein/projects/skincollection/vendor/laravel/framework/src/Illuminate/Foundation/Http/Middleware/PreventRequestsDuringMaintenance.php(86): Illuminate\\Pipeline\\Pipeline->{closure:{closure:Illuminate\\Pipeline\\Pipeline::carry():155}:156}(Object(Illuminate\\Http\\Request))
#55 /Users/minpyaesonenyein/projects/skincollection/vendor/laravel/framework/src/Illuminate/Pipeline/Pipeline.php(180): Illuminate\\Foundation\\Http\\Middleware\\PreventRequestsDuringMaintenance->handle(Object(Illuminate\\Http\\Request), Object(Closure))
#56 /Users/minpyaesonenyein/projects/skincollection/vendor/fruitcake/laravel-cors/src/HandleCors.php(38): Illuminate\\Pipeline\\Pipeline->{closure:{closure:Illuminate\\Pipeline\\Pipeline::carry():155}:156}(Object(Illuminate\\Http\\Request))
#57 /Users/minpyaesonenyein/projects/skincollection/vendor/laravel/framework/src/Illuminate/Pipeline/Pipeline.php(180): Fruitcake\\Cors\\HandleCors->handle(Object(Illuminate\\Http\\Request), Object(Closure))
#58 /Users/minpyaesonenyein/projects/skincollection/vendor/laravel/framework/src/Illuminate/Http/Middleware/TrustProxies.php(39): Illuminate\\Pipeline\\Pipeline->{closure:{closure:Illuminate\\Pipeline\\Pipeline::carry():155}:156}(Object(Illuminate\\Http\\Request))
#59 /Users/minpyaesonenyein/projects/skincollection/vendor/laravel/framework/src/Illuminate/Pipeline/Pipeline.php(180): Illuminate\\Http\\Middleware\\TrustProxies->handle(Object(Illuminate\\Http\\Request), Object(Closure))
#60 /Users/minpyaesonenyein/projects/skincollection/vendor/laravel/framework/src/Illuminate/Pipeline/Pipeline.php(116): Illuminate\\Pipeline\\Pipeline->{closure:{closure:Illuminate\\Pipeline\\Pipeline::carry():155}:156}(Object(Illuminate\\Http\\Request))
#61 /Users/minpyaesonenyein/projects/skincollection/vendor/laravel/framework/src/Illuminate/Foundation/Http/Kernel.php(165): Illuminate\\Pipeline\\Pipeline->then(Object(Closure))
#62 /Users/minpyaesonenyein/projects/skincollection/vendor/laravel/framework/src/Illuminate/Foundation/Http/Kernel.php(134): Illuminate\\Foundation\\Http\\Kernel->sendRequestThroughRouter(Object(Illuminate\\Http\\Request))
#63 /Users/minpyaesonenyein/projects/skincollection/public/index.php(51): Illuminate\\Foundation\\Http\\Kernel->handle(Object(Illuminate\\Http\\Request))
#64 /Users/minpyaesonenyein/projects/skincollection/server.php(21): require_once('/Users/minpyaes...')
#65 {main}
"} 
[2025-12-14 05:26:03] local.INFO: [clinic-switcher] updatedClinicId called {"value":"1"} 
[2025-12-14 05:26:03] local.ERROR: Method App\Http\Livewire\ClinicSwitcher::emitTo does not exist. {"userId":1,"exception":"[object] (BadMethodCallException(code: 0): Method App\\Http\\Livewire\\ClinicSwitcher::emitTo does not exist. at /Users/minpyaesonenyein/projects/skincollection/vendor/livewire/livewire/src/Component.php:138)
[stacktrace]
#0 /Users/minpyaesonenyein/projects/skincollection/app/Http/Livewire/ClinicSwitcher.php(62): Livewire\\Component->__call('emitTo', Array)
#1 /Users/minpyaesonenyein/projects/skincollection/vendor/laravel/framework/src/Illuminate/Container/BoundMethod.php(36): App\\Http\\Livewire\\ClinicSwitcher->updatedClinicId('1', NULL)
#2 /Users/minpyaesonenyein/projects/skincollection/vendor/laravel/framework/src/Illuminate/Container/Util.php(41): Illuminate\\Container\\BoundMethod::{closure:Illuminate\\Container\\BoundMethod::call():35}()
#3 /Users/minpyaesonenyein/projects/skincollection/vendor/laravel/framework/src/Illuminate/Container/BoundMethod.php(93): Illuminate\\Container\\Util::unwrapIfClosure(Object(Closure))
#4 /Users/minpyaesonenyein/projects/skincollection/vendor/laravel/framework/src/Illuminate/Container/BoundMethod.php(35): Illuminate\\Container\\BoundMethod::callBoundMethod(Object(Illuminate\\Foundation\\Application), Array, Object(Closure))
#5 /Users/minpyaesonenyein/projects/skincollection/vendor/livewire/livewire/src/Wrapped.php(23): Illuminate\\Container\\BoundMethod::call(Object(Illuminate\\Foundation\\Application), Array, Array)
#6 /Users/minpyaesonenyein/projects/skincollection/vendor/livewire/livewire/src/Features/SupportLifecycleHooks/SupportLifecycleHooks.php(123): Livewire\\Wrapped->__call('updatedClinicId', Array)
#7 /Users/minpyaesonenyein/projects/skincollection/vendor/livewire/livewire/src/Features/SupportLifecycleHooks/SupportLifecycleHooks.php(78): Livewire\\Features\\SupportLifecycleHooks\\SupportLifecycleHooks->callHook('updatedClinicId', Array)
#8 /Users/minpyaesonenyein/projects/skincollection/vendor/livewire/livewire/src/ComponentHook.php(33): Livewire\\Features\\SupportLifecycleHooks\\SupportLifecycleHooks->{closure:Livewire\\Features\\SupportLifecycleHooks\\SupportLifecycleHooks::update():74}(NULL)
#9 /Users/minpyaesonenyein/projects/skincollection/vendor/livewire/livewire/src/ComponentHookRegistry.php(100): Livewire\\ComponentHook->{closure:Livewire\\ComponentHook::callUpdate():31}(NULL)
#10 /Users/minpyaesonenyein/projects/skincollection/vendor/livewire/livewire/src/EventBus.php(73): Livewire\\ComponentHookRegistry::{closure:{closure:Livewire\\ComponentHookRegistry::proxyCallToHooks():91}:98}(NULL)
#11 /Users/minpyaesonenyein/projects/skincollection/vendor/livewire/livewire/src/Mechanisms/HandleComponents/HandleComponents.php(312): Livewire\\EventBus->{closure:Livewire\\EventBus::trigger():67}()
#12 /Users/minpyaesonenyein/projects/skincollection/vendor/livewire/livewire/src/Mechanisms/HandleComponents/HandleComponents.php(290): Livewire\\Mechanisms\\HandleComponents\\HandleComponents->updateProperty(Object(App\\Http\\Livewire\\ClinicSwitcher), 'clinicId', '1', Object(Livewire\\Mechanisms\\HandleComponents\\ComponentContext))
#13 /Users/minpyaesonenyein/projects/skincollection/vendor/livewire/livewire/src/Mechanisms/HandleComponents/HandleComponents.php(103): Livewire\\Mechanisms\\HandleComponents\\HandleComponents->updateProperties(Object(App\\Http\\Livewire\\ClinicSwitcher), Array, Array, Object(Livewire\\Mechanisms\\HandleComponents\\ComponentContext))
#14 /Users/minpyaesonenyein/projects/skincollection/vendor/livewire/livewire/src/LivewireManager.php(96): Livewire\\Mechanisms\\HandleComponents\\HandleComponents->update(Array, Array, Array)
#15 /Users/minpyaesonenyein/projects/skincollection/vendor/livewire/livewire/src/Mechanisms/HandleRequests/HandleRequests.php(85): Livewire\\LivewireManager->update(Array, Array, Array)
#16 /Users/minpyaesonenyein/projects/skincollection/vendor/laravel/framework/src/Illuminate/Routing/ControllerDispatcher.php(46): Livewire\\Mechanisms\\HandleRequests\\HandleRequests->handleUpdate()
#17 /Users/minpyaesonenyein/projects/skincollection/vendor/laravel/framework/src/Illuminate/Routing/Route.php(259): Illuminate\\Routing\\ControllerDispatcher->dispatch(Object(Illuminate\\Routing\\Route), Object(Livewire\\Mechanisms\\HandleRequests\\HandleRequests), 'handleUpdate')
#18 /Users/minpyaesonenyein/projects/skincollection/vendor/laravel/framework/src/Illuminate/Routing/Route.php(205): Illuminate\\Routing\\Route->runController()
#19 /Users/minpyaesonenyein/projects/skincollection/vendor/laravel/framework/src/Illuminate/Routing/Router.php(798): Illuminate\\Routing\\Route->run()
#20 /Users/minpyaesonenyein/projects/skincollection/vendor/laravel/framework/src/Illuminate/Pipeline/Pipeline.php(141): Illuminate\\Routing\\Router->{closure:Illuminate\\Routing\\Router::runRouteWithinStack():797}(Object(Illuminate\\Http\\Request))
#21 /Users/minpyaesonenyein/projects/skincollection/vendor/laravel/framework/src/Illuminate/Routing/Middleware/SubstituteBindings.php(50): Illuminate\\Pipeline\\Pipeline->{closure:Illuminate\\Pipeline\\Pipeline::prepareDestination():139}(Object(Illuminate\\Http\\Request))
#22 /Users/minpyaesonenyein/projects/skincollection/vendor/laravel/framework/src/Illuminate/Pipeline/Pipeline.php(180): Illuminate\\Routing\\Middleware\\SubstituteBindings->handle(Object(Illuminate\\Http\\Request), Object(Closure))
#23 /Users/minpyaesonenyein/projects/skincollection/vendor/laravel/framework/src/Illuminate/Foundation/Http/Middleware/VerifyCsrfToken.php(78): Illuminate\\Pipeline\\Pipeline->{closure:{closure:Illuminate\\Pipeline\\Pipeline::carry():155}:156}(Object(Illuminate\\Http\\Request))
#24 /Users/minpyaesonenyein/projects/skincollection/vendor/laravel/framework/src/Illuminate/Pipeline/Pipeline.php(180): Illuminate\\Foundation\\Http\\Middleware\\VerifyCsrfToken->handle(Object(Illuminate\\Http\\Request), Object(Closure))
#25 /Users/minpyaesonenyein/projects/skincollection/vendor/laravel/framework/src/Illuminate/View/Middleware/ShareErrorsFromSession.php(49): Illuminate\\Pipeline\\Pipeline->{closure:{closure:Illuminate\\Pipeline\\Pipeline::carry():155}:156}(Object(Illuminate\\Http\\Request))
#26 /Users/minpyaesonenyein/projects/skincollection/vendor/laravel/framework/src/Illuminate/Pipeline/Pipeline.php(180): Illuminate\\View\\Middleware\\ShareErrorsFromSession->handle(Object(Illuminate\\Http\\Request), Object(Closure))
#27 /Users/minpyaesonenyein/projects/skincollection/vendor/laravel/framework/src/Illuminate/Session/Middleware/StartSession.php(121): Illuminate\\Pipeline\\Pipeline->{closure:{closure:Illuminate\\Pipeline\\Pipeline::carry():155}:156}(Object(Illuminate\\Http\\Request))
#28 /Users/minpyaesonenyein/projects/skincollection/vendor/laravel/framework/src/Illuminate/Session/Middleware/StartSession.php(64): Illuminate\\Session\\Middleware\\StartSession->handleStatefulRequest(Object(Illuminate\\Http\\Request), Object(Illuminate\\Session\\Store), Object(Closure))
#29 /Users/minpyaesonenyein/projects/skincollection/vendor/laravel/framework/src/Illuminate/Pipeline/Pipeline.php(180): Illuminate\\Session\\Middleware\\StartSession->handle(Object(Illuminate\\Http\\Request), Object(Closure))
#30 /Users/minpyaesonenyein/projects/skincollection/vendor/laravel/framework/src/Illuminate/Cookie/Middleware/AddQueuedCookiesToResponse.php(37): Illuminate\\Pipeline\\Pipeline->{closure:{closure:Illuminate\\Pipeline\\Pipeline::carry():155}:156}(Object(Illuminate\\Http\\Request))
#31 /Users/minpyaesonenyein/projects/skincollection/vendor/laravel/framework/src/Illuminate/Pipeline/Pipeline.php(180): Illuminate\\Cookie\\Middleware\\AddQueuedCookiesToResponse->handle(Object(Illuminate\\Http\\Request), Object(Closure))
#32 /Users/minpyaesonenyein/projects/skincollection/vendor/laravel/framework/src/Illuminate/Cookie/Middleware/EncryptCookies.php(67): Illuminate\\Pipeline\\Pipeline->{closure:{closure:Illuminate\\Pipeline\\Pipeline::carry():155}:156}(Object(Illuminate\\Http\\Request))
#33 /Users/minpyaesonenyein/projects/skincollection/vendor/laravel/framework/src/Illuminate/Pipeline/Pipeline.php(180): Illuminate\\Cookie\\Middleware\\EncryptCookies->handle(Object(Illuminate\\Http\\Request), Object(Closure))
#34 /Users/minpyaesonenyein/projects/skincollection/vendor/laravel/framework/src/Illuminate/Pipeline/Pipeline.php(116): Illuminate\\Pipeline\\Pipeline->{closure:{closure:Illuminate\\Pipeline\\Pipeline::carry():155}:156}(Object(Illuminate\\Http\\Request))
#35 /Users/minpyaesonenyein/projects/skincollection/vendor/laravel/framework/src/Illuminate/Routing/Router.php(797): Illuminate\\Pipeline\\Pipeline->then(Object(Closure))
#36 /Users/minpyaesonenyein/projects/skincollection/vendor/laravel/framework/src/Illuminate/Routing/Router.php(776): Illuminate\\Routing\\Router->runRouteWithinStack(Object(Illuminate\\Routing\\Route), Object(Illuminate\\Http\\Request))
#37 /Users/minpyaesonenyein/projects/skincollection/vendor/laravel/framework/src/Illuminate/Routing/Router.php(740): Illuminate\\Routing\\Router->runRoute(Object(Illuminate\\Http\\Request), Object(Illuminate\\Routing\\Route))
#38 /Users/minpyaesonenyein/projects/skincollection/vendor/laravel/framework/src/Illuminate/Routing/Router.php(729): Illuminate\\Routing\\Router->dispatchToRoute(Object(Illuminate\\Http\\Request))
#39 /Users/minpyaesonenyein/projects/skincollection/vendor/laravel/framework/src/Illuminate/Foundation/Http/Kernel.php(190): Illuminate\\Routing\\Router->dispatch(Object(Illuminate\\Http\\Request))
#40 /Users/minpyaesonenyein/projects/skincollection/vendor/laravel/framework/src/Illuminate/Pipeline/Pipeline.php(141): Illuminate\\Foundation\\Http\\Kernel->{closure:Illuminate\\Foundation\\Http\\Kernel::dispatchToRouter():187}(Object(Illuminate\\Http\\Request))
#41 /Users/minpyaesonenyein/projects/skincollection/vendor/livewire/livewire/src/Features/SupportDisablingBackButtonCache/DisableBackButtonCacheMiddleware.php(19): Illuminate\\Pipeline\\Pipeline->{closure:Illuminate\\Pipeline\\Pipeline::prepareDestination():139}(Object(Illuminate\\Http\\Request))
#42 /Users/minpyaesonenyein/projects/skincollection/vendor/laravel/framework/src/Illuminate/Pipeline/Pipeline.php(180): Livewire\\Features\\SupportDisablingBackButtonCache\\DisableBackButtonCacheMiddleware->handle(Object(Illuminate\\Http\\Request), Object(Closure))
#43 /Users/minpyaesonenyein/projects/skincollection/vendor/laravel/framework/src/Illuminate/Foundation/Http/Middleware/ConvertEmptyStringsToNull.php(27): Illuminate\\Pipeline\\Pipeline->{closure:{closure:Illuminate\\Pipeline\\Pipeline::carry():155}:156}(Object(Illuminate\\Http\\Request))
#44 /Users/minpyaesonenyein/projects/skincollection/vendor/laravel/framework/src/Illuminate/Pipeline/Pipeline.php(180): Illuminate\\Foundation\\Http\\Middleware\\ConvertEmptyStringsToNull->handle(Object(Illuminate\\Http\\Request), Object(Closure))
#45 /Users/minpyaesonenyein/projects/skincollection/vendor/laravel/framework/src/Illuminate/Foundation/Http/Middleware/TrimStrings.php(36): Illuminate\\Pipeline\\Pipeline->{closure:{closure:Illuminate\\Pipeline\\Pipeline::carry():155}:156}(Object(Illuminate\\Http\\Request))
#46 /Users/minpyaesonenyein/projects/skincollection/vendor/laravel/framework/src/Illuminate/Pipeline/Pipeline.php(180): Illuminate\\Foundation\\Http\\Middleware\\TrimStrings->handle(Object(Illuminate\\Http\\Request), Object(Closure))
#47 /Users/minpyaesonenyein/projects/skincollection/vendor/laravel/framework/src/Illuminate/Foundation/Http/Middleware/ValidatePostSize.php(27): Illuminate\\Pipeline\\Pipeline->{closure:{closure:Illuminate\\Pipeline\\Pipeline::carry():155}:156}(Object(Illuminate\\Http\\Request))
#48 /Users/minpyaesonenyein/projects/skincollection/vendor/laravel/framework/src/Illuminate/Pipeline/Pipeline.php(180): Illuminate\\Foundation\\Http\\Middleware\\ValidatePostSize->handle(Object(Illuminate\\Http\\Request), Object(Closure))
#49 /Users/minpyaesonenyein/projects/skincollection/vendor/laravel/framework/src/Illuminate/Foundation/Http/Middleware/PreventRequestsDuringMaintenance.php(86): Illuminate\\Pipeline\\Pipeline->{closure:{closure:Illuminate\\Pipeline\\Pipeline::carry():155}:156}(Object(Illuminate\\Http\\Request))
#50 /Users/minpyaesonenyein/projects/skincollection/vendor/laravel/framework/src/Illuminate/Pipeline/Pipeline.php(180): Illuminate\\Foundation\\Http\\Middleware\\PreventRequestsDuringMaintenance->handle(Object(Illuminate\\Http\\Request), Object(Closure))
#51 /Users/minpyaesonenyein/projects/skincollection/vendor/fruitcake/laravel-cors/src/HandleCors.php(38): Illuminate\\Pipeline\\Pipeline->{closure:{closure:Illuminate\\Pipeline\\Pipeline::carry():155}:156}(Object(Illuminate\\Http\\Request))
#52 /Users/minpyaesonenyein/projects/skincollection/vendor/laravel/framework/src/Illuminate/Pipeline/Pipeline.php(180): Fruitcake\\Cors\\HandleCors->handle(Object(Illuminate\\Http\\Request), Object(Closure))
#53 /Users/minpyaesonenyein/projects/skincollection/vendor/laravel/framework/src/Illuminate/Http/Middleware/TrustProxies.php(39): Illuminate\\Pipeline\\Pipeline->{closure:{closure:Illuminate\\Pipeline\\Pipeline::carry():155}:156}(Object(Illuminate\\Http\\Request))
#54 /Users/minpyaesonenyein/projects/skincollection/vendor/laravel/framework/src/Illuminate/Pipeline/Pipeline.php(180): Illuminate\\Http\\Middleware\\TrustProxies->handle(Object(Illuminate\\Http\\Request), Object(Closure))
#55 /Users/minpyaesonenyein/projects/skincollection/vendor/laravel/framework/src/Illuminate/Pipeline/Pipeline.php(116): Illuminate\\Pipeline\\Pipeline->{closure:{closure:Illuminate\\Pipeline\\Pipeline::carry():155}:156}(Object(Illuminate\\Http\\Request))
#56 /Users/minpyaesonenyein/projects/skincollection/vendor/laravel/framework/src/Illuminate/Foundation/Http/Kernel.php(165): Illuminate\\Pipeline\\Pipeline->then(Object(Closure))
#57 /Users/minpyaesonenyein/projects/skincollection/vendor/laravel/framework/src/Illuminate/Foundation/Http/Kernel.php(134): Illuminate\\Foundation\\Http\\Kernel->sendRequestThroughRouter(Object(Illuminate\\Http\\Request))
#58 /Users/minpyaesonenyein/projects/skincollection/public/index.php(51): Illuminate\\Foundation\\Http\\Kernel->handle(Object(Illuminate\\Http\\Request))
#59 /Users/minpyaesonenyein/projects/skincollection/server.php(21): require_once('/Users/minpyaes...')
#60 {main}
"} 
[2025-12-14 05:26:45] local.INFO: [clinic-switcher] updatedClinicId called {"value":"all"} 
[2025-12-14 05:26:45] local.ERROR: Method App\Http\Livewire\ClinicSwitcher::emitTo does not exist. {"userId":1,"exception":"[object] (BadMethodCallException(code: 0): Method App\\Http\\Livewire\\ClinicSwitcher::emitTo does not exist. at /Users/minpyaesonenyein/projects/skincollection/vendor/livewire/livewire/src/Component.php:138)
[stacktrace]
#0 /Users/minpyaesonenyein/projects/skincollection/app/Http/Livewire/ClinicSwitcher.php(62): Livewire\\Component->__call('emitTo', Array)
#1 /Users/minpyaesonenyein/projects/skincollection/vendor/laravel/framework/src/Illuminate/Container/BoundMethod.php(36): App\\Http\\Livewire\\ClinicSwitcher->updatedClinicId('all', NULL)
#2 /Users/minpyaesonenyein/projects/skincollection/vendor/laravel/framework/src/Illuminate/Container/Util.php(41): Illuminate\\Container\\BoundMethod::{closure:Illuminate\\Container\\BoundMethod::call():35}()
#3 /Users/minpyaesonenyein/projects/skincollection/vendor/laravel/framework/src/Illuminate/Container/BoundMethod.php(93): Illuminate\\Container\\Util::unwrapIfClosure(Object(Closure))
#4 /Users/minpyaesonenyein/projects/skincollection/vendor/laravel/framework/src/Illuminate/Container/BoundMethod.php(35): Illuminate\\Container\\BoundMethod::callBoundMethod(Object(Illuminate\\Foundation\\Application), Array, Object(Closure))
#5 /Users/minpyaesonenyein/projects/skincollection/vendor/livewire/livewire/src/Wrapped.php(23): Illuminate\\Container\\BoundMethod::call(Object(Illuminate\\Foundation\\Application), Array, Array)
#6 /Users/minpyaesonenyein/projects/skincollection/vendor/livewire/livewire/src/Features/SupportLifecycleHooks/SupportLifecycleHooks.php(123): Livewire\\Wrapped->__call('updatedClinicId', Array)
#7 /Users/minpyaesonenyein/projects/skincollection/vendor/livewire/livewire/src/Features/SupportLifecycleHooks/SupportLifecycleHooks.php(78): Livewire\\Features\\SupportLifecycleHooks\\SupportLifecycleHooks->callHook('updatedClinicId', Array)
#8 /Users/minpyaesonenyein/projects/skincollection/vendor/livewire/livewire/src/ComponentHook.php(33): Livewire\\Features\\SupportLifecycleHooks\\SupportLifecycleHooks->{closure:Livewire\\Features\\SupportLifecycleHooks\\SupportLifecycleHooks::update():74}(NULL)
#9 /Users/minpyaesonenyein/projects/skincollection/vendor/livewire/livewire/src/ComponentHookRegistry.php(100): Livewire\\ComponentHook->{closure:Livewire\\ComponentHook::callUpdate():31}(NULL)
#10 /Users/minpyaesonenyein/projects/skincollection/vendor/livewire/livewire/src/EventBus.php(73): Livewire\\ComponentHookRegistry::{closure:{closure:Livewire\\ComponentHookRegistry::proxyCallToHooks():91}:98}(NULL)
#11 /Users/minpyaesonenyein/projects/skincollection/vendor/livewire/livewire/src/Mechanisms/HandleComponents/HandleComponents.php(312): Livewire\\EventBus->{closure:Livewire\\EventBus::trigger():67}()
#12 /Users/minpyaesonenyein/projects/skincollection/vendor/livewire/livewire/src/Mechanisms/HandleComponents/HandleComponents.php(290): Livewire\\Mechanisms\\HandleComponents\\HandleComponents->updateProperty(Object(App\\Http\\Livewire\\ClinicSwitcher), 'clinicId', 'all', Object(Livewire\\Mechanisms\\HandleComponents\\ComponentContext))
#13 /Users/minpyaesonenyein/projects/skincollection/vendor/livewire/livewire/src/Mechanisms/HandleComponents/HandleComponents.php(103): Livewire\\Mechanisms\\HandleComponents\\HandleComponents->updateProperties(Object(App\\Http\\Livewire\\ClinicSwitcher), Array, Array, Object(Livewire\\Mechanisms\\HandleComponents\\ComponentContext))
#14 /Users/minpyaesonenyein/projects/skincollection/vendor/livewire/livewire/src/LivewireManager.php(96): Livewire\\Mechanisms\\HandleComponents\\HandleComponents->update(Array, Array, Array)
#15 /Users/minpyaesonenyein/projects/skincollection/vendor/livewire/livewire/src/Mechanisms/HandleRequests/HandleRequests.php(85): Livewire\\LivewireManager->update(Array, Array, Array)
#16 /Users/minpyaesonenyein/projects/skincollection/vendor/laravel/framework/src/Illuminate/Routing/ControllerDispatcher.php(46): Livewire\\Mechanisms\\HandleRequests\\HandleRequests->handleUpdate()
#17 /Users/minpyaesonenyein/projects/skincollection/vendor/laravel/framework/src/Illuminate/Routing/Route.php(259): Illuminate\\Routing\\ControllerDispatcher->dispatch(Object(Illuminate\\Routing\\Route), Object(Livewire\\Mechanisms\\HandleRequests\\HandleRequests), 'handleUpdate')
#18 /Users/minpyaesonenyein/projects/skincollection/vendor/laravel/framework/src/Illuminate/Routing/Route.php(205): Illuminate\\Routing\\Route->runController()
#19 /Users/minpyaesonenyein/projects/skincollection/vendor/laravel/framework/src/Illuminate/Routing/Router.php(798): Illuminate\\Routing\\Route->run()
#20 /Users/minpyaesonenyein/projects/skincollection/vendor/laravel/framework/src/Illuminate/Pipeline/Pipeline.php(141): Illuminate\\Routing\\Router->{closure:Illuminate\\Routing\\Router::runRouteWithinStack():797}(Object(Illuminate\\Http\\Request))
#21 /Users/minpyaesonenyein/projects/skincollection/vendor/laravel/framework/src/Illuminate/Routing/Middleware/SubstituteBindings.php(50): Illuminate\\Pipeline\\Pipeline->{closure:Illuminate\\Pipeline\\Pipeline::prepareDestination():139}(Object(Illuminate\\Http\\Request))
#22 /Users/minpyaesonenyein/projects/skincollection/vendor/laravel/framework/src/Illuminate/Pipeline/Pipeline.php(180): Illuminate\\Routing\\Middleware\\SubstituteBindings->handle(Object(Illuminate\\Http\\Request), Object(Closure))
#23 /Users/minpyaesonenyein/projects/skincollection/vendor/laravel/framework/src/Illuminate/Foundation/Http/Middleware/VerifyCsrfToken.php(78): Illuminate\\Pipeline\\Pipeline->{closure:{closure:Illuminate\\Pipeline\\Pipeline::carry():155}:156}(Object(Illuminate\\Http\\Request))
#24 /Users/minpyaesonenyein/projects/skincollection/vendor/laravel/framework/src/Illuminate/Pipeline/Pipeline.php(180): Illuminate\\Foundation\\Http\\Middleware\\VerifyCsrfToken->handle(Object(Illuminate\\Http\\Request), Object(Closure))
#25 /Users/minpyaesonenyein/projects/skincollection/vendor/laravel/framework/src/Illuminate/View/Middleware/ShareErrorsFromSession.php(49): Illuminate\\Pipeline\\Pipeline->{closure:{closure:Illuminate\\Pipeline\\Pipeline::carry():155}:156}(Object(Illuminate\\Http\\Request))
#26 /Users/minpyaesonenyein/projects/skincollection/vendor/laravel/framework/src/Illuminate/Pipeline/Pipeline.php(180): Illuminate\\View\\Middleware\\ShareErrorsFromSession->handle(Object(Illuminate\\Http\\Request), Object(Closure))
#27 /Users/minpyaesonenyein/projects/skincollection/vendor/laravel/framework/src/Illuminate/Session/Middleware/StartSession.php(121): Illuminate\\Pipeline\\Pipeline->{closure:{closure:Illuminate\\Pipeline\\Pipeline::carry():155}:156}(Object(Illuminate\\Http\\Request))
#28 /Users/minpyaesonenyein/projects/skincollection/vendor/laravel/framework/src/Illuminate/Session/Middleware/StartSession.php(64): Illuminate\\Session\\Middleware\\StartSession->handleStatefulRequest(Object(Illuminate\\Http\\Request), Object(Illuminate\\Session\\Store), Object(Closure))
#29 /Users/minpyaesonenyein/projects/skincollection/vendor/laravel/framework/src/Illuminate/Pipeline/Pipeline.php(180): Illuminate\\Session\\Middleware\\StartSession->handle(Object(Illuminate\\Http\\Request), Object(Closure))
#30 /Users/minpyaesonenyein/projects/skincollection/vendor/laravel/framework/src/Illuminate/Cookie/Middleware/AddQueuedCookiesToResponse.php(37): Illuminate\\Pipeline\\Pipeline->{closure:{closure:Illuminate\\Pipeline\\Pipeline::carry():155}:156}(Object(Illuminate\\Http\\Request))
#31 /Users/minpyaesonenyein/projects/skincollection/vendor/laravel/framework/src/Illuminate/Pipeline/Pipeline.php(180): Illuminate\\Cookie\\Middleware\\AddQueuedCookiesToResponse->handle(Object(Illuminate\\Http\\Request), Object(Closure))
#32 /Users/minpyaesonenyein/projects/skincollection/vendor/laravel/framework/src/Illuminate/Cookie/Middleware/EncryptCookies.php(67): Illuminate\\Pipeline\\Pipeline->{closure:{closure:Illuminate\\Pipeline\\Pipeline::carry():155}:156}(Object(Illuminate\\Http\\Request))
#33 /Users/minpyaesonenyein/projects/skincollection/vendor/laravel/framework/src/Illuminate/Pipeline/Pipeline.php(180): Illuminate\\Cookie\\Middleware\\EncryptCookies->handle(Object(Illuminate\\Http\\Request), Object(Closure))
#34 /Users/minpyaesonenyein/projects/skincollection/vendor/laravel/framework/src/Illuminate/Pipeline/Pipeline.php(116): Illuminate\\Pipeline\\Pipeline->{closure:{closure:Illuminate\\Pipeline\\Pipeline::carry():155}:156}(Object(Illuminate\\Http\\Request))
#35 /Users/minpyaesonenyein/projects/skincollection/vendor/laravel/framework/src/Illuminate/Routing/Router.php(797): Illuminate\\Pipeline\\Pipeline->then(Object(Closure))
#36 /Users/minpyaesonenyein/projects/skincollection/vendor/laravel/framework/src/Illuminate/Routing/Router.php(776): Illuminate\\Routing\\Router->runRouteWithinStack(Object(Illuminate\\Routing\\Route), Object(Illuminate\\Http\\Request))
#37 /Users/minpyaesonenyein/projects/skincollection/vendor/laravel/framework/src/Illuminate/Routing/Router.php(740): Illuminate\\Routing\\Router->runRoute(Object(Illuminate\\Http\\Request), Object(Illuminate\\Routing\\Route))
#38 /Users/minpyaesonenyein/projects/skincollection/vendor/laravel/framework/src/Illuminate/Routing/Router.php(729): Illuminate\\Routing\\Router->dispatchToRoute(Object(Illuminate\\Http\\Request))
#39 /Users/minpyaesonenyein/projects/skincollection/vendor/laravel/framework/src/Illuminate/Foundation/Http/Kernel.php(190): Illuminate\\Routing\\Router->dispatch(Object(Illuminate\\Http\\Request))
#40 /Users/minpyaesonenyein/projects/skincollection/vendor/laravel/framework/src/Illuminate/Pipeline/Pipeline.php(141): Illuminate\\Foundation\\Http\\Kernel->{closure:Illuminate\\Foundation\\Http\\Kernel::dispatchToRouter():187}(Object(Illuminate\\Http\\Request))
#41 /Users/minpyaesonenyein/projects/skincollection/vendor/livewire/livewire/src/Features/SupportDisablingBackButtonCache/DisableBackButtonCacheMiddleware.php(19): Illuminate\\Pipeline\\Pipeline->{closure:Illuminate\\Pipeline\\Pipeline::prepareDestination():139}(Object(Illuminate\\Http\\Request))
#42 /Users/minpyaesonenyein/projects/skincollection/vendor/laravel/framework/src/Illuminate/Pipeline/Pipeline.php(180): Livewire\\Features\\SupportDisablingBackButtonCache\\DisableBackButtonCacheMiddleware->handle(Object(Illuminate\\Http\\Request), Object(Closure))
#43 /Users/minpyaesonenyein/projects/skincollection/vendor/laravel/framework/src/Illuminate/Foundation/Http/Middleware/ConvertEmptyStringsToNull.php(27): Illuminate\\Pipeline\\Pipeline->{closure:{closure:Illuminate\\Pipeline\\Pipeline::carry():155}:156}(Object(Illuminate\\Http\\Request))
#44 /Users/minpyaesonenyein/projects/skincollection/vendor/laravel/framework/src/Illuminate/Pipeline/Pipeline.php(180): Illuminate\\Foundation\\Http\\Middleware\\ConvertEmptyStringsToNull->handle(Object(Illuminate\\Http\\Request), Object(Closure))
#45 /Users/minpyaesonenyein/projects/skincollection/vendor/laravel/framework/src/Illuminate/Foundation/Http/Middleware/TrimStrings.php(36): Illuminate\\Pipeline\\Pipeline->{closure:{closure:Illuminate\\Pipeline\\Pipeline::carry():155}:156}(Object(Illuminate\\Http\\Request))
#46 /Users/minpyaesonenyein/projects/skincollection/vendor/laravel/framework/src/Illuminate/Pipeline/Pipeline.php(180): Illuminate\\Foundation\\Http\\Middleware\\TrimStrings->handle(Object(Illuminate\\Http\\Request), Object(Closure))
#47 /Users/minpyaesonenyein/projects/skincollection/vendor/laravel/framework/src/Illuminate/Foundation/Http/Middleware/ValidatePostSize.php(27): Illuminate\\Pipeline\\Pipeline->{closure:{closure:Illuminate\\Pipeline\\Pipeline::carry():155}:156}(Object(Illuminate\\Http\\Request))
#48 /Users/minpyaesonenyein/projects/skincollection/vendor/laravel/framework/src/Illuminate/Pipeline/Pipeline.php(180): Illuminate\\Foundation\\Http\\Middleware\\ValidatePostSize->handle(Object(Illuminate\\Http\\Request), Object(Closure))
#49 /Users/minpyaesonenyein/projects/skincollection/vendor/laravel/framework/src/Illuminate/Foundation/Http/Middleware/PreventRequestsDuringMaintenance.php(86): Illuminate\\Pipeline\\Pipeline->{closure:{closure:Illuminate\\Pipeline\\Pipeline::carry():155}:156}(Object(Illuminate\\Http\\Request))
#50 /Users/minpyaesonenyein/projects/skincollection/vendor/laravel/framework/src/Illuminate/Pipeline/Pipeline.php(180): Illuminate\\Foundation\\Http\\Middleware\\PreventRequestsDuringMaintenance->handle(Object(Illuminate\\Http\\Request), Object(Closure))
#51 /Users/minpyaesonenyein/projects/skincollection/vendor/fruitcake/laravel-cors/src/HandleCors.php(38): Illuminate\\Pipeline\\Pipeline->{closure:{closure:Illuminate\\Pipeline\\Pipeline::carry():155}:156}(Object(Illuminate\\Http\\Request))
#52 /Users/minpyaesonenyein/projects/skincollection/vendor/laravel/framework/src/Illuminate/Pipeline/Pipeline.php(180): Fruitcake\\Cors\\HandleCors->handle(Object(Illuminate\\Http\\Request), Object(Closure))
#53 /Users/minpyaesonenyein/projects/skincollection/vendor/laravel/framework/src/Illuminate/Http/Middleware/TrustProxies.php(39): Illuminate\\Pipeline\\Pipeline->{closure:{closure:Illuminate\\Pipeline\\Pipeline::carry():155}:156}(Object(Illuminate\\Http\\Request))
#54 /Users/minpyaesonenyein/projects/skincollection/vendor/laravel/framework/src/Illuminate/Pipeline/Pipeline.php(180): Illuminate\\Http\\Middleware\\TrustProxies->handle(Object(Illuminate\\Http\\Request), Object(Closure))
#55 /Users/minpyaesonenyein/projects/skincollection/vendor/laravel/framework/src/Illuminate/Pipeline/Pipeline.php(116): Illuminate\\Pipeline\\Pipeline->{closure:{closure:Illuminate\\Pipeline\\Pipeline::carry():155}:156}(Object(Illuminate\\Http\\Request))
#56 /Users/minpyaesonenyein/projects/skincollection/vendor/laravel/framework/src/Illuminate/Foundation/Http/Kernel.php(165): Illuminate\\Pipeline\\Pipeline->then(Object(Closure))
#57 /Users/minpyaesonenyein/projects/skincollection/vendor/laravel/framework/src/Illuminate/Foundation/Http/Kernel.php(134): Illuminate\\Foundation\\Http\\Kernel->sendRequestThroughRouter(Object(Illuminate\\Http\\Request))
#58 /Users/minpyaesonenyein/projects/skincollection/public/index.php(51): Illuminate\\Foundation\\Http\\Kernel->handle(Object(Illuminate\\Http\\Request))
#59 /Users/minpyaesonenyein/projects/skincollection/server.php(21): require_once('/Users/minpyaes...')
#60 {main}
"} 
[2025-12-14 05:28:03] local.INFO: [clinic-switcher] updatedClinicId called {"value":"1"} 
[2025-12-14 05:28:03] local.ERROR: Method App\Http\Livewire\ClinicSwitcher::dispatchBrowserEvent does not exist. {"userId":1,"exception":"[object] (BadMethodCallException(code: 0): Method App\\Http\\Livewire\\ClinicSwitcher::dispatchBrowserEvent does not exist. at /Users/minpyaesonenyein/projects/skincollection/vendor/livewire/livewire/src/Component.php:138)
[stacktrace]
#0 /Users/minpyaesonenyein/projects/skincollection/app/Http/Livewire/ClinicSwitcher.php(73): Livewire\\Component->__call('dispatchBrowser...', Array)
#1 /Users/minpyaesonenyein/projects/skincollection/vendor/laravel/framework/src/Illuminate/Container/BoundMethod.php(36): App\\Http\\Livewire\\ClinicSwitcher->updatedClinicId('1', NULL)
#2 /Users/minpyaesonenyein/projects/skincollection/vendor/laravel/framework/src/Illuminate/Container/Util.php(41): Illuminate\\Container\\BoundMethod::{closure:Illuminate\\Container\\BoundMethod::call():35}()
#3 /Users/minpyaesonenyein/projects/skincollection/vendor/laravel/framework/src/Illuminate/Container/BoundMethod.php(93): Illuminate\\Container\\Util::unwrapIfClosure(Object(Closure))
#4 /Users/minpyaesonenyein/projects/skincollection/vendor/laravel/framework/src/Illuminate/Container/BoundMethod.php(35): Illuminate\\Container\\BoundMethod::callBoundMethod(Object(Illuminate\\Foundation\\Application), Array, Object(Closure))
#5 /Users/minpyaesonenyein/projects/skincollection/vendor/livewire/livewire/src/Wrapped.php(23): Illuminate\\Container\\BoundMethod::call(Object(Illuminate\\Foundation\\Application), Array, Array)
#6 /Users/minpyaesonenyein/projects/skincollection/vendor/livewire/livewire/src/Features/SupportLifecycleHooks/SupportLifecycleHooks.php(123): Livewire\\Wrapped->__call('updatedClinicId', Array)
#7 /Users/minpyaesonenyein/projects/skincollection/vendor/livewire/livewire/src/Features/SupportLifecycleHooks/SupportLifecycleHooks.php(78): Livewire\\Features\\SupportLifecycleHooks\\SupportLifecycleHooks->callHook('updatedClinicId', Array)
#8 /Users/minpyaesonenyein/projects/skincollection/vendor/livewire/livewire/src/ComponentHook.php(33): Livewire\\Features\\SupportLifecycleHooks\\SupportLifecycleHooks->{closure:Livewire\\Features\\SupportLifecycleHooks\\SupportLifecycleHooks::update():74}(NULL)
#9 /Users/minpyaesonenyein/projects/skincollection/vendor/livewire/livewire/src/ComponentHookRegistry.php(100): Livewire\\ComponentHook->{closure:Livewire\\ComponentHook::callUpdate():31}(NULL)
#10 /Users/minpyaesonenyein/projects/skincollection/vendor/livewire/livewire/src/EventBus.php(73): Livewire\\ComponentHookRegistry::{closure:{closure:Livewire\\ComponentHookRegistry::proxyCallToHooks():91}:98}(NULL)
#11 /Users/minpyaesonenyein/projects/skincollection/vendor/livewire/livewire/src/Mechanisms/HandleComponents/HandleComponents.php(312): Livewire\\EventBus->{closure:Livewire\\EventBus::trigger():67}()
#12 /Users/minpyaesonenyein/projects/skincollection/vendor/livewire/livewire/src/Mechanisms/HandleComponents/HandleComponents.php(290): Livewire\\Mechanisms\\HandleComponents\\HandleComponents->updateProperty(Object(App\\Http\\Livewire\\ClinicSwitcher), 'clinicId', '1', Object(Livewire\\Mechanisms\\HandleComponents\\ComponentContext))
#13 /Users/minpyaesonenyein/projects/skincollection/vendor/livewire/livewire/src/Mechanisms/HandleComponents/HandleComponents.php(103): Livewire\\Mechanisms\\HandleComponents\\HandleComponents->updateProperties(Object(App\\Http\\Livewire\\ClinicSwitcher), Array, Array, Object(Livewire\\Mechanisms\\HandleComponents\\ComponentContext))
#14 /Users/minpyaesonenyein/projects/skincollection/vendor/livewire/livewire/src/LivewireManager.php(96): Livewire\\Mechanisms\\HandleComponents\\HandleComponents->update(Array, Array, Array)
#15 /Users/minpyaesonenyein/projects/skincollection/vendor/livewire/livewire/src/Mechanisms/HandleRequests/HandleRequests.php(85): Livewire\\LivewireManager->update(Array, Array, Array)
#16 /Users/minpyaesonenyein/projects/skincollection/vendor/laravel/framework/src/Illuminate/Routing/ControllerDispatcher.php(46): Livewire\\Mechanisms\\HandleRequests\\HandleRequests->handleUpdate()
#17 /Users/minpyaesonenyein/projects/skincollection/vendor/laravel/framework/src/Illuminate/Routing/Route.php(259): Illuminate\\Routing\\ControllerDispatcher->dispatch(Object(Illuminate\\Routing\\Route), Object(Livewire\\Mechanisms\\HandleRequests\\HandleRequests), 'handleUpdate')
#18 /Users/minpyaesonenyein/projects/skincollection/vendor/laravel/framework/src/Illuminate/Routing/Route.php(205): Illuminate\\Routing\\Route->runController()
#19 /Users/minpyaesonenyein/projects/skincollection/vendor/laravel/framework/src/Illuminate/Routing/Router.php(798): Illuminate\\Routing\\Route->run()
#20 /Users/minpyaesonenyein/projects/skincollection/vendor/laravel/framework/src/Illuminate/Pipeline/Pipeline.php(141): Illuminate\\Routing\\Router->{closure:Illuminate\\Routing\\Router::runRouteWithinStack():797}(Object(Illuminate\\Http\\Request))
#21 /Users/minpyaesonenyein/projects/skincollection/vendor/laravel/framework/src/Illuminate/Routing/Middleware/SubstituteBindings.php(50): Illuminate\\Pipeline\\Pipeline->{closure:Illuminate\\Pipeline\\Pipeline::prepareDestination():139}(Object(Illuminate\\Http\\Request))
#22 /Users/minpyaesonenyein/projects/skincollection/vendor/laravel/framework/src/Illuminate/Pipeline/Pipeline.php(180): Illuminate\\Routing\\Middleware\\SubstituteBindings->handle(Object(Illuminate\\Http\\Request), Object(Closure))
#23 /Users/minpyaesonenyein/projects/skincollection/vendor/laravel/framework/src/Illuminate/Foundation/Http/Middleware/VerifyCsrfToken.php(78): Illuminate\\Pipeline\\Pipeline->{closure:{closure:Illuminate\\Pipeline\\Pipeline::carry():155}:156}(Object(Illuminate\\Http\\Request))
#24 /Users/minpyaesonenyein/projects/skincollection/vendor/laravel/framework/src/Illuminate/Pipeline/Pipeline.php(180): Illuminate\\Foundation\\Http\\Middleware\\VerifyCsrfToken->handle(Object(Illuminate\\Http\\Request), Object(Closure))
#25 /Users/minpyaesonenyein/projects/skincollection/vendor/laravel/framework/src/Illuminate/View/Middleware/ShareErrorsFromSession.php(49): Illuminate\\Pipeline\\Pipeline->{closure:{closure:Illuminate\\Pipeline\\Pipeline::carry():155}:156}(Object(Illuminate\\Http\\Request))
#26 /Users/minpyaesonenyein/projects/skincollection/vendor/laravel/framework/src/Illuminate/Pipeline/Pipeline.php(180): Illuminate\\View\\Middleware\\ShareErrorsFromSession->handle(Object(Illuminate\\Http\\Request), Object(Closure))
#27 /Users/minpyaesonenyein/projects/skincollection/vendor/laravel/framework/src/Illuminate/Session/Middleware/StartSession.php(121): Illuminate\\Pipeline\\Pipeline->{closure:{closure:Illuminate\\Pipeline\\Pipeline::carry():155}:156}(Object(Illuminate\\Http\\Request))
#28 /Users/minpyaesonenyein/projects/skincollection/vendor/laravel/framework/src/Illuminate/Session/Middleware/StartSession.php(64): Illuminate\\Session\\Middleware\\StartSession->handleStatefulRequest(Object(Illuminate\\Http\\Request), Object(Illuminate\\Session\\Store), Object(Closure))
#29 /Users/minpyaesonenyein/projects/skincollection/vendor/laravel/framework/src/Illuminate/Pipeline/Pipeline.php(180): Illuminate\\Session\\Middleware\\StartSession->handle(Object(Illuminate\\Http\\Request), Object(Closure))
#30 /Users/minpyaesonenyein/projects/skincollection/vendor/laravel/framework/src/Illuminate/Cookie/Middleware/AddQueuedCookiesToResponse.php(37): Illuminate\\Pipeline\\Pipeline->{closure:{closure:Illuminate\\Pipeline\\Pipeline::carry():155}:156}(Object(Illuminate\\Http\\Request))
#31 /Users/minpyaesonenyein/projects/skincollection/vendor/laravel/framework/src/Illuminate/Pipeline/Pipeline.php(180): Illuminate\\Cookie\\Middleware\\AddQueuedCookiesToResponse->handle(Object(Illuminate\\Http\\Request), Object(Closure))
#32 /Users/minpyaesonenyein/projects/skincollection/vendor/laravel/framework/src/Illuminate/Cookie/Middleware/EncryptCookies.php(67): Illuminate\\Pipeline\\Pipeline->{closure:{closure:Illuminate\\Pipeline\\Pipeline::carry():155}:156}(Object(Illuminate\\Http\\Request))
#33 /Users/minpyaesonenyein/projects/skincollection/vendor/laravel/framework/src/Illuminate/Pipeline/Pipeline.php(180): Illuminate\\Cookie\\Middleware\\EncryptCookies->handle(Object(Illuminate\\Http\\Request), Object(Closure))
#34 /Users/minpyaesonenyein/projects/skincollection/vendor/laravel/framework/src/Illuminate/Pipeline/Pipeline.php(116): Illuminate\\Pipeline\\Pipeline->{closure:{closure:Illuminate\\Pipeline\\Pipeline::carry():155}:156}(Object(Illuminate\\Http\\Request))
#35 /Users/minpyaesonenyein/projects/skincollection/vendor/laravel/framework/src/Illuminate/Routing/Router.php(797): Illuminate\\Pipeline\\Pipeline->then(Object(Closure))
#36 /Users/minpyaesonenyein/projects/skincollection/vendor/laravel/framework/src/Illuminate/Routing/Router.php(776): Illuminate\\Routing\\Router->runRouteWithinStack(Object(Illuminate\\Routing\\Route), Object(Illuminate\\Http\\Request))
#37 /Users/minpyaesonenyein/projects/skincollection/vendor/laravel/framework/src/Illuminate/Routing/Router.php(740): Illuminate\\Routing\\Router->runRoute(Object(Illuminate\\Http\\Request), Object(Illuminate\\Routing\\Route))
#38 /Users/minpyaesonenyein/projects/skincollection/vendor/laravel/framework/src/Illuminate/Routing/Router.php(729): Illuminate\\Routing\\Router->dispatchToRoute(Object(Illuminate\\Http\\Request))
#39 /Users/minpyaesonenyein/projects/skincollection/vendor/laravel/framework/src/Illuminate/Foundation/Http/Kernel.php(190): Illuminate\\Routing\\Router->dispatch(Object(Illuminate\\Http\\Request))
#40 /Users/minpyaesonenyein/projects/skincollection/vendor/laravel/framework/src/Illuminate/Pipeline/Pipeline.php(141): Illuminate\\Foundation\\Http\\Kernel->{closure:Illuminate\\Foundation\\Http\\Kernel::dispatchToRouter():187}(Object(Illuminate\\Http\\Request))
#41 /Users/minpyaesonenyein/projects/skincollection/vendor/livewire/livewire/src/Features/SupportDisablingBackButtonCache/DisableBackButtonCacheMiddleware.php(19): Illuminate\\Pipeline\\Pipeline->{closure:Illuminate\\Pipeline\\Pipeline::prepareDestination():139}(Object(Illuminate\\Http\\Request))
#42 /Users/minpyaesonenyein/projects/skincollection/vendor/laravel/framework/src/Illuminate/Pipeline/Pipeline.php(180): Livewire\\Features\\SupportDisablingBackButtonCache\\DisableBackButtonCacheMiddleware->handle(Object(Illuminate\\Http\\Request), Object(Closure))
#43 /Users/minpyaesonenyein/projects/skincollection/vendor/laravel/framework/src/Illuminate/Foundation/Http/Middleware/ConvertEmptyStringsToNull.php(27): Illuminate\\Pipeline\\Pipeline->{closure:{closure:Illuminate\\Pipeline\\Pipeline::carry():155}:156}(Object(Illuminate\\Http\\Request))
#44 /Users/minpyaesonenyein/projects/skincollection/vendor/laravel/framework/src/Illuminate/Pipeline/Pipeline.php(180): Illuminate\\Foundation\\Http\\Middleware\\ConvertEmptyStringsToNull->handle(Object(Illuminate\\Http\\Request), Object(Closure))
#45 /Users/minpyaesonenyein/projects/skincollection/vendor/laravel/framework/src/Illuminate/Foundation/Http/Middleware/TrimStrings.php(36): Illuminate\\Pipeline\\Pipeline->{closure:{closure:Illuminate\\Pipeline\\Pipeline::carry():155}:156}(Object(Illuminate\\Http\\Request))
#46 /Users/minpyaesonenyein/projects/skincollection/vendor/laravel/framework/src/Illuminate/Pipeline/Pipeline.php(180): Illuminate\\Foundation\\Http\\Middleware\\TrimStrings->handle(Object(Illuminate\\Http\\Request), Object(Closure))
#47 /Users/minpyaesonenyein/projects/skincollection/vendor/laravel/framework/src/Illuminate/Foundation/Http/Middleware/ValidatePostSize.php(27): Illuminate\\Pipeline\\Pipeline->{closure:{closure:Illuminate\\Pipeline\\Pipeline::carry():155}:156}(Object(Illuminate\\Http\\Request))
#48 /Users/minpyaesonenyein/projects/skincollection/vendor/laravel/framework/src/Illuminate/Pipeline/Pipeline.php(180): Illuminate\\Foundation\\Http\\Middleware\\ValidatePostSize->handle(Object(Illuminate\\Http\\Request), Object(Closure))
#49 /Users/minpyaesonenyein/projects/skincollection/vendor/laravel/framework/src/Illuminate/Foundation/Http/Middleware/PreventRequestsDuringMaintenance.php(86): Illuminate\\Pipeline\\Pipeline->{closure:{closure:Illuminate\\Pipeline\\Pipeline::carry():155}:156}(Object(Illuminate\\Http\\Request))
#50 /Users/minpyaesonenyein/projects/skincollection/vendor/laravel/framework/src/Illuminate/Pipeline/Pipeline.php(180): Illuminate\\Foundation\\Http\\Middleware\\PreventRequestsDuringMaintenance->handle(Object(Illuminate\\Http\\Request), Object(Closure))
#51 /Users/minpyaesonenyein/projects/skincollection/vendor/fruitcake/laravel-cors/src/HandleCors.php(38): Illuminate\\Pipeline\\Pipeline->{closure:{closure:Illuminate\\Pipeline\\Pipeline::carry():155}:156}(Object(Illuminate\\Http\\Request))
#52 /Users/minpyaesonenyein/projects/skincollection/vendor/laravel/framework/src/Illuminate/Pipeline/Pipeline.php(180): Fruitcake\\Cors\\HandleCors->handle(Object(Illuminate\\Http\\Request), Object(Closure))
#53 /Users/minpyaesonenyein/projects/skincollection/vendor/laravel/framework/src/Illuminate/Http/Middleware/TrustProxies.php(39): Illuminate\\Pipeline\\Pipeline->{closure:{closure:Illuminate\\Pipeline\\Pipeline::carry():155}:156}(Object(Illuminate\\Http\\Request))
#54 /Users/minpyaesonenyein/projects/skincollection/vendor/laravel/framework/src/Illuminate/Pipeline/Pipeline.php(180): Illuminate\\Http\\Middleware\\TrustProxies->handle(Object(Illuminate\\Http\\Request), Object(Closure))
#55 /Users/minpyaesonenyein/projects/skincollection/vendor/laravel/framework/src/Illuminate/Pipeline/Pipeline.php(116): Illuminate\\Pipeline\\Pipeline->{closure:{closure:Illuminate\\Pipeline\\Pipeline::carry():155}:156}(Object(Illuminate\\Http\\Request))
#56 /Users/minpyaesonenyein/projects/skincollection/vendor/laravel/framework/src/Illuminate/Foundation/Http/Kernel.php(165): Illuminate\\Pipeline\\Pipeline->then(Object(Closure))
#57 /Users/minpyaesonenyein/projects/skincollection/vendor/laravel/framework/src/Illuminate/Foundation/Http/Kernel.php(134): Illuminate\\Foundation\\Http\\Kernel->sendRequestThroughRouter(Object(Illuminate\\Http\\Request))
#58 /Users/minpyaesonenyein/projects/skincollection/public/index.php(51): Illuminate\\Foundation\\Http\\Kernel->handle(Object(Illuminate\\Http\\Request))
#59 /Users/minpyaesonenyein/projects/skincollection/server.php(21): require_once('/Users/minpyaes...')
#60 {main}
"} 
[2025-12-14 05:30:10] local.INFO: [clinic-switcher] updatedClinicId called {"value":"all"} 
[2025-12-14 05:30:10] local.ERROR: Unable to call lifecycle method [updatedClinicId] directly on component: [clinic-switcher] {"userId":1,"exception":"[object] (Livewire\\Features\\SupportLifecycleHooks\\DirectlyCallingLifecycleHooksNotAllowedException(code: 0): Unable to call lifecycle method [updatedClinicId] directly on component: [clinic-switcher] at /Users/minpyaesonenyein/projects/skincollection/vendor/livewire/livewire/src/Features/SupportLifecycleHooks/SupportLifecycleHooks.php:96)
[stacktrace]
#0 /Users/minpyaesonenyein/projects/skincollection/vendor/livewire/livewire/src/ComponentHook.php(41): Livewire\\Features\\SupportLifecycleHooks\\SupportLifecycleHooks->call('updatedClinicId', Array, Object(Closure))
#1 /Users/minpyaesonenyein/projects/skincollection/vendor/livewire/livewire/src/ComponentHookRegistry.php(95): Livewire\\ComponentHook->callCall('updatedClinicId', Array, Object(Closure))
#2 /Users/minpyaesonenyein/projects/skincollection/vendor/livewire/livewire/src/ComponentHookRegistry.php(59): Livewire\\ComponentHookRegistry::{closure:Livewire\\ComponentHookRegistry::proxyCallToHooks():91}('updatedClinicId', Array, Object(Closure))
#3 /Users/minpyaesonenyein/projects/skincollection/vendor/livewire/livewire/src/EventBus.php(60): Livewire\\ComponentHookRegistry::{closure:Livewire\\ComponentHookRegistry::boot():58}(Object(App\\Http\\Livewire\\ClinicSwitcher), 'updatedClinicId', Array, Object(Livewire\\Mechanisms\\HandleComponents\\ComponentContext), Object(Closure))
#4 /Users/minpyaesonenyein/projects/skincollection/vendor/livewire/livewire/src/helpers.php(87): Livewire\\EventBus->trigger('call', Object(App\\Http\\Livewire\\ClinicSwitcher), 'updatedClinicId', Array, Object(Livewire\\Mechanisms\\HandleComponents\\ComponentContext), Object(Closure))
#5 /Users/minpyaesonenyein/projects/skincollection/vendor/livewire/livewire/src/Mechanisms/HandleComponents/HandleComponents.php(394): Livewire\\trigger('call', Object(App\\Http\\Livewire\\ClinicSwitcher), 'updatedClinicId', Array, Object(Livewire\\Mechanisms\\HandleComponents\\ComponentContext), Object(Closure))
#6 /Users/minpyaesonenyein/projects/skincollection/vendor/livewire/livewire/src/Mechanisms/HandleComponents/HandleComponents.php(106): Livewire\\Mechanisms\\HandleComponents\\HandleComponents->callMethods(Object(App\\Http\\Livewire\\ClinicSwitcher), Array, Object(Livewire\\Mechanisms\\HandleComponents\\ComponentContext))
#7 /Users/minpyaesonenyein/projects/skincollection/vendor/livewire/livewire/src/LivewireManager.php(96): Livewire\\Mechanisms\\HandleComponents\\HandleComponents->update(Array, Array, Array)
#8 /Users/minpyaesonenyein/projects/skincollection/vendor/livewire/livewire/src/Mechanisms/HandleRequests/HandleRequests.php(85): Livewire\\LivewireManager->update(Array, Array, Array)
#9 /Users/minpyaesonenyein/projects/skincollection/vendor/laravel/framework/src/Illuminate/Routing/ControllerDispatcher.php(46): Livewire\\Mechanisms\\HandleRequests\\HandleRequests->handleUpdate()
#10 /Users/minpyaesonenyein/projects/skincollection/vendor/laravel/framework/src/Illuminate/Routing/Route.php(259): Illuminate\\Routing\\ControllerDispatcher->dispatch(Object(Illuminate\\Routing\\Route), Object(Livewire\\Mechanisms\\HandleRequests\\HandleRequests), 'handleUpdate')
#11 /Users/minpyaesonenyein/projects/skincollection/vendor/laravel/framework/src/Illuminate/Routing/Route.php(205): Illuminate\\Routing\\Route->runController()
#12 /Users/minpyaesonenyein/projects/skincollection/vendor/laravel/framework/src/Illuminate/Routing/Router.php(798): Illuminate\\Routing\\Route->run()
#13 /Users/minpyaesonenyein/projects/skincollection/vendor/laravel/framework/src/Illuminate/Pipeline/Pipeline.php(141): Illuminate\\Routing\\Router->{closure:Illuminate\\Routing\\Router::runRouteWithinStack():797}(Object(Illuminate\\Http\\Request))
#14 /Users/minpyaesonenyein/projects/skincollection/vendor/laravel/framework/src/Illuminate/Routing/Middleware/SubstituteBindings.php(50): Illuminate\\Pipeline\\Pipeline->{closure:Illuminate\\Pipeline\\Pipeline::prepareDestination():139}(Object(Illuminate\\Http\\Request))
#15 /Users/minpyaesonenyein/projects/skincollection/vendor/laravel/framework/src/Illuminate/Pipeline/Pipeline.php(180): Illuminate\\Routing\\Middleware\\SubstituteBindings->handle(Object(Illuminate\\Http\\Request), Object(Closure))
#16 /Users/minpyaesonenyein/projects/skincollection/vendor/laravel/framework/src/Illuminate/Foundation/Http/Middleware/VerifyCsrfToken.php(78): Illuminate\\Pipeline\\Pipeline->{closure:{closure:Illuminate\\Pipeline\\Pipeline::carry():155}:156}(Object(Illuminate\\Http\\Request))
#17 /Users/minpyaesonenyein/projects/skincollection/vendor/laravel/framework/src/Illuminate/Pipeline/Pipeline.php(180): Illuminate\\Foundation\\Http\\Middleware\\VerifyCsrfToken->handle(Object(Illuminate\\Http\\Request), Object(Closure))
#18 /Users/minpyaesonenyein/projects/skincollection/vendor/laravel/framework/src/Illuminate/View/Middleware/ShareErrorsFromSession.php(49): Illuminate\\Pipeline\\Pipeline->{closure:{closure:Illuminate\\Pipeline\\Pipeline::carry():155}:156}(Object(Illuminate\\Http\\Request))
#19 /Users/minpyaesonenyein/projects/skincollection/vendor/laravel/framework/src/Illuminate/Pipeline/Pipeline.php(180): Illuminate\\View\\Middleware\\ShareErrorsFromSession->handle(Object(Illuminate\\Http\\Request), Object(Closure))
#20 /Users/minpyaesonenyein/projects/skincollection/vendor/laravel/framework/src/Illuminate/Session/Middleware/StartSession.php(121): Illuminate\\Pipeline\\Pipeline->{closure:{closure:Illuminate\\Pipeline\\Pipeline::carry():155}:156}(Object(Illuminate\\Http\\Request))
#21 /Users/minpyaesonenyein/projects/skincollection/vendor/laravel/framework/src/Illuminate/Session/Middleware/StartSession.php(64): Illuminate\\Session\\Middleware\\StartSession->handleStatefulRequest(Object(Illuminate\\Http\\Request), Object(Illuminate\\Session\\Store), Object(Closure))
#22 /Users/minpyaesonenyein/projects/skincollection/vendor/laravel/framework/src/Illuminate/Pipeline/Pipeline.php(180): Illuminate\\Session\\Middleware\\StartSession->handle(Object(Illuminate\\Http\\Request), Object(Closure))
#23 /Users/minpyaesonenyein/projects/skincollection/vendor/laravel/framework/src/Illuminate/Cookie/Middleware/AddQueuedCookiesToResponse.php(37): Illuminate\\Pipeline\\Pipeline->{closure:{closure:Illuminate\\Pipeline\\Pipeline::carry():155}:156}(Object(Illuminate\\Http\\Request))
#24 /Users/minpyaesonenyein/projects/skincollection/vendor/laravel/framework/src/Illuminate/Pipeline/Pipeline.php(180): Illuminate\\Cookie\\Middleware\\AddQueuedCookiesToResponse->handle(Object(Illuminate\\Http\\Request), Object(Closure))
#25 /Users/minpyaesonenyein/projects/skincollection/vendor/laravel/framework/src/Illuminate/Cookie/Middleware/EncryptCookies.php(67): Illuminate\\Pipeline\\Pipeline->{closure:{closure:Illuminate\\Pipeline\\Pipeline::carry():155}:156}(Object(Illuminate\\Http\\Request))
#26 /Users/minpyaesonenyein/projects/skincollection/vendor/laravel/framework/src/Illuminate/Pipeline/Pipeline.php(180): Illuminate\\Cookie\\Middleware\\EncryptCookies->handle(Object(Illuminate\\Http\\Request), Object(Closure))
#27 /Users/minpyaesonenyein/projects/skincollection/vendor/laravel/framework/src/Illuminate/Pipeline/Pipeline.php(116): Illuminate\\Pipeline\\Pipeline->{closure:{closure:Illuminate\\Pipeline\\Pipeline::carry():155}:156}(Object(Illuminate\\Http\\Request))
#28 /Users/minpyaesonenyein/projects/skincollection/vendor/laravel/framework/src/Illuminate/Routing/Router.php(797): Illuminate\\Pipeline\\Pipeline->then(Object(Closure))
#29 /Users/minpyaesonenyein/projects/skincollection/vendor/laravel/framework/src/Illuminate/Routing/Router.php(776): Illuminate\\Routing\\Router->runRouteWithinStack(Object(Illuminate\\Routing\\Route), Object(Illuminate\\Http\\Request))
#30 /Users/minpyaesonenyein/projects/skincollection/vendor/laravel/framework/src/Illuminate/Routing/Router.php(740): Illuminate\\Routing\\Router->runRoute(Object(Illuminate\\Http\\Request), Object(Illuminate\\Routing\\Route))
#31 /Users/minpyaesonenyein/projects/skincollection/vendor/laravel/framework/src/Illuminate/Routing/Router.php(729): Illuminate\\Routing\\Router->dispatchToRoute(Object(Illuminate\\Http\\Request))
#32 /Users/minpyaesonenyein/projects/skincollection/vendor/laravel/framework/src/Illuminate/Foundation/Http/Kernel.php(190): Illuminate\\Routing\\Router->dispatch(Object(Illuminate\\Http\\Request))
#33 /Users/minpyaesonenyein/projects/skincollection/vendor/laravel/framework/src/Illuminate/Pipeline/Pipeline.php(141): Illuminate\\Foundation\\Http\\Kernel->{closure:Illuminate\\Foundation\\Http\\Kernel::dispatchToRouter():187}(Object(Illuminate\\Http\\Request))
#34 /Users/minpyaesonenyein/projects/skincollection/vendor/livewire/livewire/src/Features/SupportDisablingBackButtonCache/DisableBackButtonCacheMiddleware.php(19): Illuminate\\Pipeline\\Pipeline->{closure:Illuminate\\Pipeline\\Pipeline::prepareDestination():139}(Object(Illuminate\\Http\\Request))
#35 /Users/minpyaesonenyein/projects/skincollection/vendor/laravel/framework/src/Illuminate/Pipeline/Pipeline.php(180): Livewire\\Features\\SupportDisablingBackButtonCache\\DisableBackButtonCacheMiddleware->handle(Object(Illuminate\\Http\\Request), Object(Closure))
#36 /Users/minpyaesonenyein/projects/skincollection/vendor/laravel/framework/src/Illuminate/Foundation/Http/Middleware/ConvertEmptyStringsToNull.php(27): Illuminate\\Pipeline\\Pipeline->{closure:{closure:Illuminate\\Pipeline\\Pipeline::carry():155}:156}(Object(Illuminate\\Http\\Request))
#37 /Users/minpyaesonenyein/projects/skincollection/vendor/laravel/framework/src/Illuminate/Pipeline/Pipeline.php(180): Illuminate\\Foundation\\Http\\Middleware\\ConvertEmptyStringsToNull->handle(Object(Illuminate\\Http\\Request), Object(Closure))
#38 /Users/minpyaesonenyein/projects/skincollection/vendor/laravel/framework/src/Illuminate/Foundation/Http/Middleware/TrimStrings.php(36): Illuminate\\Pipeline\\Pipeline->{closure:{closure:Illuminate\\Pipeline\\Pipeline::carry():155}:156}(Object(Illuminate\\Http\\Request))
#39 /Users/minpyaesonenyein/projects/skincollection/vendor/laravel/framework/src/Illuminate/Pipeline/Pipeline.php(180): Illuminate\\Foundation\\Http\\Middleware\\TrimStrings->handle(Object(Illuminate\\Http\\Request), Object(Closure))
#40 /Users/minpyaesonenyein/projects/skincollection/vendor/laravel/framework/src/Illuminate/Foundation/Http/Middleware/ValidatePostSize.php(27): Illuminate\\Pipeline\\Pipeline->{closure:{closure:Illuminate\\Pipeline\\Pipeline::carry():155}:156}(Object(Illuminate\\Http\\Request))
#41 /Users/minpyaesonenyein/projects/skincollection/vendor/laravel/framework/src/Illuminate/Pipeline/Pipeline.php(180): Illuminate\\Foundation\\Http\\Middleware\\ValidatePostSize->handle(Object(Illuminate\\Http\\Request), Object(Closure))
#42 /Users/minpyaesonenyein/projects/skincollection/vendor/laravel/framework/src/Illuminate/Foundation/Http/Middleware/PreventRequestsDuringMaintenance.php(86): Illuminate\\Pipeline\\Pipeline->{closure:{closure:Illuminate\\Pipeline\\Pipeline::carry():155}:156}(Object(Illuminate\\Http\\Request))
#43 /Users/minpyaesonenyein/projects/skincollection/vendor/laravel/framework/src/Illuminate/Pipeline/Pipeline.php(180): Illuminate\\Foundation\\Http\\Middleware\\PreventRequestsDuringMaintenance->handle(Object(Illuminate\\Http\\Request), Object(Closure))
#44 /Users/minpyaesonenyein/projects/skincollection/vendor/fruitcake/laravel-cors/src/HandleCors.php(38): Illuminate\\Pipeline\\Pipeline->{closure:{closure:Illuminate\\Pipeline\\Pipeline::carry():155}:156}(Object(Illuminate\\Http\\Request))
#45 /Users/minpyaesonenyein/projects/skincollection/vendor/laravel/framework/src/Illuminate/Pipeline/Pipeline.php(180): Fruitcake\\Cors\\HandleCors->handle(Object(Illuminate\\Http\\Request), Object(Closure))
#46 /Users/minpyaesonenyein/projects/skincollection/vendor/laravel/framework/src/Illuminate/Http/Middleware/TrustProxies.php(39): Illuminate\\Pipeline\\Pipeline->{closure:{closure:Illuminate\\Pipeline\\Pipeline::carry():155}:156}(Object(Illuminate\\Http\\Request))
#47 /Users/minpyaesonenyein/projects/skincollection/vendor/laravel/framework/src/Illuminate/Pipeline/Pipeline.php(180): Illuminate\\Http\\Middleware\\TrustProxies->handle(Object(Illuminate\\Http\\Request), Object(Closure))
#48 /Users/minpyaesonenyein/projects/skincollection/vendor/laravel/framework/src/Illuminate/Pipeline/Pipeline.php(116): Illuminate\\Pipeline\\Pipeline->{closure:{closure:Illuminate\\Pipeline\\Pipeline::carry():155}:156}(Object(Illuminate\\Http\\Request))
#49 /Users/minpyaesonenyein/projects/skincollection/vendor/laravel/framework/src/Illuminate/Foundation/Http/Kernel.php(165): Illuminate\\Pipeline\\Pipeline->then(Object(Closure))
#50 /Users/minpyaesonenyein/projects/skincollection/vendor/laravel/framework/src/Illuminate/Foundation/Http/Kernel.php(134): Illuminate\\Foundation\\Http\\Kernel->sendRequestThroughRouter(Object(Illuminate\\Http\\Request))
#51 /Users/minpyaesonenyein/projects/skincollection/public/index.php(51): Illuminate\\Foundation\\Http\\Kernel->handle(Object(Illuminate\\Http\\Request))
#52 /Users/minpyaesonenyein/projects/skincollection/server.php(21): require_once('/Users/minpyaes...')
#53 {main}
"} 
[2025-12-14 05:30:19] local.ERROR: Unable to call lifecycle method [updatedClinicId] directly on component: [clinic-switcher] {"userId":1,"exception":"[object] (Livewire\\Features\\SupportLifecycleHooks\\DirectlyCallingLifecycleHooksNotAllowedException(code: 0): Unable to call lifecycle method [updatedClinicId] directly on component: [clinic-switcher] at /Users/minpyaesonenyein/projects/skincollection/vendor/livewire/livewire/src/Features/SupportLifecycleHooks/SupportLifecycleHooks.php:96)
[stacktrace]
#0 /Users/minpyaesonenyein/projects/skincollection/vendor/livewire/livewire/src/ComponentHook.php(41): Livewire\\Features\\SupportLifecycleHooks\\SupportLifecycleHooks->call('updatedClinicId', Array, Object(Closure))
#1 /Users/minpyaesonenyein/projects/skincollection/vendor/livewire/livewire/src/ComponentHookRegistry.php(95): Livewire\\ComponentHook->callCall('updatedClinicId', Array, Object(Closure))
#2 /Users/minpyaesonenyein/projects/skincollection/vendor/livewire/livewire/src/ComponentHookRegistry.php(59): Livewire\\ComponentHookRegistry::{closure:Livewire\\ComponentHookRegistry::proxyCallToHooks():91}('updatedClinicId', Array, Object(Closure))
#3 /Users/minpyaesonenyein/projects/skincollection/vendor/livewire/livewire/src/EventBus.php(60): Livewire\\ComponentHookRegistry::{closure:Livewire\\ComponentHookRegistry::boot():58}(Object(App\\Http\\Livewire\\ClinicSwitcher), 'updatedClinicId', Array, Object(Livewire\\Mechanisms\\HandleComponents\\ComponentContext), Object(Closure))
#4 /Users/minpyaesonenyein/projects/skincollection/vendor/livewire/livewire/src/helpers.php(87): Livewire\\EventBus->trigger('call', Object(App\\Http\\Livewire\\ClinicSwitcher), 'updatedClinicId', Array, Object(Livewire\\Mechanisms\\HandleComponents\\ComponentContext), Object(Closure))
#5 /Users/minpyaesonenyein/projects/skincollection/vendor/livewire/livewire/src/Mechanisms/HandleComponents/HandleComponents.php(394): Livewire\\trigger('call', Object(App\\Http\\Livewire\\ClinicSwitcher), 'updatedClinicId', Array, Object(Livewire\\Mechanisms\\HandleComponents\\ComponentContext), Object(Closure))
#6 /Users/minpyaesonenyein/projects/skincollection/vendor/livewire/livewire/src/Mechanisms/HandleComponents/HandleComponents.php(106): Livewire\\Mechanisms\\HandleComponents\\HandleComponents->callMethods(Object(App\\Http\\Livewire\\ClinicSwitcher), Array, Object(Livewire\\Mechanisms\\HandleComponents\\ComponentContext))
#7 /Users/minpyaesonenyein/projects/skincollection/vendor/livewire/livewire/src/LivewireManager.php(96): Livewire\\Mechanisms\\HandleComponents\\HandleComponents->update(Array, Array, Array)
#8 /Users/minpyaesonenyein/projects/skincollection/vendor/livewire/livewire/src/Mechanisms/HandleRequests/HandleRequests.php(85): Livewire\\LivewireManager->update(Array, Array, Array)
#9 /Users/minpyaesonenyein/projects/skincollection/vendor/laravel/framework/src/Illuminate/Routing/ControllerDispatcher.php(46): Livewire\\Mechanisms\\HandleRequests\\HandleRequests->handleUpdate()
#10 /Users/minpyaesonenyein/projects/skincollection/vendor/laravel/framework/src/Illuminate/Routing/Route.php(259): Illuminate\\Routing\\ControllerDispatcher->dispatch(Object(Illuminate\\Routing\\Route), Object(Livewire\\Mechanisms\\HandleRequests\\HandleRequests), 'handleUpdate')
#11 /Users/minpyaesonenyein/projects/skincollection/vendor/laravel/framework/src/Illuminate/Routing/Route.php(205): Illuminate\\Routing\\Route->runController()
#12 /Users/minpyaesonenyein/projects/skincollection/vendor/laravel/framework/src/Illuminate/Routing/Router.php(798): Illuminate\\Routing\\Route->run()
#13 /Users/minpyaesonenyein/projects/skincollection/vendor/laravel/framework/src/Illuminate/Pipeline/Pipeline.php(141): Illuminate\\Routing\\Router->{closure:Illuminate\\Routing\\Router::runRouteWithinStack():797}(Object(Illuminate\\Http\\Request))
#14 /Users/minpyaesonenyein/projects/skincollection/vendor/laravel/framework/src/Illuminate/Routing/Middleware/SubstituteBindings.php(50): Illuminate\\Pipeline\\Pipeline->{closure:Illuminate\\Pipeline\\Pipeline::prepareDestination():139}(Object(Illuminate\\Http\\Request))
#15 /Users/minpyaesonenyein/projects/skincollection/vendor/laravel/framework/src/Illuminate/Pipeline/Pipeline.php(180): Illuminate\\Routing\\Middleware\\SubstituteBindings->handle(Object(Illuminate\\Http\\Request), Object(Closure))
#16 /Users/minpyaesonenyein/projects/skincollection/vendor/laravel/framework/src/Illuminate/Foundation/Http/Middleware/VerifyCsrfToken.php(78): Illuminate\\Pipeline\\Pipeline->{closure:{closure:Illuminate\\Pipeline\\Pipeline::carry():155}:156}(Object(Illuminate\\Http\\Request))
#17 /Users/minpyaesonenyein/projects/skincollection/vendor/laravel/framework/src/Illuminate/Pipeline/Pipeline.php(180): Illuminate\\Foundation\\Http\\Middleware\\VerifyCsrfToken->handle(Object(Illuminate\\Http\\Request), Object(Closure))
#18 /Users/minpyaesonenyein/projects/skincollection/vendor/laravel/framework/src/Illuminate/View/Middleware/ShareErrorsFromSession.php(49): Illuminate\\Pipeline\\Pipeline->{closure:{closure:Illuminate\\Pipeline\\Pipeline::carry():155}:156}(Object(Illuminate\\Http\\Request))
#19 /Users/minpyaesonenyein/projects/skincollection/vendor/laravel/framework/src/Illuminate/Pipeline/Pipeline.php(180): Illuminate\\View\\Middleware\\ShareErrorsFromSession->handle(Object(Illuminate\\Http\\Request), Object(Closure))
#20 /Users/minpyaesonenyein/projects/skincollection/vendor/laravel/framework/src/Illuminate/Session/Middleware/StartSession.php(121): Illuminate\\Pipeline\\Pipeline->{closure:{closure:Illuminate\\Pipeline\\Pipeline::carry():155}:156}(Object(Illuminate\\Http\\Request))
#21 /Users/minpyaesonenyein/projects/skincollection/vendor/laravel/framework/src/Illuminate/Session/Middleware/StartSession.php(64): Illuminate\\Session\\Middleware\\StartSession->handleStatefulRequest(Object(Illuminate\\Http\\Request), Object(Illuminate\\Session\\Store), Object(Closure))
#22 /Users/minpyaesonenyein/projects/skincollection/vendor/laravel/framework/src/Illuminate/Pipeline/Pipeline.php(180): Illuminate\\Session\\Middleware\\StartSession->handle(Object(Illuminate\\Http\\Request), Object(Closure))
#23 /Users/minpyaesonenyein/projects/skincollection/vendor/laravel/framework/src/Illuminate/Cookie/Middleware/AddQueuedCookiesToResponse.php(37): Illuminate\\Pipeline\\Pipeline->{closure:{closure:Illuminate\\Pipeline\\Pipeline::carry():155}:156}(Object(Illuminate\\Http\\Request))
#24 /Users/minpyaesonenyein/projects/skincollection/vendor/laravel/framework/src/Illuminate/Pipeline/Pipeline.php(180): Illuminate\\Cookie\\Middleware\\AddQueuedCookiesToResponse->handle(Object(Illuminate\\Http\\Request), Object(Closure))
#25 /Users/minpyaesonenyein/projects/skincollection/vendor/laravel/framework/src/Illuminate/Cookie/Middleware/EncryptCookies.php(67): Illuminate\\Pipeline\\Pipeline->{closure:{closure:Illuminate\\Pipeline\\Pipeline::carry():155}:156}(Object(Illuminate\\Http\\Request))
#26 /Users/minpyaesonenyein/projects/skincollection/vendor/laravel/framework/src/Illuminate/Pipeline/Pipeline.php(180): Illuminate\\Cookie\\Middleware\\EncryptCookies->handle(Object(Illuminate\\Http\\Request), Object(Closure))
#27 /Users/minpyaesonenyein/projects/skincollection/vendor/laravel/framework/src/Illuminate/Pipeline/Pipeline.php(116): Illuminate\\Pipeline\\Pipeline->{closure:{closure:Illuminate\\Pipeline\\Pipeline::carry():155}:156}(Object(Illuminate\\Http\\Request))
#28 /Users/minpyaesonenyein/projects/skincollection/vendor/laravel/framework/src/Illuminate/Routing/Router.php(797): Illuminate\\Pipeline\\Pipeline->then(Object(Closure))
#29 /Users/minpyaesonenyein/projects/skincollection/vendor/laravel/framework/src/Illuminate/Routing/Router.php(776): Illuminate\\Routing\\Router->runRouteWithinStack(Object(Illuminate\\Routing\\Route), Object(Illuminate\\Http\\Request))
#30 /Users/minpyaesonenyein/projects/skincollection/vendor/laravel/framework/src/Illuminate/Routing/Router.php(740): Illuminate\\Routing\\Router->runRoute(Object(Illuminate\\Http\\Request), Object(Illuminate\\Routing\\Route))
#31 /Users/minpyaesonenyein/projects/skincollection/vendor/laravel/framework/src/Illuminate/Routing/Router.php(729): Illuminate\\Routing\\Router->dispatchToRoute(Object(Illuminate\\Http\\Request))
#32 /Users/minpyaesonenyein/projects/skincollection/vendor/laravel/framework/src/Illuminate/Foundation/Http/Kernel.php(190): Illuminate\\Routing\\Router->dispatch(Object(Illuminate\\Http\\Request))
#33 /Users/minpyaesonenyein/projects/skincollection/vendor/laravel/framework/src/Illuminate/Pipeline/Pipeline.php(141): Illuminate\\Foundation\\Http\\Kernel->{closure:Illuminate\\Foundation\\Http\\Kernel::dispatchToRouter():187}(Object(Illuminate\\Http\\Request))
#34 /Users/minpyaesonenyein/projects/skincollection/vendor/livewire/livewire/src/Features/SupportDisablingBackButtonCache/DisableBackButtonCacheMiddleware.php(19): Illuminate\\Pipeline\\Pipeline->{closure:Illuminate\\Pipeline\\Pipeline::prepareDestination():139}(Object(Illuminate\\Http\\Request))
#35 /Users/minpyaesonenyein/projects/skincollection/vendor/laravel/framework/src/Illuminate/Pipeline/Pipeline.php(180): Livewire\\Features\\SupportDisablingBackButtonCache\\DisableBackButtonCacheMiddleware->handle(Object(Illuminate\\Http\\Request), Object(Closure))
#36 /Users/minpyaesonenyein/projects/skincollection/vendor/laravel/framework/src/Illuminate/Foundation/Http/Middleware/ConvertEmptyStringsToNull.php(27): Illuminate\\Pipeline\\Pipeline->{closure:{closure:Illuminate\\Pipeline\\Pipeline::carry():155}:156}(Object(Illuminate\\Http\\Request))
#37 /Users/minpyaesonenyein/projects/skincollection/vendor/laravel/framework/src/Illuminate/Pipeline/Pipeline.php(180): Illuminate\\Foundation\\Http\\Middleware\\ConvertEmptyStringsToNull->handle(Object(Illuminate\\Http\\Request), Object(Closure))
#38 /Users/minpyaesonenyein/projects/skincollection/vendor/laravel/framework/src/Illuminate/Foundation/Http/Middleware/TrimStrings.php(36): Illuminate\\Pipeline\\Pipeline->{closure:{closure:Illuminate\\Pipeline\\Pipeline::carry():155}:156}(Object(Illuminate\\Http\\Request))
#39 /Users/minpyaesonenyein/projects/skincollection/vendor/laravel/framework/src/Illuminate/Pipeline/Pipeline.php(180): Illuminate\\Foundation\\Http\\Middleware\\TrimStrings->handle(Object(Illuminate\\Http\\Request), Object(Closure))
#40 /Users/minpyaesonenyein/projects/skincollection/vendor/laravel/framework/src/Illuminate/Foundation/Http/Middleware/ValidatePostSize.php(27): Illuminate\\Pipeline\\Pipeline->{closure:{closure:Illuminate\\Pipeline\\Pipeline::carry():155}:156}(Object(Illuminate\\Http\\Request))
#41 /Users/minpyaesonenyein/projects/skincollection/vendor/laravel/framework/src/Illuminate/Pipeline/Pipeline.php(180): Illuminate\\Foundation\\Http\\Middleware\\ValidatePostSize->handle(Object(Illuminate\\Http\\Request), Object(Closure))
#42 /Users/minpyaesonenyein/projects/skincollection/vendor/laravel/framework/src/Illuminate/Foundation/Http/Middleware/PreventRequestsDuringMaintenance.php(86): Illuminate\\Pipeline\\Pipeline->{closure:{closure:Illuminate\\Pipeline\\Pipeline::carry():155}:156}(Object(Illuminate\\Http\\Request))
#43 /Users/minpyaesonenyein/projects/skincollection/vendor/laravel/framework/src/Illuminate/Pipeline/Pipeline.php(180): Illuminate\\Foundation\\Http\\Middleware\\PreventRequestsDuringMaintenance->handle(Object(Illuminate\\Http\\Request), Object(Closure))
#44 /Users/minpyaesonenyein/projects/skincollection/vendor/fruitcake/laravel-cors/src/HandleCors.php(38): Illuminate\\Pipeline\\Pipeline->{closure:{closure:Illuminate\\Pipeline\\Pipeline::carry():155}:156}(Object(Illuminate\\Http\\Request))
#45 /Users/minpyaesonenyein/projects/skincollection/vendor/laravel/framework/src/Illuminate/Pipeline/Pipeline.php(180): Fruitcake\\Cors\\HandleCors->handle(Object(Illuminate\\Http\\Request), Object(Closure))
#46 /Users/minpyaesonenyein/projects/skincollection/vendor/laravel/framework/src/Illuminate/Http/Middleware/TrustProxies.php(39): Illuminate\\Pipeline\\Pipeline->{closure:{closure:Illuminate\\Pipeline\\Pipeline::carry():155}:156}(Object(Illuminate\\Http\\Request))
#47 /Users/minpyaesonenyein/projects/skincollection/vendor/laravel/framework/src/Illuminate/Pipeline/Pipeline.php(180): Illuminate\\Http\\Middleware\\TrustProxies->handle(Object(Illuminate\\Http\\Request), Object(Closure))
#48 /Users/minpyaesonenyein/projects/skincollection/vendor/laravel/framework/src/Illuminate/Pipeline/Pipeline.php(116): Illuminate\\Pipeline\\Pipeline->{closure:{closure:Illuminate\\Pipeline\\Pipeline::carry():155}:156}(Object(Illuminate\\Http\\Request))
#49 /Users/minpyaesonenyein/projects/skincollection/vendor/laravel/framework/src/Illuminate/Foundation/Http/Kernel.php(165): Illuminate\\Pipeline\\Pipeline->then(Object(Closure))
#50 /Users/minpyaesonenyein/projects/skincollection/vendor/laravel/framework/src/Illuminate/Foundation/Http/Kernel.php(134): Illuminate\\Foundation\\Http\\Kernel->sendRequestThroughRouter(Object(Illuminate\\Http\\Request))
#51 /Users/minpyaesonenyein/projects/skincollection/public/index.php(51): Illuminate\\Foundation\\Http\\Kernel->handle(Object(Illuminate\\Http\\Request))
#52 /Users/minpyaesonenyein/projects/skincollection/server.php(21): require_once('/Users/minpyaes...')
#53 {main}
"} 
[2025-12-14 05:31:42] local.ERROR: A `view-clinics` permission already exists for guard `web`. {"exception":"[object] (Spatie\\Permission\\Exceptions\\PermissionAlreadyExists(code: 0): A `view-clinics` permission already exists for guard `web`. at /Users/minpyaesonenyein/projects/skincollection/vendor/spatie/laravel-permission/src/Exceptions/PermissionAlreadyExists.php:11)
[stacktrace]
#0 /Users/minpyaesonenyein/projects/skincollection/vendor/spatie/laravel-permission/src/Models/Permission.php(51): Spatie\\Permission\\Exceptions\\PermissionAlreadyExists::create('view-clinics', 'web')
#1 /Users/minpyaesonenyein/projects/skincollection/database/seeders/RolePermissionSeeder.php(77): Spatie\\Permission\\Models\\Permission::create(Array)
#2 /Users/minpyaesonenyein/projects/skincollection/vendor/laravel/framework/src/Illuminate/Container/BoundMethod.php(36): Database\\Seeders\\RolePermissionSeeder->run()
#3 /Users/minpyaesonenyein/projects/skincollection/vendor/laravel/framework/src/Illuminate/Container/Util.php(41): Illuminate\\Container\\BoundMethod::{closure:Illuminate\\Container\\BoundMethod::call():35}()
#4 /Users/minpyaesonenyein/projects/skincollection/vendor/laravel/framework/src/Illuminate/Container/BoundMethod.php(93): Illuminate\\Container\\Util::unwrapIfClosure(Object(Closure))
#5 /Users/minpyaesonenyein/projects/skincollection/vendor/laravel/framework/src/Illuminate/Container/BoundMethod.php(35): Illuminate\\Container\\BoundMethod::callBoundMethod(Object(Illuminate\\Foundation\\Application), Array, Object(Closure))
#6 /Users/minpyaesonenyein/projects/skincollection/vendor/laravel/framework/src/Illuminate/Container/Container.php(661): Illuminate\\Container\\BoundMethod::call(Object(Illuminate\\Foundation\\Application), Array, Array, NULL)
#7 /Users/minpyaesonenyein/projects/skincollection/vendor/laravel/framework/src/Illuminate/Database/Seeder.php(184): Illuminate\\Container\\Container->call(Array, Array)
#8 /Users/minpyaesonenyein/projects/skincollection/vendor/laravel/framework/src/Illuminate/Database/Seeder.php(193): Illuminate\\Database\\Seeder->{closure:Illuminate\\Database\\Seeder::__invoke():183}()
#9 /Users/minpyaesonenyein/projects/skincollection/vendor/laravel/framework/src/Illuminate/Database/Seeder.php(61): Illuminate\\Database\\Seeder->__invoke(Array)
#10 /Users/minpyaesonenyein/projects/skincollection/database/seeders/DatabaseSeeder.php(16): Illuminate\\Database\\Seeder->call('Database\\\\Seeder...')
#11 /Users/minpyaesonenyein/projects/skincollection/vendor/laravel/framework/src/Illuminate/Container/BoundMethod.php(36): Database\\Seeders\\DatabaseSeeder->run()
#12 /Users/minpyaesonenyein/projects/skincollection/vendor/laravel/framework/src/Illuminate/Container/Util.php(41): Illuminate\\Container\\BoundMethod::{closure:Illuminate\\Container\\BoundMethod::call():35}()
#13 /Users/minpyaesonenyein/projects/skincollection/vendor/laravel/framework/src/Illuminate/Container/BoundMethod.php(93): Illuminate\\Container\\Util::unwrapIfClosure(Object(Closure))
#14 /Users/minpyaesonenyein/projects/skincollection/vendor/laravel/framework/src/Illuminate/Container/BoundMethod.php(35): Illuminate\\Container\\BoundMethod::callBoundMethod(Object(Illuminate\\Foundation\\Application), Array, Object(Closure))
#15 /Users/minpyaesonenyein/projects/skincollection/vendor/laravel/framework/src/Illuminate/Container/Container.php(661): Illuminate\\Container\\BoundMethod::call(Object(Illuminate\\Foundation\\Application), Array, Array, NULL)
#16 /Users/minpyaesonenyein/projects/skincollection/vendor/laravel/framework/src/Illuminate/Database/Seeder.php(184): Illuminate\\Container\\Container->call(Array, Array)
#17 /Users/minpyaesonenyein/projects/skincollection/vendor/laravel/framework/src/Illuminate/Database/Seeder.php(193): Illuminate\\Database\\Seeder->{closure:Illuminate\\Database\\Seeder::__invoke():183}()
#18 /Users/minpyaesonenyein/projects/skincollection/vendor/laravel/framework/src/Illuminate/Database/Console/Seeds/SeedCommand.php(81): Illuminate\\Database\\Seeder->__invoke()
#19 /Users/minpyaesonenyein/projects/skincollection/vendor/laravel/framework/src/Illuminate/Database/Eloquent/Concerns/GuardsAttributes.php(155): Illuminate\\Database\\Console\\Seeds\\SeedCommand->{closure:Illuminate\\Database\\Console\\Seeds\\SeedCommand::handle():80}()
#20 /Users/minpyaesonenyein/projects/skincollection/vendor/laravel/framework/src/Illuminate/Database/Console/Seeds/SeedCommand.php(80): Illuminate\\Database\\Eloquent\\Model::unguarded(Object(Closure))
#21 /Users/minpyaesonenyein/projects/skincollection/vendor/laravel/framework/src/Illuminate/Container/BoundMethod.php(36): Illuminate\\Database\\Console\\Seeds\\SeedCommand->handle()
#22 /Users/minpyaesonenyein/projects/skincollection/vendor/laravel/framework/src/Illuminate/Container/Util.php(41): Illuminate\\Container\\BoundMethod::{closure:Illuminate\\Container\\BoundMethod::call():35}()
#23 /Users/minpyaesonenyein/projects/skincollection/vendor/laravel/framework/src/Illuminate/Container/BoundMethod.php(93): Illuminate\\Container\\Util::unwrapIfClosure(Object(Closure))
#24 /Users/minpyaesonenyein/projects/skincollection/vendor/laravel/framework/src/Illuminate/Container/BoundMethod.php(35): Illuminate\\Container\\BoundMethod::callBoundMethod(Object(Illuminate\\Foundation\\Application), Array, Object(Closure))
#25 /Users/minpyaesonenyein/projects/skincollection/vendor/laravel/framework/src/Illuminate/Container/Container.php(661): Illuminate\\Container\\BoundMethod::call(Object(Illuminate\\Foundation\\Application), Array, Array, NULL)
#26 /Users/minpyaesonenyein/projects/skincollection/vendor/laravel/framework/src/Illuminate/Console/Command.php(183): Illuminate\\Container\\Container->call(Array)
#27 /Users/minpyaesonenyein/projects/skincollection/vendor/symfony/console/Command/Command.php(326): Illuminate\\Console\\Command->execute(Object(Symfony\\Component\\Console\\Input\\ArgvInput), Object(Illuminate\\Console\\OutputStyle))
#28 /Users/minpyaesonenyein/projects/skincollection/vendor/laravel/framework/src/Illuminate/Console/Command.php(152): Symfony\\Component\\Console\\Command\\Command->run(Object(Symfony\\Component\\Console\\Input\\ArgvInput), Object(Illuminate\\Console\\OutputStyle))
#29 /Users/minpyaesonenyein/projects/skincollection/vendor/symfony/console/Application.php(1083): Illuminate\\Console\\Command->run(Object(Symfony\\Component\\Console\\Input\\ArgvInput), Object(Symfony\\Component\\Console\\Output\\ConsoleOutput))
#30 /Users/minpyaesonenyein/projects/skincollection/vendor/symfony/console/Application.php(324): Symfony\\Component\\Console\\Application->doRunCommand(Object(Illuminate\\Database\\Console\\Seeds\\SeedCommand), Object(Symfony\\Component\\Console\\Input\\ArgvInput), Object(Symfony\\Component\\Console\\Output\\ConsoleOutput))
#31 /Users/minpyaesonenyein/projects/skincollection/vendor/symfony/console/Application.php(175): Symfony\\Component\\Console\\Application->doRun(Object(Symfony\\Component\\Console\\Input\\ArgvInput), Object(Symfony\\Component\\Console\\Output\\ConsoleOutput))
#32 /Users/minpyaesonenyein/projects/skincollection/vendor/laravel/framework/src/Illuminate/Console/Application.php(102): Symfony\\Component\\Console\\Application->run(Object(Symfony\\Component\\Console\\Input\\ArgvInput), Object(Symfony\\Component\\Console\\Output\\ConsoleOutput))
#33 /Users/minpyaesonenyein/projects/skincollection/vendor/laravel/framework/src/Illuminate/Foundation/Console/Kernel.php(155): Illuminate\\Console\\Application->run(Object(Symfony\\Component\\Console\\Input\\ArgvInput), Object(Symfony\\Component\\Console\\Output\\ConsoleOutput))
#34 /Users/minpyaesonenyein/projects/skincollection/artisan(35): Illuminate\\Foundation\\Console\\Kernel->handle(Object(Symfony\\Component\\Console\\Input\\ArgvInput), Object(Symfony\\Component\\Console\\Output\\ConsoleOutput))
#35 {main}
"} 
[2025-12-14 05:31:59] local.INFO: [clinic-switcher] switchClinic called {"value":"1"} 
[2025-12-14 05:32:14] local.INFO: [clinic-switcher] switchClinic called {"value":"all"} 
[2025-12-14 05:32:45] local.INFO: [clinic-switcher] switchClinic called {"value":"1"} 
[2025-12-14 05:33:05] local.INFO: [clinic-switcher] switchClinic called {"value":"2"} 
[2025-12-14 05:33:11] local.INFO: [clinic-switcher] switchClinic called {"value":"1"} 
[2025-12-14 05:33:23] local.INFO: [clinic-switcher] switchClinic called {"value":"2"} 
[2025-12-14 05:33:28] local.INFO: [clinic-switcher] switchClinic called {"value":"1"} 
[2025-12-14 05:33:42] local.INFO: [clinic-switcher] switchClinic called {"value":"2"} 
[2025-12-14 05:33:55] local.INFO: [clinic-switcher] switchClinic called {"value":"1"} 
[2025-12-14 05:34:35] local.INFO: [clinic-switcher] switchClinic called {"value":"all"} 
[2025-12-14 05:34:39] local.INFO: [clinic-switcher] switchClinic called {"value":"2"} 
[2025-12-14 05:34:56] local.INFO: [clinic-switcher] switchClinic called {"value":"1"} 
[2025-12-14 07:33:51] local.ERROR: Livewire only supports one HTML element per component. Multiple root elements detected for component: [treatments-manager] {"userId":1,"exception":"[object] (Livewire\\Features\\SupportMultipleRootElementDetection\\MultipleRootElementsDetectedException(code: 0): Livewire only supports one HTML element per component. Multiple root elements detected for component: [treatments-manager] at /Users/minpyaesonenyein/projects/skincollection/vendor/livewire/livewire/src/Features/SupportMultipleRootElementDetection/SupportMultipleRootElementDetection.php:27)
[stacktrace]
#0 /Users/minpyaesonenyein/projects/skincollection/vendor/livewire/livewire/src/Features/SupportMultipleRootElementDetection/SupportMultipleRootElementDetection.php(16): Livewire\\Features\\SupportMultipleRootElementDetection\\SupportMultipleRootElementDetection->warnAgainstMoreThanOneRootElement(Object(App\\Http\\Livewire\\TreatmentsManager), '<div wire:snaps...')
#1 /Users/minpyaesonenyein/projects/skincollection/vendor/livewire/livewire/src/EventBus.php(73): Livewire\\Features\\SupportMultipleRootElementDetection\\SupportMultipleRootElementDetection::{closure:{closure:Livewire\\Features\\SupportMultipleRootElementDetection\\SupportMultipleRootElementDetection::provide():12}:15}('<div wire:snaps...', Array)
#2 /Users/minpyaesonenyein/projects/skincollection/vendor/livewire/livewire/src/Mechanisms/HandleComponents/HandleComponents.php(77): Livewire\\EventBus->{closure:Livewire\\EventBus::trigger():67}('<div wire:snaps...', Array)
#3 /Users/minpyaesonenyein/projects/skincollection/vendor/livewire/livewire/src/LivewireManager.php(72): Livewire\\Mechanisms\\HandleComponents\\HandleComponents->mount('treatments-mana...', Array, 'MUk351Y')
#4 /Users/minpyaesonenyein/projects/skincollection/storage/framework/views/c73d6b45ddeffa38fff6bdaaac8362dd6ddd5aca.php(13): Livewire\\LivewireManager->mount('treatments-mana...', Array, 'MUk351Y', Array, Array)
#5 /Users/minpyaesonenyein/projects/skincollection/vendor/laravel/framework/src/Illuminate/Filesystem/Filesystem.php(109): require('/Users/minpyaes...')
#6 /Users/minpyaesonenyein/projects/skincollection/vendor/laravel/framework/src/Illuminate/Filesystem/Filesystem.php(110): Illuminate\\Filesystem\\Filesystem::{closure:Illuminate\\Filesystem\\Filesystem::getRequire():106}()
#7 /Users/minpyaesonenyein/projects/skincollection/vendor/laravel/framework/src/Illuminate/View/Engines/PhpEngine.php(58): Illuminate\\Filesystem\\Filesystem->getRequire('/Users/minpyaes...', Array)
#8 /Users/minpyaesonenyein/projects/skincollection/vendor/livewire/livewire/src/Mechanisms/ExtendBlade/ExtendedCompilerEngine.php(22): Illuminate\\View\\Engines\\PhpEngine->evaluatePath('/Users/minpyaes...', Array)
#9 /Users/minpyaesonenyein/projects/skincollection/vendor/laravel/framework/src/Illuminate/View/Engines/CompilerEngine.php(70): Livewire\\Mechanisms\\ExtendBlade\\ExtendedCompilerEngine->evaluatePath('/Users/minpyaes...', Array)
#10 /Users/minpyaesonenyein/projects/skincollection/vendor/livewire/livewire/src/Mechanisms/ExtendBlade/ExtendedCompilerEngine.php(10): Illuminate\\View\\Engines\\CompilerEngine->get('/Users/minpyaes...', Array)
#11 /Users/minpyaesonenyein/projects/skincollection/vendor/laravel/framework/src/Illuminate/View/View.php(195): Livewire\\Mechanisms\\ExtendBlade\\ExtendedCompilerEngine->get('/Users/minpyaes...', Array)
#12 /Users/minpyaesonenyein/projects/skincollection/vendor/laravel/framework/src/Illuminate/View/View.php(178): Illuminate\\View\\View->getContents()
#13 /Users/minpyaesonenyein/projects/skincollection/vendor/laravel/framework/src/Illuminate/View/View.php(147): Illuminate\\View\\View->renderContents()
#14 /Users/minpyaesonenyein/projects/skincollection/vendor/laravel/framework/src/Illuminate/Http/Response.php(69): Illuminate\\View\\View->render()
#15 /Users/minpyaesonenyein/projects/skincollection/vendor/laravel/framework/src/Illuminate/Http/Response.php(35): Illuminate\\Http\\Response->setContent(Object(Illuminate\\View\\View))
#16 /Users/minpyaesonenyein/projects/skincollection/vendor/laravel/framework/src/Illuminate/Routing/Router.php(906): Illuminate\\Http\\Response->__construct(Object(Illuminate\\View\\View), 200, Array)
#17 /Users/minpyaesonenyein/projects/skincollection/vendor/laravel/framework/src/Illuminate/Routing/Router.php(875): Illuminate\\Routing\\Router::toResponse(Object(Illuminate\\Http\\Request), Object(Illuminate\\View\\View))
#18 /Users/minpyaesonenyein/projects/skincollection/vendor/laravel/framework/src/Illuminate/Routing/Router.php(797): Illuminate\\Routing\\Router->prepareResponse(Object(Illuminate\\Http\\Request), Object(Illuminate\\View\\View))
#19 /Users/minpyaesonenyein/projects/skincollection/vendor/laravel/framework/src/Illuminate/Pipeline/Pipeline.php(141): Illuminate\\Routing\\Router->{closure:Illuminate\\Routing\\Router::runRouteWithinStack():797}(Object(Illuminate\\Http\\Request))
#20 /Users/minpyaesonenyein/projects/skincollection/app/Http/Middleware/EnsureClinicContext.php(34): Illuminate\\Pipeline\\Pipeline->{closure:Illuminate\\Pipeline\\Pipeline::prepareDestination():139}(Object(Illuminate\\Http\\Request))
#21 /Users/minpyaesonenyein/projects/skincollection/vendor/laravel/framework/src/Illuminate/Pipeline/Pipeline.php(180): App\\Http\\Middleware\\EnsureClinicContext->handle(Object(Illuminate\\Http\\Request), Object(Closure))
#22 /Users/minpyaesonenyein/projects/skincollection/vendor/laravel/framework/src/Illuminate/Routing/Middleware/SubstituteBindings.php(50): Illuminate\\Pipeline\\Pipeline->{closure:{closure:Illuminate\\Pipeline\\Pipeline::carry():155}:156}(Object(Illuminate\\Http\\Request))
#23 /Users/minpyaesonenyein/projects/skincollection/vendor/laravel/framework/src/Illuminate/Pipeline/Pipeline.php(180): Illuminate\\Routing\\Middleware\\SubstituteBindings->handle(Object(Illuminate\\Http\\Request), Object(Closure))
#24 /Users/minpyaesonenyein/projects/skincollection/vendor/laravel/framework/src/Illuminate/Auth/Middleware/Authenticate.php(44): Illuminate\\Pipeline\\Pipeline->{closure:{closure:Illuminate\\Pipeline\\Pipeline::carry():155}:156}(Object(Illuminate\\Http\\Request))
#25 /Users/minpyaesonenyein/projects/skincollection/vendor/laravel/framework/src/Illuminate/Pipeline/Pipeline.php(180): Illuminate\\Auth\\Middleware\\Authenticate->handle(Object(Illuminate\\Http\\Request), Object(Closure))
#26 /Users/minpyaesonenyein/projects/skincollection/vendor/laravel/framework/src/Illuminate/Foundation/Http/Middleware/VerifyCsrfToken.php(78): Illuminate\\Pipeline\\Pipeline->{closure:{closure:Illuminate\\Pipeline\\Pipeline::carry():155}:156}(Object(Illuminate\\Http\\Request))
#27 /Users/minpyaesonenyein/projects/skincollection/vendor/laravel/framework/src/Illuminate/Pipeline/Pipeline.php(180): Illuminate\\Foundation\\Http\\Middleware\\VerifyCsrfToken->handle(Object(Illuminate\\Http\\Request), Object(Closure))
#28 /Users/minpyaesonenyein/projects/skincollection/vendor/laravel/framework/src/Illuminate/View/Middleware/ShareErrorsFromSession.php(49): Illuminate\\Pipeline\\Pipeline->{closure:{closure:Illuminate\\Pipeline\\Pipeline::carry():155}:156}(Object(Illuminate\\Http\\Request))
#29 /Users/minpyaesonenyein/projects/skincollection/vendor/laravel/framework/src/Illuminate/Pipeline/Pipeline.php(180): Illuminate\\View\\Middleware\\ShareErrorsFromSession->handle(Object(Illuminate\\Http\\Request), Object(Closure))
#30 /Users/minpyaesonenyein/projects/skincollection/vendor/laravel/framework/src/Illuminate/Session/Middleware/StartSession.php(121): Illuminate\\Pipeline\\Pipeline->{closure:{closure:Illuminate\\Pipeline\\Pipeline::carry():155}:156}(Object(Illuminate\\Http\\Request))
#31 /Users/minpyaesonenyein/projects/skincollection/vendor/laravel/framework/src/Illuminate/Session/Middleware/StartSession.php(64): Illuminate\\Session\\Middleware\\StartSession->handleStatefulRequest(Object(Illuminate\\Http\\Request), Object(Illuminate\\Session\\Store), Object(Closure))
#32 /Users/minpyaesonenyein/projects/skincollection/vendor/laravel/framework/src/Illuminate/Pipeline/Pipeline.php(180): Illuminate\\Session\\Middleware\\StartSession->handle(Object(Illuminate\\Http\\Request), Object(Closure))
#33 /Users/minpyaesonenyein/projects/skincollection/vendor/laravel/framework/src/Illuminate/Cookie/Middleware/AddQueuedCookiesToResponse.php(37): Illuminate\\Pipeline\\Pipeline->{closure:{closure:Illuminate\\Pipeline\\Pipeline::carry():155}:156}(Object(Illuminate\\Http\\Request))
#34 /Users/minpyaesonenyein/projects/skincollection/vendor/laravel/framework/src/Illuminate/Pipeline/Pipeline.php(180): Illuminate\\Cookie\\Middleware\\AddQueuedCookiesToResponse->handle(Object(Illuminate\\Http\\Request), Object(Closure))
#35 /Users/minpyaesonenyein/projects/skincollection/vendor/laravel/framework/src/Illuminate/Cookie/Middleware/EncryptCookies.php(67): Illuminate\\Pipeline\\Pipeline->{closure:{closure:Illuminate\\Pipeline\\Pipeline::carry():155}:156}(Object(Illuminate\\Http\\Request))
#36 /Users/minpyaesonenyein/projects/skincollection/vendor/laravel/framework/src/Illuminate/Pipeline/Pipeline.php(180): Illuminate\\Cookie\\Middleware\\EncryptCookies->handle(Object(Illuminate\\Http\\Request), Object(Closure))
#37 /Users/minpyaesonenyein/projects/skincollection/vendor/laravel/framework/src/Illuminate/Pipeline/Pipeline.php(116): Illuminate\\Pipeline\\Pipeline->{closure:{closure:Illuminate\\Pipeline\\Pipeline::carry():155}:156}(Object(Illuminate\\Http\\Request))
#38 /Users/minpyaesonenyein/projects/skincollection/vendor/laravel/framework/src/Illuminate/Routing/Router.php(797): Illuminate\\Pipeline\\Pipeline->then(Object(Closure))
#39 /Users/minpyaesonenyein/projects/skincollection/vendor/laravel/framework/src/Illuminate/Routing/Router.php(776): Illuminate\\Routing\\Router->runRouteWithinStack(Object(Illuminate\\Routing\\Route), Object(Illuminate\\Http\\Request))
#40 /Users/minpyaesonenyein/projects/skincollection/vendor/laravel/framework/src/Illuminate/Routing/Router.php(740): Illuminate\\Routing\\Router->runRoute(Object(Illuminate\\Http\\Request), Object(Illuminate\\Routing\\Route))
#41 /Users/minpyaesonenyein/projects/skincollection/vendor/laravel/framework/src/Illuminate/Routing/Router.php(729): Illuminate\\Routing\\Router->dispatchToRoute(Object(Illuminate\\Http\\Request))
#42 /Users/minpyaesonenyein/projects/skincollection/vendor/laravel/framework/src/Illuminate/Foundation/Http/Kernel.php(190): Illuminate\\Routing\\Router->dispatch(Object(Illuminate\\Http\\Request))
#43 /Users/minpyaesonenyein/projects/skincollection/vendor/laravel/framework/src/Illuminate/Pipeline/Pipeline.php(141): Illuminate\\Foundation\\Http\\Kernel->{closure:Illuminate\\Foundation\\Http\\Kernel::dispatchToRouter():187}(Object(Illuminate\\Http\\Request))
#44 /Users/minpyaesonenyein/projects/skincollection/vendor/livewire/livewire/src/Features/SupportDisablingBackButtonCache/DisableBackButtonCacheMiddleware.php(19): Illuminate\\Pipeline\\Pipeline->{closure:Illuminate\\Pipeline\\Pipeline::prepareDestination():139}(Object(Illuminate\\Http\\Request))
#45 /Users/minpyaesonenyein/projects/skincollection/vendor/laravel/framework/src/Illuminate/Pipeline/Pipeline.php(180): Livewire\\Features\\SupportDisablingBackButtonCache\\DisableBackButtonCacheMiddleware->handle(Object(Illuminate\\Http\\Request), Object(Closure))
#46 /Users/minpyaesonenyein/projects/skincollection/vendor/laravel/framework/src/Illuminate/Foundation/Http/Middleware/TransformsRequest.php(21): Illuminate\\Pipeline\\Pipeline->{closure:{closure:Illuminate\\Pipeline\\Pipeline::carry():155}:156}(Object(Illuminate\\Http\\Request))
#47 /Users/minpyaesonenyein/projects/skincollection/vendor/laravel/framework/src/Illuminate/Foundation/Http/Middleware/ConvertEmptyStringsToNull.php(31): Illuminate\\Foundation\\Http\\Middleware\\TransformsRequest->handle(Object(Illuminate\\Http\\Request), Object(Closure))
#48 /Users/minpyaesonenyein/projects/skincollection/vendor/laravel/framework/src/Illuminate/Pipeline/Pipeline.php(180): Illuminate\\Foundation\\Http\\Middleware\\ConvertEmptyStringsToNull->handle(Object(Illuminate\\Http\\Request), Object(Closure))
#49 /Users/minpyaesonenyein/projects/skincollection/vendor/laravel/framework/src/Illuminate/Foundation/Http/Middleware/TransformsRequest.php(21): Illuminate\\Pipeline\\Pipeline->{closure:{closure:Illuminate\\Pipeline\\Pipeline::carry():155}:156}(Object(Illuminate\\Http\\Request))
#50 /Users/minpyaesonenyein/projects/skincollection/vendor/laravel/framework/src/Illuminate/Foundation/Http/Middleware/TrimStrings.php(40): Illuminate\\Foundation\\Http\\Middleware\\TransformsRequest->handle(Object(Illuminate\\Http\\Request), Object(Closure))
#51 /Users/minpyaesonenyein/projects/skincollection/vendor/laravel/framework/src/Illuminate/Pipeline/Pipeline.php(180): Illuminate\\Foundation\\Http\\Middleware\\TrimStrings->handle(Object(Illuminate\\Http\\Request), Object(Closure))
#52 /Users/minpyaesonenyein/projects/skincollection/vendor/laravel/framework/src/Illuminate/Foundation/Http/Middleware/ValidatePostSize.php(27): Illuminate\\Pipeline\\Pipeline->{closure:{closure:Illuminate\\Pipeline\\Pipeline::carry():155}:156}(Object(Illuminate\\Http\\Request))
#53 /Users/minpyaesonenyein/projects/skincollection/vendor/laravel/framework/src/Illuminate/Pipeline/Pipeline.php(180): Illuminate\\Foundation\\Http\\Middleware\\ValidatePostSize->handle(Object(Illuminate\\Http\\Request), Object(Closure))
#54 /Users/minpyaesonenyein/projects/skincollection/vendor/laravel/framework/src/Illuminate/Foundation/Http/Middleware/PreventRequestsDuringMaintenance.php(86): Illuminate\\Pipeline\\Pipeline->{closure:{closure:Illuminate\\Pipeline\\Pipeline::carry():155}:156}(Object(Illuminate\\Http\\Request))
#55 /Users/minpyaesonenyein/projects/skincollection/vendor/laravel/framework/src/Illuminate/Pipeline/Pipeline.php(180): Illuminate\\Foundation\\Http\\Middleware\\PreventRequestsDuringMaintenance->handle(Object(Illuminate\\Http\\Request), Object(Closure))
#56 /Users/minpyaesonenyein/projects/skincollection/vendor/fruitcake/laravel-cors/src/HandleCors.php(38): Illuminate\\Pipeline\\Pipeline->{closure:{closure:Illuminate\\Pipeline\\Pipeline::carry():155}:156}(Object(Illuminate\\Http\\Request))
#57 /Users/minpyaesonenyein/projects/skincollection/vendor/laravel/framework/src/Illuminate/Pipeline/Pipeline.php(180): Fruitcake\\Cors\\HandleCors->handle(Object(Illuminate\\Http\\Request), Object(Closure))
#58 /Users/minpyaesonenyein/projects/skincollection/vendor/laravel/framework/src/Illuminate/Http/Middleware/TrustProxies.php(39): Illuminate\\Pipeline\\Pipeline->{closure:{closure:Illuminate\\Pipeline\\Pipeline::carry():155}:156}(Object(Illuminate\\Http\\Request))
#59 /Users/minpyaesonenyein/projects/skincollection/vendor/laravel/framework/src/Illuminate/Pipeline/Pipeline.php(180): Illuminate\\Http\\Middleware\\TrustProxies->handle(Object(Illuminate\\Http\\Request), Object(Closure))
#60 /Users/minpyaesonenyein/projects/skincollection/vendor/laravel/framework/src/Illuminate/Pipeline/Pipeline.php(116): Illuminate\\Pipeline\\Pipeline->{closure:{closure:Illuminate\\Pipeline\\Pipeline::carry():155}:156}(Object(Illuminate\\Http\\Request))
#61 /Users/minpyaesonenyein/projects/skincollection/vendor/laravel/framework/src/Illuminate/Foundation/Http/Kernel.php(165): Illuminate\\Pipeline\\Pipeline->then(Object(Closure))
#62 /Users/minpyaesonenyein/projects/skincollection/vendor/laravel/framework/src/Illuminate/Foundation/Http/Kernel.php(134): Illuminate\\Foundation\\Http\\Kernel->sendRequestThroughRouter(Object(Illuminate\\Http\\Request))
#63 /Users/minpyaesonenyein/projects/skincollection/public/index.php(51): Illuminate\\Foundation\\Http\\Kernel->handle(Object(Illuminate\\Http\\Request))
#64 /Users/minpyaesonenyein/projects/skincollection/server.php(21): require_once('/Users/minpyaes...')
#65 {main}
"} 
[2025-12-14 07:50:24] local.ERROR: PHP Parse error: Syntax error, unexpected T_OBJECT_OPERATOR on line 1 {"exception":"[object] (Psy\\Exception\\ParseErrorException(code: 0): PHP Parse error: Syntax error, unexpected T_OBJECT_OPERATOR on line 1 at /Users/minpyaesonenyein/projects/skincollection/vendor/psy/psysh/src/Exception/ParseErrorException.php:44)
[stacktrace]
#0 /Users/minpyaesonenyein/projects/skincollection/vendor/psy/psysh/src/CodeCleaner.php(488): Psy\\Exception\\ParseErrorException::fromParseError(Object(PhpParser\\Error))
#1 /Users/minpyaesonenyein/projects/skincollection/vendor/psy/psysh/src/CodeCleaner.php(269): Psy\\CodeCleaner->parse('<?php try { dum...', false)
#2 /Users/minpyaesonenyein/projects/skincollection/vendor/psy/psysh/src/Shell.php(953): Psy\\CodeCleaner->clean(Array, false)
#3 /Users/minpyaesonenyein/projects/skincollection/vendor/psy/psysh/src/Shell.php(986): Psy\\Shell->addCode('try { dump(\\\\Ill...', true)
#4 /Users/minpyaesonenyein/projects/skincollection/vendor/psy/psysh/src/Shell.php(1530): Psy\\Shell->setCode('try { dump(\\\\Ill...', true)
#5 /Users/minpyaesonenyein/projects/skincollection/vendor/laravel/tinker/src/Console/TinkerCommand.php(76): Psy\\Shell->execute('try { dump(\\\\Ill...')
#6 /Users/minpyaesonenyein/projects/skincollection/vendor/laravel/framework/src/Illuminate/Container/BoundMethod.php(36): Laravel\\Tinker\\Console\\TinkerCommand->handle()
#7 /Users/minpyaesonenyein/projects/skincollection/vendor/laravel/framework/src/Illuminate/Container/Util.php(41): Illuminate\\Container\\BoundMethod::{closure:Illuminate\\Container\\BoundMethod::call():35}()
#8 /Users/minpyaesonenyein/projects/skincollection/vendor/laravel/framework/src/Illuminate/Container/BoundMethod.php(93): Illuminate\\Container\\Util::unwrapIfClosure(Object(Closure))
#9 /Users/minpyaesonenyein/projects/skincollection/vendor/laravel/framework/src/Illuminate/Container/BoundMethod.php(35): Illuminate\\Container\\BoundMethod::callBoundMethod(Object(Illuminate\\Foundation\\Application), Array, Object(Closure))
#10 /Users/minpyaesonenyein/projects/skincollection/vendor/laravel/framework/src/Illuminate/Container/Container.php(661): Illuminate\\Container\\BoundMethod::call(Object(Illuminate\\Foundation\\Application), Array, Array, NULL)
#11 /Users/minpyaesonenyein/projects/skincollection/vendor/laravel/framework/src/Illuminate/Console/Command.php(183): Illuminate\\Container\\Container->call(Array)
#12 /Users/minpyaesonenyein/projects/skincollection/vendor/symfony/console/Command/Command.php(326): Illuminate\\Console\\Command->execute(Object(Symfony\\Component\\Console\\Input\\ArgvInput), Object(Illuminate\\Console\\OutputStyle))
#13 /Users/minpyaesonenyein/projects/skincollection/vendor/laravel/framework/src/Illuminate/Console/Command.php(152): Symfony\\Component\\Console\\Command\\Command->run(Object(Symfony\\Component\\Console\\Input\\ArgvInput), Object(Illuminate\\Console\\OutputStyle))
#14 /Users/minpyaesonenyein/projects/skincollection/vendor/symfony/console/Application.php(1083): Illuminate\\Console\\Command->run(Object(Symfony\\Component\\Console\\Input\\ArgvInput), Object(Symfony\\Component\\Console\\Output\\ConsoleOutput))
#15 /Users/minpyaesonenyein/projects/skincollection/vendor/symfony/console/Application.php(324): Symfony\\Component\\Console\\Application->doRunCommand(Object(Laravel\\Tinker\\Console\\TinkerCommand), Object(Symfony\\Component\\Console\\Input\\ArgvInput), Object(Symfony\\Component\\Console\\Output\\ConsoleOutput))
#16 /Users/minpyaesonenyein/projects/skincollection/vendor/symfony/console/Application.php(175): Symfony\\Component\\Console\\Application->doRun(Object(Symfony\\Component\\Console\\Input\\ArgvInput), Object(Symfony\\Component\\Console\\Output\\ConsoleOutput))
#17 /Users/minpyaesonenyein/projects/skincollection/vendor/laravel/framework/src/Illuminate/Console/Application.php(102): Symfony\\Component\\Console\\Application->run(Object(Symfony\\Component\\Console\\Input\\ArgvInput), Object(Symfony\\Component\\Console\\Output\\ConsoleOutput))
#18 /Users/minpyaesonenyein/projects/skincollection/vendor/laravel/framework/src/Illuminate/Foundation/Console/Kernel.php(155): Illuminate\\Console\\Application->run(Object(Symfony\\Component\\Console\\Input\\ArgvInput), Object(Symfony\\Component\\Console\\Output\\ConsoleOutput))
#19 /Users/minpyaesonenyein/projects/skincollection/artisan(35): Illuminate\\Foundation\\Console\\Kernel->handle(Object(Symfony\\Component\\Console\\Input\\ArgvInput), Object(Symfony\\Component\\Console\\Output\\ConsoleOutput))
#20 {main}
"} 
[2025-12-14 14:47:09] local.ERROR: Class "App\Models\TreatmentManager" not found {"view":{"view":"/Users/minpyaesonenyein/projects/skincollection/resources/views/invoice/index.blade.php","data":{"errors":"<pre class=sf-dump id=sf-dump-1000560442 data-indent-pad=\"  \"><span class=sf-dump-note>Illuminate\\Support\\ViewErrorBag</span> {<a class=sf-dump-ref>#1310</a><samp data-depth=1 class=sf-dump-expanded>
  #<span class=sf-dump-protected title=\"Protected property\">bags</span>: []
</samp>}
</pre><script>Sfdump(\"sf-dump-1000560442\", {\"maxDepth\":3,\"maxStringLength\":160})</script>
","activeClinic":"<pre class=sf-dump id=sf-dump-708771848 data-indent-pad=\"  \"><span class=sf-dump-note>App\\Models\\Clinic</span> {<a class=sf-dump-ref>#1364</a><samp data-depth=1 class=sf-dump-expanded>
  #<span class=sf-dump-protected title=\"Protected property\">connection</span>: \"<span class=sf-dump-str title=\"5 characters\">mysql</span>\"
  #<span class=sf-dump-protected title=\"Protected property\">table</span>: \"<span class=sf-dump-str title=\"7 characters\">clinics</span>\"
  #<span class=sf-dump-protected title=\"Protected property\">primaryKey</span>: \"<span class=sf-dump-str title=\"2 characters\">id</span>\"
  #<span class=sf-dump-protected title=\"Protected property\">keyType</span>: \"<span class=sf-dump-str title=\"3 characters\">int</span>\"
  +<span class=sf-dump-public title=\"Public property\">incrementing</span>: <span class=sf-dump-const>true</span>
  #<span class=sf-dump-protected title=\"Protected property\">with</span>: []
  #<span class=sf-dump-protected title=\"Protected property\">withCount</span>: []
  +<span class=sf-dump-public title=\"Public property\">preventsLazyLoading</span>: <span class=sf-dump-const>false</span>
  #<span class=sf-dump-protected title=\"Protected property\">perPage</span>: <span class=sf-dump-num>15</span>
  +<span class=sf-dump-public title=\"Public property\">exists</span>: <span class=sf-dump-const>true</span>
  +<span class=sf-dump-public title=\"Public property\">wasRecentlyCreated</span>: <span class=sf-dump-const>false</span>
  #<span class=sf-dump-protected title=\"Protected property\">escapeWhenCastingToString</span>: <span class=sf-dump-const>false</span>
  #<span class=sf-dump-protected title=\"Protected property\">attributes</span>: <span class=sf-dump-note>array:9</span> [<samp data-depth=2 class=sf-dump-compact>
    \"<span class=sf-dump-key>id</span>\" => <span class=sf-dump-num>1</span>
    \"<span class=sf-dump-key>name</span>\" => \"<span class=sf-dump-str title=\"11 characters\">Main Clinic</span>\"
    \"<span class=sf-dump-key>prefix</span>\" => \"<span class=sf-dump-str title=\"4 characters\">MAIN</span>\"
    \"<span class=sf-dump-key>email</span>\" => <span class=sf-dump-const>null</span>
    \"<span class=sf-dump-key>phone</span>\" => <span class=sf-dump-const>null</span>
    \"<span class=sf-dump-key>address</span>\" => <span class=sf-dump-const>null</span>
    \"<span class=sf-dump-key>status</span>\" => <span class=sf-dump-num>1</span>
    \"<span class=sf-dump-key>created_at</span>\" => \"<span class=sf-dump-str title=\"19 characters\">2025-12-14 08:48:43</span>\"
    \"<span class=sf-dump-key>updated_at</span>\" => \"<span class=sf-dump-str title=\"19 characters\">2025-12-14 08:48:43</span>\"
  </samp>]
  #<span class=sf-dump-protected title=\"Protected property\">original</span>: <span class=sf-dump-note>array:9</span> [<samp data-depth=2 class=sf-dump-compact>
    \"<span class=sf-dump-key>id</span>\" => <span class=sf-dump-num>1</span>
    \"<span class=sf-dump-key>name</span>\" => \"<span class=sf-dump-str title=\"11 characters\">Main Clinic</span>\"
    \"<span class=sf-dump-key>prefix</span>\" => \"<span class=sf-dump-str title=\"4 characters\">MAIN</span>\"
    \"<span class=sf-dump-key>email</span>\" => <span class=sf-dump-const>null</span>
    \"<span class=sf-dump-key>phone</span>\" => <span class=sf-dump-const>null</span>
    \"<span class=sf-dump-key>address</span>\" => <span class=sf-dump-const>null</span>
    \"<span class=sf-dump-key>status</span>\" => <span class=sf-dump-num>1</span>
    \"<span class=sf-dump-key>created_at</span>\" => \"<span class=sf-dump-str title=\"19 characters\">2025-12-14 08:48:43</span>\"
    \"<span class=sf-dump-key>updated_at</span>\" => \"<span class=sf-dump-str title=\"19 characters\">2025-12-14 08:48:43</span>\"
  </samp>]
  #<span class=sf-dump-protected title=\"Protected property\">changes</span>: []
  #<span class=sf-dump-protected title=\"Protected property\">casts</span>: []
  #<span class=sf-dump-protected title=\"Protected property\">classCastCache</span>: []
  #<span class=sf-dump-protected title=\"Protected property\">attributeCastCache</span>: []
  #<span class=sf-dump-protected title=\"Protected property\">dates</span>: []
  #<span class=sf-dump-protected title=\"Protected property\">dateFormat</span>: <span class=sf-dump-const>null</span>
  #<span class=sf-dump-protected title=\"Protected property\">appends</span>: []
  #<span class=sf-dump-protected title=\"Protected property\">dispatchesEvents</span>: []
  #<span class=sf-dump-protected title=\"Protected property\">observables</span>: []
  #<span class=sf-dump-protected title=\"Protected property\">relations</span>: []
  #<span class=sf-dump-protected title=\"Protected property\">touches</span>: []
  +<span class=sf-dump-public title=\"Public property\">timestamps</span>: <span class=sf-dump-const>true</span>
  #<span class=sf-dump-protected title=\"Protected property\">hidden</span>: []
  #<span class=sf-dump-protected title=\"Protected property\">visible</span>: []
  #<span class=sf-dump-protected title=\"Protected property\">fillable</span>: <span class=sf-dump-note>array:6</span> [<samp data-depth=2 class=sf-dump-compact>
    <span class=sf-dump-index>0</span> => \"<span class=sf-dump-str title=\"4 characters\">name</span>\"
    <span class=sf-dump-index>1</span> => \"<span class=sf-dump-str title=\"6 characters\">prefix</span>\"
    <span class=sf-dump-index>2</span> => \"<span class=sf-dump-str title=\"7 characters\">address</span>\"
    <span class=sf-dump-index>3</span> => \"<span class=sf-dump-str title=\"5 characters\">phone</span>\"
    <span class=sf-dump-index>4</span> => \"<span class=sf-dump-str title=\"5 characters\">email</span>\"
    <span class=sf-dump-index>5</span> => \"<span class=sf-dump-str title=\"6 characters\">status</span>\"
  </samp>]
  #<span class=sf-dump-protected title=\"Protected property\">guarded</span>: <span class=sf-dump-note>array:1</span> [<samp data-depth=2 class=sf-dump-compact>
    <span class=sf-dump-index>0</span> => \"<span class=sf-dump-str>*</span>\"
  </samp>]
</samp>}
</pre><script>Sfdump(\"sf-dump-708771848\", {\"maxDepth\":3,\"maxStringLength\":160})</script>
","viewingAllClinics":"<pre class=sf-dump id=sf-dump-1244947254 data-indent-pad=\"  \"><span class=sf-dump-const>false</span>
</pre><script>Sfdump(\"sf-dump-1244947254\", {\"maxDepth\":3,\"maxStringLength\":160})</script>
","availableClinics":"<pre class=sf-dump id=sf-dump-405981250 data-indent-pad=\"  \"><span class=sf-dump-note>Illuminate\\Database\\Eloquent\\Collection</span> {<a class=sf-dump-ref>#1354</a><samp data-depth=1 class=sf-dump-expanded>
  #<span class=sf-dump-protected title=\"Protected property\">items</span>: <span class=sf-dump-note>array:1</span> [<samp data-depth=2 class=sf-dump-compact>
    <span class=sf-dump-index>0</span> => <span class=\"sf-dump-note sf-dump-ellipsization\" title=\"App\\Models\\Clinic
\"><span class=\"sf-dump-ellipsis sf-dump-ellipsis-note\">App\\Models</span><span class=\"sf-dump-ellipsis sf-dump-ellipsis-note\">\\</span><span class=\"sf-dump-ellipsis-tail\">Clinic</span></span> {<a class=sf-dump-ref>#1357</a><samp data-depth=3 class=sf-dump-compact>
      #<span class=sf-dump-protected title=\"Protected property\">connection</span>: \"<span class=sf-dump-str title=\"5 characters\">mysql</span>\"
      #<span class=sf-dump-protected title=\"Protected property\">table</span>: \"<span class=sf-dump-str title=\"7 characters\">clinics</span>\"
      #<span class=sf-dump-protected title=\"Protected property\">primaryKey</span>: \"<span class=sf-dump-str title=\"2 characters\">id</span>\"
      #<span class=sf-dump-protected title=\"Protected property\">keyType</span>: \"<span class=sf-dump-str title=\"3 characters\">int</span>\"
      +<span class=sf-dump-public title=\"Public property\">incrementing</span>: <span class=sf-dump-const>true</span>
      #<span class=sf-dump-protected title=\"Protected property\">with</span>: []
      #<span class=sf-dump-protected title=\"Protected property\">withCount</span>: []
      +<span class=sf-dump-public title=\"Public property\">preventsLazyLoading</span>: <span class=sf-dump-const>false</span>
      #<span class=sf-dump-protected title=\"Protected property\">perPage</span>: <span class=sf-dump-num>15</span>
      +<span class=sf-dump-public title=\"Public property\">exists</span>: <span class=sf-dump-const>true</span>
      +<span class=sf-dump-public title=\"Public property\">wasRecentlyCreated</span>: <span class=sf-dump-const>false</span>
      #<span class=sf-dump-protected title=\"Protected property\">escapeWhenCastingToString</span>: <span class=sf-dump-const>false</span>
      #<span class=sf-dump-protected title=\"Protected property\">attributes</span>: <span class=sf-dump-note>array:9</span> [ &#8230;9]
      #<span class=sf-dump-protected title=\"Protected property\">original</span>: <span class=sf-dump-note>array:9</span> [ &#8230;9]
      #<span class=sf-dump-protected title=\"Protected property\">changes</span>: []
      #<span class=sf-dump-protected title=\"Protected property\">casts</span>: []
      #<span class=sf-dump-protected title=\"Protected property\">classCastCache</span>: []
      #<span class=sf-dump-protected title=\"Protected property\">attributeCastCache</span>: []
      #<span class=sf-dump-protected title=\"Protected property\">dates</span>: []
      #<span class=sf-dump-protected title=\"Protected property\">dateFormat</span>: <span class=sf-dump-const>null</span>
      #<span class=sf-dump-protected title=\"Protected property\">appends</span>: []
      #<span class=sf-dump-protected title=\"Protected property\">dispatchesEvents</span>: []
      #<span class=sf-dump-protected title=\"Protected property\">observables</span>: []
      #<span class=sf-dump-protected title=\"Protected property\">relations</span>: []
      #<span class=sf-dump-protected title=\"Protected property\">touches</span>: []
      +<span class=sf-dump-public title=\"Public property\">timestamps</span>: <span class=sf-dump-const>true</span>
      #<span class=sf-dump-protected title=\"Protected property\">hidden</span>: []
      #<span class=sf-dump-protected title=\"Protected property\">visible</span>: []
      #<span class=sf-dump-protected title=\"Protected property\">fillable</span>: <span class=sf-dump-note>array:6</span> [ &#8230;6]
      #<span class=sf-dump-protected title=\"Protected property\">guarded</span>: <span class=sf-dump-note>array:1</span> [ &#8230;1]
    </samp>}
  </samp>]
  #<span class=sf-dump-protected title=\"Protected property\">escapeWhenCastingToString</span>: <span class=sf-dump-const>false</span>
</samp>}
</pre><script>Sfdump(\"sf-dump-405981250\", {\"maxDepth\":3,\"maxStringLength\":160})</script>
"}},"userId":1,"exception":"[object] (Spatie\\LaravelIgnition\\Exceptions\\ViewException(code: 0): Class \"App\\Models\\TreatmentManager\" not found at /Users/minpyaesonenyein/projects/skincollection/app/Http/Livewire/InvoicesManager.php:427)
[stacktrace]
#0 /Users/minpyaesonenyein/projects/skincollection/app/Http/Livewire/InvoicesManager.php(115): App\\Http\\Livewire\\InvoicesManager->loadSelectableData()
#1 /Users/minpyaesonenyein/projects/skincollection/vendor/laravel/framework/src/Illuminate/Container/BoundMethod.php(36): App\\Http\\Livewire\\InvoicesManager->mount(Object(App\\Services\\ClinicContext))
#2 /Users/minpyaesonenyein/projects/skincollection/vendor/laravel/framework/src/Illuminate/Container/Util.php(41): Illuminate\\Container\\BoundMethod::{closure:Illuminate\\Container\\BoundMethod::call():35}()
#3 /Users/minpyaesonenyein/projects/skincollection/vendor/laravel/framework/src/Illuminate/Container/BoundMethod.php(93): Illuminate\\Container\\Util::unwrapIfClosure(Object(Closure))
#4 /Users/minpyaesonenyein/projects/skincollection/vendor/laravel/framework/src/Illuminate/Container/BoundMethod.php(35): Illuminate\\Container\\BoundMethod::callBoundMethod(Object(Illuminate\\Foundation\\Application), Array, Object(Closure))
#5 /Users/minpyaesonenyein/projects/skincollection/vendor/livewire/livewire/src/Wrapped.php(23): Illuminate\\Container\\BoundMethod::call(Object(Illuminate\\Foundation\\Application), Array, Array)
#6 /Users/minpyaesonenyein/projects/skincollection/vendor/livewire/livewire/src/Features/SupportLifecycleHooks/SupportLifecycleHooks.php(123): Livewire\\Wrapped->__call('mount', Array)
#7 /Users/minpyaesonenyein/projects/skincollection/vendor/livewire/livewire/src/Features/SupportLifecycleHooks/SupportLifecycleHooks.php(20): Livewire\\Features\\SupportLifecycleHooks\\SupportLifecycleHooks->callHook('mount', Array)
#8 /Users/minpyaesonenyein/projects/skincollection/vendor/livewire/livewire/src/ComponentHook.php(19): Livewire\\Features\\SupportLifecycleHooks\\SupportLifecycleHooks->mount(Array, false)
#9 /Users/minpyaesonenyein/projects/skincollection/vendor/livewire/livewire/src/ComponentHookRegistry.php(42): Livewire\\ComponentHook->callMount(Array, false)
#10 /Users/minpyaesonenyein/projects/skincollection/vendor/livewire/livewire/src/EventBus.php(60): Livewire\\ComponentHookRegistry::{closure:Livewire\\ComponentHookRegistry::boot():39}(Object(App\\Http\\Livewire\\InvoicesManager), Array, 'VZv66th', false)
#11 /Users/minpyaesonenyein/projects/skincollection/vendor/livewire/livewire/src/helpers.php(87): Livewire\\EventBus->trigger('mount', Object(App\\Http\\Livewire\\InvoicesManager), Array, 'VZv66th', false)
#12 /Users/minpyaesonenyein/projects/skincollection/vendor/livewire/livewire/src/Mechanisms/HandleComponents/HandleComponents.php(55): Livewire\\trigger('mount', Object(App\\Http\\Livewire\\InvoicesManager), Array, 'VZv66th', false)
#13 /Users/minpyaesonenyein/projects/skincollection/vendor/livewire/livewire/src/LivewireManager.php(72): Livewire\\Mechanisms\\HandleComponents\\HandleComponents->mount('invoices-manage...', Array, 'VZv66th')
#14 /Users/minpyaesonenyein/projects/skincollection/resources/views/invoice/index.blade.php(7): Livewire\\LivewireManager->mount('invoices-manage...', Array, 'VZv66th', Array, Array)
#15 /Users/minpyaesonenyein/projects/skincollection/vendor/laravel/framework/src/Illuminate/Filesystem/Filesystem.php(109): require('/Users/minpyaes...')
#16 /Users/minpyaesonenyein/projects/skincollection/vendor/laravel/framework/src/Illuminate/Filesystem/Filesystem.php(110): Illuminate\\Filesystem\\Filesystem::{closure:Illuminate\\Filesystem\\Filesystem::getRequire():106}()
#17 /Users/minpyaesonenyein/projects/skincollection/vendor/laravel/framework/src/Illuminate/View/Engines/PhpEngine.php(58): Illuminate\\Filesystem\\Filesystem->getRequire('/Users/minpyaes...', Array)
#18 /Users/minpyaesonenyein/projects/skincollection/vendor/livewire/livewire/src/Mechanisms/ExtendBlade/ExtendedCompilerEngine.php(22): Illuminate\\View\\Engines\\PhpEngine->evaluatePath('/Users/minpyaes...', Array)
#19 /Users/minpyaesonenyein/projects/skincollection/vendor/laravel/framework/src/Illuminate/View/Engines/CompilerEngine.php(70): Livewire\\Mechanisms\\ExtendBlade\\ExtendedCompilerEngine->evaluatePath('/Users/minpyaes...', Array)
#20 /Users/minpyaesonenyein/projects/skincollection/vendor/livewire/livewire/src/Mechanisms/ExtendBlade/ExtendedCompilerEngine.php(10): Illuminate\\View\\Engines\\CompilerEngine->get('/Users/minpyaes...', Array)
#21 /Users/minpyaesonenyein/projects/skincollection/vendor/laravel/framework/src/Illuminate/View/View.php(195): Livewire\\Mechanisms\\ExtendBlade\\ExtendedCompilerEngine->get('/Users/minpyaes...', Array)
#22 /Users/minpyaesonenyein/projects/skincollection/vendor/laravel/framework/src/Illuminate/View/View.php(178): Illuminate\\View\\View->getContents()
#23 /Users/minpyaesonenyein/projects/skincollection/vendor/laravel/framework/src/Illuminate/View/View.php(147): Illuminate\\View\\View->renderContents()
#24 /Users/minpyaesonenyein/projects/skincollection/vendor/laravel/framework/src/Illuminate/Http/Response.php(69): Illuminate\\View\\View->render()
#25 /Users/minpyaesonenyein/projects/skincollection/vendor/laravel/framework/src/Illuminate/Http/Response.php(35): Illuminate\\Http\\Response->setContent(Object(Illuminate\\View\\View))
#26 /Users/minpyaesonenyein/projects/skincollection/vendor/laravel/framework/src/Illuminate/Routing/Router.php(906): Illuminate\\Http\\Response->__construct(Object(Illuminate\\View\\View), 200, Array)
#27 /Users/minpyaesonenyein/projects/skincollection/vendor/laravel/framework/src/Illuminate/Routing/Router.php(875): Illuminate\\Routing\\Router::toResponse(Object(Illuminate\\Http\\Request), Object(Illuminate\\View\\View))
#28 /Users/minpyaesonenyein/projects/skincollection/vendor/laravel/framework/src/Illuminate/Routing/Router.php(797): Illuminate\\Routing\\Router->prepareResponse(Object(Illuminate\\Http\\Request), Object(Illuminate\\View\\View))
#29 /Users/minpyaesonenyein/projects/skincollection/vendor/laravel/framework/src/Illuminate/Pipeline/Pipeline.php(141): Illuminate\\Routing\\Router->{closure:Illuminate\\Routing\\Router::runRouteWithinStack():797}(Object(Illuminate\\Http\\Request))
#30 /Users/minpyaesonenyein/projects/skincollection/app/Http/Middleware/EnsureClinicContext.php(34): Illuminate\\Pipeline\\Pipeline->{closure:Illuminate\\Pipeline\\Pipeline::prepareDestination():139}(Object(Illuminate\\Http\\Request))
#31 /Users/minpyaesonenyein/projects/skincollection/vendor/laravel/framework/src/Illuminate/Pipeline/Pipeline.php(180): App\\Http\\Middleware\\EnsureClinicContext->handle(Object(Illuminate\\Http\\Request), Object(Closure))
#32 /Users/minpyaesonenyein/projects/skincollection/vendor/laravel/framework/src/Illuminate/Routing/Middleware/SubstituteBindings.php(50): Illuminate\\Pipeline\\Pipeline->{closure:{closure:Illuminate\\Pipeline\\Pipeline::carry():155}:156}(Object(Illuminate\\Http\\Request))
#33 /Users/minpyaesonenyein/projects/skincollection/vendor/laravel/framework/src/Illuminate/Pipeline/Pipeline.php(180): Illuminate\\Routing\\Middleware\\SubstituteBindings->handle(Object(Illuminate\\Http\\Request), Object(Closure))
#34 /Users/minpyaesonenyein/projects/skincollection/vendor/laravel/framework/src/Illuminate/Auth/Middleware/Authenticate.php(44): Illuminate\\Pipeline\\Pipeline->{closure:{closure:Illuminate\\Pipeline\\Pipeline::carry():155}:156}(Object(Illuminate\\Http\\Request))
#35 /Users/minpyaesonenyein/projects/skincollection/vendor/laravel/framework/src/Illuminate/Pipeline/Pipeline.php(180): Illuminate\\Auth\\Middleware\\Authenticate->handle(Object(Illuminate\\Http\\Request), Object(Closure))
#36 /Users/minpyaesonenyein/projects/skincollection/vendor/laravel/framework/src/Illuminate/Foundation/Http/Middleware/VerifyCsrfToken.php(78): Illuminate\\Pipeline\\Pipeline->{closure:{closure:Illuminate\\Pipeline\\Pipeline::carry():155}:156}(Object(Illuminate\\Http\\Request))
#37 /Users/minpyaesonenyein/projects/skincollection/vendor/laravel/framework/src/Illuminate/Pipeline/Pipeline.php(180): Illuminate\\Foundation\\Http\\Middleware\\VerifyCsrfToken->handle(Object(Illuminate\\Http\\Request), Object(Closure))
#38 /Users/minpyaesonenyein/projects/skincollection/vendor/laravel/framework/src/Illuminate/View/Middleware/ShareErrorsFromSession.php(49): Illuminate\\Pipeline\\Pipeline->{closure:{closure:Illuminate\\Pipeline\\Pipeline::carry():155}:156}(Object(Illuminate\\Http\\Request))
#39 /Users/minpyaesonenyein/projects/skincollection/vendor/laravel/framework/src/Illuminate/Pipeline/Pipeline.php(180): Illuminate\\View\\Middleware\\ShareErrorsFromSession->handle(Object(Illuminate\\Http\\Request), Object(Closure))
#40 /Users/minpyaesonenyein/projects/skincollection/vendor/laravel/framework/src/Illuminate/Session/Middleware/StartSession.php(121): Illuminate\\Pipeline\\Pipeline->{closure:{closure:Illuminate\\Pipeline\\Pipeline::carry():155}:156}(Object(Illuminate\\Http\\Request))
#41 /Users/minpyaesonenyein/projects/skincollection/vendor/laravel/framework/src/Illuminate/Session/Middleware/StartSession.php(64): Illuminate\\Session\\Middleware\\StartSession->handleStatefulRequest(Object(Illuminate\\Http\\Request), Object(Illuminate\\Session\\Store), Object(Closure))
#42 /Users/minpyaesonenyein/projects/skincollection/vendor/laravel/framework/src/Illuminate/Pipeline/Pipeline.php(180): Illuminate\\Session\\Middleware\\StartSession->handle(Object(Illuminate\\Http\\Request), Object(Closure))
#43 /Users/minpyaesonenyein/projects/skincollection/vendor/laravel/framework/src/Illuminate/Cookie/Middleware/AddQueuedCookiesToResponse.php(37): Illuminate\\Pipeline\\Pipeline->{closure:{closure:Illuminate\\Pipeline\\Pipeline::carry():155}:156}(Object(Illuminate\\Http\\Request))
#44 /Users/minpyaesonenyein/projects/skincollection/vendor/laravel/framework/src/Illuminate/Pipeline/Pipeline.php(180): Illuminate\\Cookie\\Middleware\\AddQueuedCookiesToResponse->handle(Object(Illuminate\\Http\\Request), Object(Closure))
#45 /Users/minpyaesonenyein/projects/skincollection/vendor/laravel/framework/src/Illuminate/Cookie/Middleware/EncryptCookies.php(67): Illuminate\\Pipeline\\Pipeline->{closure:{closure:Illuminate\\Pipeline\\Pipeline::carry():155}:156}(Object(Illuminate\\Http\\Request))
#46 /Users/minpyaesonenyein/projects/skincollection/vendor/laravel/framework/src/Illuminate/Pipeline/Pipeline.php(180): Illuminate\\Cookie\\Middleware\\EncryptCookies->handle(Object(Illuminate\\Http\\Request), Object(Closure))
#47 /Users/minpyaesonenyein/projects/skincollection/vendor/laravel/framework/src/Illuminate/Pipeline/Pipeline.php(116): Illuminate\\Pipeline\\Pipeline->{closure:{closure:Illuminate\\Pipeline\\Pipeline::carry():155}:156}(Object(Illuminate\\Http\\Request))
#48 /Users/minpyaesonenyein/projects/skincollection/vendor/laravel/framework/src/Illuminate/Routing/Router.php(797): Illuminate\\Pipeline\\Pipeline->then(Object(Closure))
#49 /Users/minpyaesonenyein/projects/skincollection/vendor/laravel/framework/src/Illuminate/Routing/Router.php(776): Illuminate\\Routing\\Router->runRouteWithinStack(Object(Illuminate\\Routing\\Route), Object(Illuminate\\Http\\Request))
#50 /Users/minpyaesonenyein/projects/skincollection/vendor/laravel/framework/src/Illuminate/Routing/Router.php(740): Illuminate\\Routing\\Router->runRoute(Object(Illuminate\\Http\\Request), Object(Illuminate\\Routing\\Route))
#51 /Users/minpyaesonenyein/projects/skincollection/vendor/laravel/framework/src/Illuminate/Routing/Router.php(729): Illuminate\\Routing\\Router->dispatchToRoute(Object(Illuminate\\Http\\Request))
#52 /Users/minpyaesonenyein/projects/skincollection/vendor/laravel/framework/src/Illuminate/Foundation/Http/Kernel.php(190): Illuminate\\Routing\\Router->dispatch(Object(Illuminate\\Http\\Request))
#53 /Users/minpyaesonenyein/projects/skincollection/vendor/laravel/framework/src/Illuminate/Pipeline/Pipeline.php(141): Illuminate\\Foundation\\Http\\Kernel->{closure:Illuminate\\Foundation\\Http\\Kernel::dispatchToRouter():187}(Object(Illuminate\\Http\\Request))
#54 /Users/minpyaesonenyein/projects/skincollection/vendor/livewire/livewire/src/Features/SupportDisablingBackButtonCache/DisableBackButtonCacheMiddleware.php(19): Illuminate\\Pipeline\\Pipeline->{closure:Illuminate\\Pipeline\\Pipeline::prepareDestination():139}(Object(Illuminate\\Http\\Request))
#55 /Users/minpyaesonenyein/projects/skincollection/vendor/laravel/framework/src/Illuminate/Pipeline/Pipeline.php(180): Livewire\\Features\\SupportDisablingBackButtonCache\\DisableBackButtonCacheMiddleware->handle(Object(Illuminate\\Http\\Request), Object(Closure))
#56 /Users/minpyaesonenyein/projects/skincollection/vendor/laravel/framework/src/Illuminate/Foundation/Http/Middleware/TransformsRequest.php(21): Illuminate\\Pipeline\\Pipeline->{closure:{closure:Illuminate\\Pipeline\\Pipeline::carry():155}:156}(Object(Illuminate\\Http\\Request))
#57 /Users/minpyaesonenyein/projects/skincollection/vendor/laravel/framework/src/Illuminate/Foundation/Http/Middleware/ConvertEmptyStringsToNull.php(31): Illuminate\\Foundation\\Http\\Middleware\\TransformsRequest->handle(Object(Illuminate\\Http\\Request), Object(Closure))
#58 /Users/minpyaesonenyein/projects/skincollection/vendor/laravel/framework/src/Illuminate/Pipeline/Pipeline.php(180): Illuminate\\Foundation\\Http\\Middleware\\ConvertEmptyStringsToNull->handle(Object(Illuminate\\Http\\Request), Object(Closure))
#59 /Users/minpyaesonenyein/projects/skincollection/vendor/laravel/framework/src/Illuminate/Foundation/Http/Middleware/TransformsRequest.php(21): Illuminate\\Pipeline\\Pipeline->{closure:{closure:Illuminate\\Pipeline\\Pipeline::carry():155}:156}(Object(Illuminate\\Http\\Request))
#60 /Users/minpyaesonenyein/projects/skincollection/vendor/laravel/framework/src/Illuminate/Foundation/Http/Middleware/TrimStrings.php(40): Illuminate\\Foundation\\Http\\Middleware\\TransformsRequest->handle(Object(Illuminate\\Http\\Request), Object(Closure))
#61 /Users/minpyaesonenyein/projects/skincollection/vendor/laravel/framework/src/Illuminate/Pipeline/Pipeline.php(180): Illuminate\\Foundation\\Http\\Middleware\\TrimStrings->handle(Object(Illuminate\\Http\\Request), Object(Closure))
#62 /Users/minpyaesonenyein/projects/skincollection/vendor/laravel/framework/src/Illuminate/Foundation/Http/Middleware/ValidatePostSize.php(27): Illuminate\\Pipeline\\Pipeline->{closure:{closure:Illuminate\\Pipeline\\Pipeline::carry():155}:156}(Object(Illuminate\\Http\\Request))
#63 /Users/minpyaesonenyein/projects/skincollection/vendor/laravel/framework/src/Illuminate/Pipeline/Pipeline.php(180): Illuminate\\Foundation\\Http\\Middleware\\ValidatePostSize->handle(Object(Illuminate\\Http\\Request), Object(Closure))
#64 /Users/minpyaesonenyein/projects/skincollection/vendor/laravel/framework/src/Illuminate/Foundation/Http/Middleware/PreventRequestsDuringMaintenance.php(86): Illuminate\\Pipeline\\Pipeline->{closure:{closure:Illuminate\\Pipeline\\Pipeline::carry():155}:156}(Object(Illuminate\\Http\\Request))
#65 /Users/minpyaesonenyein/projects/skincollection/vendor/laravel/framework/src/Illuminate/Pipeline/Pipeline.php(180): Illuminate\\Foundation\\Http\\Middleware\\PreventRequestsDuringMaintenance->handle(Object(Illuminate\\Http\\Request), Object(Closure))
#66 /Users/minpyaesonenyein/projects/skincollection/vendor/fruitcake/laravel-cors/src/HandleCors.php(38): Illuminate\\Pipeline\\Pipeline->{closure:{closure:Illuminate\\Pipeline\\Pipeline::carry():155}:156}(Object(Illuminate\\Http\\Request))
#67 /Users/minpyaesonenyein/projects/skincollection/vendor/laravel/framework/src/Illuminate/Pipeline/Pipeline.php(180): Fruitcake\\Cors\\HandleCors->handle(Object(Illuminate\\Http\\Request), Object(Closure))
#68 /Users/minpyaesonenyein/projects/skincollection/vendor/laravel/framework/src/Illuminate/Http/Middleware/TrustProxies.php(39): Illuminate\\Pipeline\\Pipeline->{closure:{closure:Illuminate\\Pipeline\\Pipeline::carry():155}:156}(Object(Illuminate\\Http\\Request))
#69 /Users/minpyaesonenyein/projects/skincollection/vendor/laravel/framework/src/Illuminate/Pipeline/Pipeline.php(180): Illuminate\\Http\\Middleware\\TrustProxies->handle(Object(Illuminate\\Http\\Request), Object(Closure))
#70 /Users/minpyaesonenyein/projects/skincollection/vendor/laravel/framework/src/Illuminate/Pipeline/Pipeline.php(116): Illuminate\\Pipeline\\Pipeline->{closure:{closure:Illuminate\\Pipeline\\Pipeline::carry():155}:156}(Object(Illuminate\\Http\\Request))
#71 /Users/minpyaesonenyein/projects/skincollection/vendor/laravel/framework/src/Illuminate/Foundation/Http/Kernel.php(165): Illuminate\\Pipeline\\Pipeline->then(Object(Closure))
#72 /Users/minpyaesonenyein/projects/skincollection/vendor/laravel/framework/src/Illuminate/Foundation/Http/Kernel.php(134): Illuminate\\Foundation\\Http\\Kernel->sendRequestThroughRouter(Object(Illuminate\\Http\\Request))
#73 /Users/minpyaesonenyein/projects/skincollection/public/index.php(51): Illuminate\\Foundation\\Http\\Kernel->handle(Object(Illuminate\\Http\\Request))
#74 /Users/minpyaesonenyein/projects/skincollection/server.php(21): require_once('/Users/minpyaes...')
#75 {main}

[previous exception] [object] (Error(code: 0): Class \"App\\Models\\TreatmentManager\" not found at /Users/minpyaesonenyein/projects/skincollection/app/Http/Livewire/InvoicesManager.php:427)
[stacktrace]
#0 /Users/minpyaesonenyein/projects/skincollection/app/Http/Livewire/InvoicesManager.php(115): App\\Http\\Livewire\\InvoicesManager->loadSelectableData()
#1 /Users/minpyaesonenyein/projects/skincollection/vendor/laravel/framework/src/Illuminate/Container/BoundMethod.php(36): App\\Http\\Livewire\\InvoicesManager->mount(Object(App\\Services\\ClinicContext))
#2 /Users/minpyaesonenyein/projects/skincollection/vendor/laravel/framework/src/Illuminate/Container/Util.php(41): Illuminate\\Container\\BoundMethod::{closure:Illuminate\\Container\\BoundMethod::call():35}()
#3 /Users/minpyaesonenyein/projects/skincollection/vendor/laravel/framework/src/Illuminate/Container/BoundMethod.php(93): Illuminate\\Container\\Util::unwrapIfClosure(Object(Closure))
#4 /Users/minpyaesonenyein/projects/skincollection/vendor/laravel/framework/src/Illuminate/Container/BoundMethod.php(35): Illuminate\\Container\\BoundMethod::callBoundMethod(Object(Illuminate\\Foundation\\Application), Array, Object(Closure))
#5 /Users/minpyaesonenyein/projects/skincollection/vendor/livewire/livewire/src/Wrapped.php(23): Illuminate\\Container\\BoundMethod::call(Object(Illuminate\\Foundation\\Application), Array, Array)
#6 /Users/minpyaesonenyein/projects/skincollection/vendor/livewire/livewire/src/Features/SupportLifecycleHooks/SupportLifecycleHooks.php(123): Livewire\\Wrapped->__call('mount', Array)
#7 /Users/minpyaesonenyein/projects/skincollection/vendor/livewire/livewire/src/Features/SupportLifecycleHooks/SupportLifecycleHooks.php(20): Livewire\\Features\\SupportLifecycleHooks\\SupportLifecycleHooks->callHook('mount', Array)
#8 /Users/minpyaesonenyein/projects/skincollection/vendor/livewire/livewire/src/ComponentHook.php(19): Livewire\\Features\\SupportLifecycleHooks\\SupportLifecycleHooks->mount(Array, false)
#9 /Users/minpyaesonenyein/projects/skincollection/vendor/livewire/livewire/src/ComponentHookRegistry.php(42): Livewire\\ComponentHook->callMount(Array, false)
#10 /Users/minpyaesonenyein/projects/skincollection/vendor/livewire/livewire/src/EventBus.php(60): Livewire\\ComponentHookRegistry::{closure:Livewire\\ComponentHookRegistry::boot():39}(Object(App\\Http\\Livewire\\InvoicesManager), Array, 'VZv66th', false)
#11 /Users/minpyaesonenyein/projects/skincollection/vendor/livewire/livewire/src/helpers.php(87): Livewire\\EventBus->trigger('mount', Object(App\\Http\\Livewire\\InvoicesManager), Array, 'VZv66th', false)
#12 /Users/minpyaesonenyein/projects/skincollection/vendor/livewire/livewire/src/Mechanisms/HandleComponents/HandleComponents.php(55): Livewire\\trigger('mount', Object(App\\Http\\Livewire\\InvoicesManager), Array, 'VZv66th', false)
#13 /Users/minpyaesonenyein/projects/skincollection/vendor/livewire/livewire/src/LivewireManager.php(72): Livewire\\Mechanisms\\HandleComponents\\HandleComponents->mount('invoices-manage...', Array, 'VZv66th')
#14 /Users/minpyaesonenyein/projects/skincollection/storage/framework/views/ff475c2ebc05920d915ec74e02e26ba68600ddce.php(11): Livewire\\LivewireManager->mount('invoices-manage...', Array, 'VZv66th', Array, Array)
#15 /Users/minpyaesonenyein/projects/skincollection/vendor/laravel/framework/src/Illuminate/Filesystem/Filesystem.php(109): require('/Users/minpyaes...')
#16 /Users/minpyaesonenyein/projects/skincollection/vendor/laravel/framework/src/Illuminate/Filesystem/Filesystem.php(110): Illuminate\\Filesystem\\Filesystem::{closure:Illuminate\\Filesystem\\Filesystem::getRequire():106}()
#17 /Users/minpyaesonenyein/projects/skincollection/vendor/laravel/framework/src/Illuminate/View/Engines/PhpEngine.php(58): Illuminate\\Filesystem\\Filesystem->getRequire('/Users/minpyaes...', Array)
#18 /Users/minpyaesonenyein/projects/skincollection/vendor/livewire/livewire/src/Mechanisms/ExtendBlade/ExtendedCompilerEngine.php(22): Illuminate\\View\\Engines\\PhpEngine->evaluatePath('/Users/minpyaes...', Array)
#19 /Users/minpyaesonenyein/projects/skincollection/vendor/laravel/framework/src/Illuminate/View/Engines/CompilerEngine.php(70): Livewire\\Mechanisms\\ExtendBlade\\ExtendedCompilerEngine->evaluatePath('/Users/minpyaes...', Array)
#20 /Users/minpyaesonenyein/projects/skincollection/vendor/livewire/livewire/src/Mechanisms/ExtendBlade/ExtendedCompilerEngine.php(10): Illuminate\\View\\Engines\\CompilerEngine->get('/Users/minpyaes...', Array)
#21 /Users/minpyaesonenyein/projects/skincollection/vendor/laravel/framework/src/Illuminate/View/View.php(195): Livewire\\Mechanisms\\ExtendBlade\\ExtendedCompilerEngine->get('/Users/minpyaes...', Array)
#22 /Users/minpyaesonenyein/projects/skincollection/vendor/laravel/framework/src/Illuminate/View/View.php(178): Illuminate\\View\\View->getContents()
#23 /Users/minpyaesonenyein/projects/skincollection/vendor/laravel/framework/src/Illuminate/View/View.php(147): Illuminate\\View\\View->renderContents()
#24 /Users/minpyaesonenyein/projects/skincollection/vendor/laravel/framework/src/Illuminate/Http/Response.php(69): Illuminate\\View\\View->render()
#25 /Users/minpyaesonenyein/projects/skincollection/vendor/laravel/framework/src/Illuminate/Http/Response.php(35): Illuminate\\Http\\Response->setContent(Object(Illuminate\\View\\View))
#26 /Users/minpyaesonenyein/projects/skincollection/vendor/laravel/framework/src/Illuminate/Routing/Router.php(906): Illuminate\\Http\\Response->__construct(Object(Illuminate\\View\\View), 200, Array)
#27 /Users/minpyaesonenyein/projects/skincollection/vendor/laravel/framework/src/Illuminate/Routing/Router.php(875): Illuminate\\Routing\\Router::toResponse(Object(Illuminate\\Http\\Request), Object(Illuminate\\View\\View))
#28 /Users/minpyaesonenyein/projects/skincollection/vendor/laravel/framework/src/Illuminate/Routing/Router.php(797): Illuminate\\Routing\\Router->prepareResponse(Object(Illuminate\\Http\\Request), Object(Illuminate\\View\\View))
#29 /Users/minpyaesonenyein/projects/skincollection/vendor/laravel/framework/src/Illuminate/Pipeline/Pipeline.php(141): Illuminate\\Routing\\Router->{closure:Illuminate\\Routing\\Router::runRouteWithinStack():797}(Object(Illuminate\\Http\\Request))
#30 /Users/minpyaesonenyein/projects/skincollection/app/Http/Middleware/EnsureClinicContext.php(34): Illuminate\\Pipeline\\Pipeline->{closure:Illuminate\\Pipeline\\Pipeline::prepareDestination():139}(Object(Illuminate\\Http\\Request))
#31 /Users/minpyaesonenyein/projects/skincollection/vendor/laravel/framework/src/Illuminate/Pipeline/Pipeline.php(180): App\\Http\\Middleware\\EnsureClinicContext->handle(Object(Illuminate\\Http\\Request), Object(Closure))
#32 /Users/minpyaesonenyein/projects/skincollection/vendor/laravel/framework/src/Illuminate/Routing/Middleware/SubstituteBindings.php(50): Illuminate\\Pipeline\\Pipeline->{closure:{closure:Illuminate\\Pipeline\\Pipeline::carry():155}:156}(Object(Illuminate\\Http\\Request))
#33 /Users/minpyaesonenyein/projects/skincollection/vendor/laravel/framework/src/Illuminate/Pipeline/Pipeline.php(180): Illuminate\\Routing\\Middleware\\SubstituteBindings->handle(Object(Illuminate\\Http\\Request), Object(Closure))
#34 /Users/minpyaesonenyein/projects/skincollection/vendor/laravel/framework/src/Illuminate/Auth/Middleware/Authenticate.php(44): Illuminate\\Pipeline\\Pipeline->{closure:{closure:Illuminate\\Pipeline\\Pipeline::carry():155}:156}(Object(Illuminate\\Http\\Request))
#35 /Users/minpyaesonenyein/projects/skincollection/vendor/laravel/framework/src/Illuminate/Pipeline/Pipeline.php(180): Illuminate\\Auth\\Middleware\\Authenticate->handle(Object(Illuminate\\Http\\Request), Object(Closure))
#36 /Users/minpyaesonenyein/projects/skincollection/vendor/laravel/framework/src/Illuminate/Foundation/Http/Middleware/VerifyCsrfToken.php(78): Illuminate\\Pipeline\\Pipeline->{closure:{closure:Illuminate\\Pipeline\\Pipeline::carry():155}:156}(Object(Illuminate\\Http\\Request))
#37 /Users/minpyaesonenyein/projects/skincollection/vendor/laravel/framework/src/Illuminate/Pipeline/Pipeline.php(180): Illuminate\\Foundation\\Http\\Middleware\\VerifyCsrfToken->handle(Object(Illuminate\\Http\\Request), Object(Closure))
#38 /Users/minpyaesonenyein/projects/skincollection/vendor/laravel/framework/src/Illuminate/View/Middleware/ShareErrorsFromSession.php(49): Illuminate\\Pipeline\\Pipeline->{closure:{closure:Illuminate\\Pipeline\\Pipeline::carry():155}:156}(Object(Illuminate\\Http\\Request))
#39 /Users/minpyaesonenyein/projects/skincollection/vendor/laravel/framework/src/Illuminate/Pipeline/Pipeline.php(180): Illuminate\\View\\Middleware\\ShareErrorsFromSession->handle(Object(Illuminate\\Http\\Request), Object(Closure))
#40 /Users/minpyaesonenyein/projects/skincollection/vendor/laravel/framework/src/Illuminate/Session/Middleware/StartSession.php(121): Illuminate\\Pipeline\\Pipeline->{closure:{closure:Illuminate\\Pipeline\\Pipeline::carry():155}:156}(Object(Illuminate\\Http\\Request))
#41 /Users/minpyaesonenyein/projects/skincollection/vendor/laravel/framework/src/Illuminate/Session/Middleware/StartSession.php(64): Illuminate\\Session\\Middleware\\StartSession->handleStatefulRequest(Object(Illuminate\\Http\\Request), Object(Illuminate\\Session\\Store), Object(Closure))
#42 /Users/minpyaesonenyein/projects/skincollection/vendor/laravel/framework/src/Illuminate/Pipeline/Pipeline.php(180): Illuminate\\Session\\Middleware\\StartSession->handle(Object(Illuminate\\Http\\Request), Object(Closure))
#43 /Users/minpyaesonenyein/projects/skincollection/vendor/laravel/framework/src/Illuminate/Cookie/Middleware/AddQueuedCookiesToResponse.php(37): Illuminate\\Pipeline\\Pipeline->{closure:{closure:Illuminate\\Pipeline\\Pipeline::carry():155}:156}(Object(Illuminate\\Http\\Request))
#44 /Users/minpyaesonenyein/projects/skincollection/vendor/laravel/framework/src/Illuminate/Pipeline/Pipeline.php(180): Illuminate\\Cookie\\Middleware\\AddQueuedCookiesToResponse->handle(Object(Illuminate\\Http\\Request), Object(Closure))
#45 /Users/minpyaesonenyein/projects/skincollection/vendor/laravel/framework/src/Illuminate/Cookie/Middleware/EncryptCookies.php(67): Illuminate\\Pipeline\\Pipeline->{closure:{closure:Illuminate\\Pipeline\\Pipeline::carry():155}:156}(Object(Illuminate\\Http\\Request))
#46 /Users/minpyaesonenyein/projects/skincollection/vendor/laravel/framework/src/Illuminate/Pipeline/Pipeline.php(180): Illuminate\\Cookie\\Middleware\\EncryptCookies->handle(Object(Illuminate\\Http\\Request), Object(Closure))
#47 /Users/minpyaesonenyein/projects/skincollection/vendor/laravel/framework/src/Illuminate/Pipeline/Pipeline.php(116): Illuminate\\Pipeline\\Pipeline->{closure:{closure:Illuminate\\Pipeline\\Pipeline::carry():155}:156}(Object(Illuminate\\Http\\Request))
#48 /Users/minpyaesonenyein/projects/skincollection/vendor/laravel/framework/src/Illuminate/Routing/Router.php(797): Illuminate\\Pipeline\\Pipeline->then(Object(Closure))
#49 /Users/minpyaesonenyein/projects/skincollection/vendor/laravel/framework/src/Illuminate/Routing/Router.php(776): Illuminate\\Routing\\Router->runRouteWithinStack(Object(Illuminate\\Routing\\Route), Object(Illuminate\\Http\\Request))
#50 /Users/minpyaesonenyein/projects/skincollection/vendor/laravel/framework/src/Illuminate/Routing/Router.php(740): Illuminate\\Routing\\Router->runRoute(Object(Illuminate\\Http\\Request), Object(Illuminate\\Routing\\Route))
#51 /Users/minpyaesonenyein/projects/skincollection/vendor/laravel/framework/src/Illuminate/Routing/Router.php(729): Illuminate\\Routing\\Router->dispatchToRoute(Object(Illuminate\\Http\\Request))
#52 /Users/minpyaesonenyein/projects/skincollection/vendor/laravel/framework/src/Illuminate/Foundation/Http/Kernel.php(190): Illuminate\\Routing\\Router->dispatch(Object(Illuminate\\Http\\Request))
#53 /Users/minpyaesonenyein/projects/skincollection/vendor/laravel/framework/src/Illuminate/Pipeline/Pipeline.php(141): Illuminate\\Foundation\\Http\\Kernel->{closure:Illuminate\\Foundation\\Http\\Kernel::dispatchToRouter():187}(Object(Illuminate\\Http\\Request))
#54 /Users/minpyaesonenyein/projects/skincollection/vendor/livewire/livewire/src/Features/SupportDisablingBackButtonCache/DisableBackButtonCacheMiddleware.php(19): Illuminate\\Pipeline\\Pipeline->{closure:Illuminate\\Pipeline\\Pipeline::prepareDestination():139}(Object(Illuminate\\Http\\Request))
#55 /Users/minpyaesonenyein/projects/skincollection/vendor/laravel/framework/src/Illuminate/Pipeline/Pipeline.php(180): Livewire\\Features\\SupportDisablingBackButtonCache\\DisableBackButtonCacheMiddleware->handle(Object(Illuminate\\Http\\Request), Object(Closure))
#56 /Users/minpyaesonenyein/projects/skincollection/vendor/laravel/framework/src/Illuminate/Foundation/Http/Middleware/TransformsRequest.php(21): Illuminate\\Pipeline\\Pipeline->{closure:{closure:Illuminate\\Pipeline\\Pipeline::carry():155}:156}(Object(Illuminate\\Http\\Request))
#57 /Users/minpyaesonenyein/projects/skincollection/vendor/laravel/framework/src/Illuminate/Foundation/Http/Middleware/ConvertEmptyStringsToNull.php(31): Illuminate\\Foundation\\Http\\Middleware\\TransformsRequest->handle(Object(Illuminate\\Http\\Request), Object(Closure))
#58 /Users/minpyaesonenyein/projects/skincollection/vendor/laravel/framework/src/Illuminate/Pipeline/Pipeline.php(180): Illuminate\\Foundation\\Http\\Middleware\\ConvertEmptyStringsToNull->handle(Object(Illuminate\\Http\\Request), Object(Closure))
#59 /Users/minpyaesonenyein/projects/skincollection/vendor/laravel/framework/src/Illuminate/Foundation/Http/Middleware/TransformsRequest.php(21): Illuminate\\Pipeline\\Pipeline->{closure:{closure:Illuminate\\Pipeline\\Pipeline::carry():155}:156}(Object(Illuminate\\Http\\Request))
#60 /Users/minpyaesonenyein/projects/skincollection/vendor/laravel/framework/src/Illuminate/Foundation/Http/Middleware/TrimStrings.php(40): Illuminate\\Foundation\\Http\\Middleware\\TransformsRequest->handle(Object(Illuminate\\Http\\Request), Object(Closure))
#61 /Users/minpyaesonenyein/projects/skincollection/vendor/laravel/framework/src/Illuminate/Pipeline/Pipeline.php(180): Illuminate\\Foundation\\Http\\Middleware\\TrimStrings->handle(Object(Illuminate\\Http\\Request), Object(Closure))
#62 /Users/minpyaesonenyein/projects/skincollection/vendor/laravel/framework/src/Illuminate/Foundation/Http/Middleware/ValidatePostSize.php(27): Illuminate\\Pipeline\\Pipeline->{closure:{closure:Illuminate\\Pipeline\\Pipeline::carry():155}:156}(Object(Illuminate\\Http\\Request))
#63 /Users/minpyaesonenyein/projects/skincollection/vendor/laravel/framework/src/Illuminate/Pipeline/Pipeline.php(180): Illuminate\\Foundation\\Http\\Middleware\\ValidatePostSize->handle(Object(Illuminate\\Http\\Request), Object(Closure))
#64 /Users/minpyaesonenyein/projects/skincollection/vendor/laravel/framework/src/Illuminate/Foundation/Http/Middleware/PreventRequestsDuringMaintenance.php(86): Illuminate\\Pipeline\\Pipeline->{closure:{closure:Illuminate\\Pipeline\\Pipeline::carry():155}:156}(Object(Illuminate\\Http\\Request))
#65 /Users/minpyaesonenyein/projects/skincollection/vendor/laravel/framework/src/Illuminate/Pipeline/Pipeline.php(180): Illuminate\\Foundation\\Http\\Middleware\\PreventRequestsDuringMaintenance->handle(Object(Illuminate\\Http\\Request), Object(Closure))
#66 /Users/minpyaesonenyein/projects/skincollection/vendor/fruitcake/laravel-cors/src/HandleCors.php(38): Illuminate\\Pipeline\\Pipeline->{closure:{closure:Illuminate\\Pipeline\\Pipeline::carry():155}:156}(Object(Illuminate\\Http\\Request))
#67 /Users/minpyaesonenyein/projects/skincollection/vendor/laravel/framework/src/Illuminate/Pipeline/Pipeline.php(180): Fruitcake\\Cors\\HandleCors->handle(Object(Illuminate\\Http\\Request), Object(Closure))
#68 /Users/minpyaesonenyein/projects/skincollection/vendor/laravel/framework/src/Illuminate/Http/Middleware/TrustProxies.php(39): Illuminate\\Pipeline\\Pipeline->{closure:{closure:Illuminate\\Pipeline\\Pipeline::carry():155}:156}(Object(Illuminate\\Http\\Request))
#69 /Users/minpyaesonenyein/projects/skincollection/vendor/laravel/framework/src/Illuminate/Pipeline/Pipeline.php(180): Illuminate\\Http\\Middleware\\TrustProxies->handle(Object(Illuminate\\Http\\Request), Object(Closure))
#70 /Users/minpyaesonenyein/projects/skincollection/vendor/laravel/framework/src/Illuminate/Pipeline/Pipeline.php(116): Illuminate\\Pipeline\\Pipeline->{closure:{closure:Illuminate\\Pipeline\\Pipeline::carry():155}:156}(Object(Illuminate\\Http\\Request))
#71 /Users/minpyaesonenyein/projects/skincollection/vendor/laravel/framework/src/Illuminate/Foundation/Http/Kernel.php(165): Illuminate\\Pipeline\\Pipeline->then(Object(Closure))
#72 /Users/minpyaesonenyein/projects/skincollection/vendor/laravel/framework/src/Illuminate/Foundation/Http/Kernel.php(134): Illuminate\\Foundation\\Http\\Kernel->sendRequestThroughRouter(Object(Illuminate\\Http\\Request))
#73 /Users/minpyaesonenyein/projects/skincollection/public/index.php(51): Illuminate\\Foundation\\Http\\Kernel->handle(Object(Illuminate\\Http\\Request))
#74 /Users/minpyaesonenyein/projects/skincollection/server.php(21): require_once('/Users/minpyaes...')
#75 {main}
"} 
[2025-12-14 14:48:46] local.ERROR: SQLSTATE[42S22]: Column not found: 1054 Unknown column 'clinic_id' in 'field list' (SQL: select `id`, `clinic_id`, `name`, `price` from `treatment_packages` order by `name` asc) {"view":{"view":"/Users/minpyaesonenyein/projects/skincollection/resources/views/invoice/index.blade.php","data":{"errors":"<pre class=sf-dump id=sf-dump-1059957245 data-indent-pad=\"  \"><span class=sf-dump-note>Illuminate\\Support\\ViewErrorBag</span> {<a class=sf-dump-ref>#1310</a><samp data-depth=1 class=sf-dump-expanded>
  #<span class=sf-dump-protected title=\"Protected property\">bags</span>: []
</samp>}
</pre><script>Sfdump(\"sf-dump-1059957245\", {\"maxDepth\":3,\"maxStringLength\":160})</script>
","activeClinic":"<pre class=sf-dump id=sf-dump-1797867910 data-indent-pad=\"  \"><span class=sf-dump-note>App\\Models\\Clinic</span> {<a class=sf-dump-ref>#1364</a><samp data-depth=1 class=sf-dump-expanded>
  #<span class=sf-dump-protected title=\"Protected property\">connection</span>: \"<span class=sf-dump-str title=\"5 characters\">mysql</span>\"
  #<span class=sf-dump-protected title=\"Protected property\">table</span>: \"<span class=sf-dump-str title=\"7 characters\">clinics</span>\"
  #<span class=sf-dump-protected title=\"Protected property\">primaryKey</span>: \"<span class=sf-dump-str title=\"2 characters\">id</span>\"
  #<span class=sf-dump-protected title=\"Protected property\">keyType</span>: \"<span class=sf-dump-str title=\"3 characters\">int</span>\"
  +<span class=sf-dump-public title=\"Public property\">incrementing</span>: <span class=sf-dump-const>true</span>
  #<span class=sf-dump-protected title=\"Protected property\">with</span>: []
  #<span class=sf-dump-protected title=\"Protected property\">withCount</span>: []
  +<span class=sf-dump-public title=\"Public property\">preventsLazyLoading</span>: <span class=sf-dump-const>false</span>
  #<span class=sf-dump-protected title=\"Protected property\">perPage</span>: <span class=sf-dump-num>15</span>
  +<span class=sf-dump-public title=\"Public property\">exists</span>: <span class=sf-dump-const>true</span>
  +<span class=sf-dump-public title=\"Public property\">wasRecentlyCreated</span>: <span class=sf-dump-const>false</span>
  #<span class=sf-dump-protected title=\"Protected property\">escapeWhenCastingToString</span>: <span class=sf-dump-const>false</span>
  #<span class=sf-dump-protected title=\"Protected property\">attributes</span>: <span class=sf-dump-note>array:9</span> [<samp data-depth=2 class=sf-dump-compact>
    \"<span class=sf-dump-key>id</span>\" => <span class=sf-dump-num>1</span>
    \"<span class=sf-dump-key>name</span>\" => \"<span class=sf-dump-str title=\"11 characters\">Main Clinic</span>\"
    \"<span class=sf-dump-key>prefix</span>\" => \"<span class=sf-dump-str title=\"4 characters\">MAIN</span>\"
    \"<span class=sf-dump-key>email</span>\" => <span class=sf-dump-const>null</span>
    \"<span class=sf-dump-key>phone</span>\" => <span class=sf-dump-const>null</span>
    \"<span class=sf-dump-key>address</span>\" => <span class=sf-dump-const>null</span>
    \"<span class=sf-dump-key>status</span>\" => <span class=sf-dump-num>1</span>
    \"<span class=sf-dump-key>created_at</span>\" => \"<span class=sf-dump-str title=\"19 characters\">2025-12-14 08:48:43</span>\"
    \"<span class=sf-dump-key>updated_at</span>\" => \"<span class=sf-dump-str title=\"19 characters\">2025-12-14 08:48:43</span>\"
  </samp>]
  #<span class=sf-dump-protected title=\"Protected property\">original</span>: <span class=sf-dump-note>array:9</span> [<samp data-depth=2 class=sf-dump-compact>
    \"<span class=sf-dump-key>id</span>\" => <span class=sf-dump-num>1</span>
    \"<span class=sf-dump-key>name</span>\" => \"<span class=sf-dump-str title=\"11 characters\">Main Clinic</span>\"
    \"<span class=sf-dump-key>prefix</span>\" => \"<span class=sf-dump-str title=\"4 characters\">MAIN</span>\"
    \"<span class=sf-dump-key>email</span>\" => <span class=sf-dump-const>null</span>
    \"<span class=sf-dump-key>phone</span>\" => <span class=sf-dump-const>null</span>
    \"<span class=sf-dump-key>address</span>\" => <span class=sf-dump-const>null</span>
    \"<span class=sf-dump-key>status</span>\" => <span class=sf-dump-num>1</span>
    \"<span class=sf-dump-key>created_at</span>\" => \"<span class=sf-dump-str title=\"19 characters\">2025-12-14 08:48:43</span>\"
    \"<span class=sf-dump-key>updated_at</span>\" => \"<span class=sf-dump-str title=\"19 characters\">2025-12-14 08:48:43</span>\"
  </samp>]
  #<span class=sf-dump-protected title=\"Protected property\">changes</span>: []
  #<span class=sf-dump-protected title=\"Protected property\">casts</span>: []
  #<span class=sf-dump-protected title=\"Protected property\">classCastCache</span>: []
  #<span class=sf-dump-protected title=\"Protected property\">attributeCastCache</span>: []
  #<span class=sf-dump-protected title=\"Protected property\">dates</span>: []
  #<span class=sf-dump-protected title=\"Protected property\">dateFormat</span>: <span class=sf-dump-const>null</span>
  #<span class=sf-dump-protected title=\"Protected property\">appends</span>: []
  #<span class=sf-dump-protected title=\"Protected property\">dispatchesEvents</span>: []
  #<span class=sf-dump-protected title=\"Protected property\">observables</span>: []
  #<span class=sf-dump-protected title=\"Protected property\">relations</span>: []
  #<span class=sf-dump-protected title=\"Protected property\">touches</span>: []
  +<span class=sf-dump-public title=\"Public property\">timestamps</span>: <span class=sf-dump-const>true</span>
  #<span class=sf-dump-protected title=\"Protected property\">hidden</span>: []
  #<span class=sf-dump-protected title=\"Protected property\">visible</span>: []
  #<span class=sf-dump-protected title=\"Protected property\">fillable</span>: <span class=sf-dump-note>array:6</span> [<samp data-depth=2 class=sf-dump-compact>
    <span class=sf-dump-index>0</span> => \"<span class=sf-dump-str title=\"4 characters\">name</span>\"
    <span class=sf-dump-index>1</span> => \"<span class=sf-dump-str title=\"6 characters\">prefix</span>\"
    <span class=sf-dump-index>2</span> => \"<span class=sf-dump-str title=\"7 characters\">address</span>\"
    <span class=sf-dump-index>3</span> => \"<span class=sf-dump-str title=\"5 characters\">phone</span>\"
    <span class=sf-dump-index>4</span> => \"<span class=sf-dump-str title=\"5 characters\">email</span>\"
    <span class=sf-dump-index>5</span> => \"<span class=sf-dump-str title=\"6 characters\">status</span>\"
  </samp>]
  #<span class=sf-dump-protected title=\"Protected property\">guarded</span>: <span class=sf-dump-note>array:1</span> [<samp data-depth=2 class=sf-dump-compact>
    <span class=sf-dump-index>0</span> => \"<span class=sf-dump-str>*</span>\"
  </samp>]
</samp>}
</pre><script>Sfdump(\"sf-dump-1797867910\", {\"maxDepth\":3,\"maxStringLength\":160})</script>
","viewingAllClinics":"<pre class=sf-dump id=sf-dump-1071469928 data-indent-pad=\"  \"><span class=sf-dump-const>false</span>
</pre><script>Sfdump(\"sf-dump-1071469928\", {\"maxDepth\":3,\"maxStringLength\":160})</script>
","availableClinics":"<pre class=sf-dump id=sf-dump-434040830 data-indent-pad=\"  \"><span class=sf-dump-note>Illuminate\\Database\\Eloquent\\Collection</span> {<a class=sf-dump-ref>#1354</a><samp data-depth=1 class=sf-dump-expanded>
  #<span class=sf-dump-protected title=\"Protected property\">items</span>: <span class=sf-dump-note>array:1</span> [<samp data-depth=2 class=sf-dump-compact>
    <span class=sf-dump-index>0</span> => <span class=\"sf-dump-note sf-dump-ellipsization\" title=\"App\\Models\\Clinic
\"><span class=\"sf-dump-ellipsis sf-dump-ellipsis-note\">App\\Models</span><span class=\"sf-dump-ellipsis sf-dump-ellipsis-note\">\\</span><span class=\"sf-dump-ellipsis-tail\">Clinic</span></span> {<a class=sf-dump-ref>#1357</a><samp data-depth=3 class=sf-dump-compact>
      #<span class=sf-dump-protected title=\"Protected property\">connection</span>: \"<span class=sf-dump-str title=\"5 characters\">mysql</span>\"
      #<span class=sf-dump-protected title=\"Protected property\">table</span>: \"<span class=sf-dump-str title=\"7 characters\">clinics</span>\"
      #<span class=sf-dump-protected title=\"Protected property\">primaryKey</span>: \"<span class=sf-dump-str title=\"2 characters\">id</span>\"
      #<span class=sf-dump-protected title=\"Protected property\">keyType</span>: \"<span class=sf-dump-str title=\"3 characters\">int</span>\"
      +<span class=sf-dump-public title=\"Public property\">incrementing</span>: <span class=sf-dump-const>true</span>
      #<span class=sf-dump-protected title=\"Protected property\">with</span>: []
      #<span class=sf-dump-protected title=\"Protected property\">withCount</span>: []
      +<span class=sf-dump-public title=\"Public property\">preventsLazyLoading</span>: <span class=sf-dump-const>false</span>
      #<span class=sf-dump-protected title=\"Protected property\">perPage</span>: <span class=sf-dump-num>15</span>
      +<span class=sf-dump-public title=\"Public property\">exists</span>: <span class=sf-dump-const>true</span>
      +<span class=sf-dump-public title=\"Public property\">wasRecentlyCreated</span>: <span class=sf-dump-const>false</span>
      #<span class=sf-dump-protected title=\"Protected property\">escapeWhenCastingToString</span>: <span class=sf-dump-const>false</span>
      #<span class=sf-dump-protected title=\"Protected property\">attributes</span>: <span class=sf-dump-note>array:9</span> [ &#8230;9]
      #<span class=sf-dump-protected title=\"Protected property\">original</span>: <span class=sf-dump-note>array:9</span> [ &#8230;9]
      #<span class=sf-dump-protected title=\"Protected property\">changes</span>: []
      #<span class=sf-dump-protected title=\"Protected property\">casts</span>: []
      #<span class=sf-dump-protected title=\"Protected property\">classCastCache</span>: []
      #<span class=sf-dump-protected title=\"Protected property\">attributeCastCache</span>: []
      #<span class=sf-dump-protected title=\"Protected property\">dates</span>: []
      #<span class=sf-dump-protected title=\"Protected property\">dateFormat</span>: <span class=sf-dump-const>null</span>
      #<span class=sf-dump-protected title=\"Protected property\">appends</span>: []
      #<span class=sf-dump-protected title=\"Protected property\">dispatchesEvents</span>: []
      #<span class=sf-dump-protected title=\"Protected property\">observables</span>: []
      #<span class=sf-dump-protected title=\"Protected property\">relations</span>: []
      #<span class=sf-dump-protected title=\"Protected property\">touches</span>: []
      +<span class=sf-dump-public title=\"Public property\">timestamps</span>: <span class=sf-dump-const>true</span>
      #<span class=sf-dump-protected title=\"Protected property\">hidden</span>: []
      #<span class=sf-dump-protected title=\"Protected property\">visible</span>: []
      #<span class=sf-dump-protected title=\"Protected property\">fillable</span>: <span class=sf-dump-note>array:6</span> [ &#8230;6]
      #<span class=sf-dump-protected title=\"Protected property\">guarded</span>: <span class=sf-dump-note>array:1</span> [ &#8230;1]
    </samp>}
  </samp>]
  #<span class=sf-dump-protected title=\"Protected property\">escapeWhenCastingToString</span>: <span class=sf-dump-const>false</span>
</samp>}
</pre><script>Sfdump(\"sf-dump-434040830\", {\"maxDepth\":3,\"maxStringLength\":160})</script>
"}},"userId":1,"exception":"[object] (Spatie\\LaravelIgnition\\Exceptions\\ViewException(code: 0): SQLSTATE[42S22]: Column not found: 1054 Unknown column 'clinic_id' in 'field list' (SQL: select `id`, `clinic_id`, `name`, `price` from `treatment_packages` order by `name` asc) at /Users/minpyaesonenyein/projects/skincollection/vendor/laravel/framework/src/Illuminate/Database/Connection.php:760)
[stacktrace]
#0 /Users/minpyaesonenyein/projects/skincollection/vendor/laravel/framework/src/Illuminate/Database/Connection.php(720): Illuminate\\Database\\Connection->runQueryCallback('select `id`, `c...', Array, Object(Closure))
#1 /Users/minpyaesonenyein/projects/skincollection/vendor/laravel/framework/src/Illuminate/Database/Connection.php(405): Illuminate\\Database\\Connection->run('select `id`, `c...', Array, Object(Closure))
#2 /Users/minpyaesonenyein/projects/skincollection/vendor/laravel/framework/src/Illuminate/Database/Query/Builder.php(2705): Illuminate\\Database\\Connection->select('select `id`, `c...', Array, true)
#3 /Users/minpyaesonenyein/projects/skincollection/vendor/laravel/framework/src/Illuminate/Database/Query/Builder.php(2694): Illuminate\\Database\\Query\\Builder->runSelect()
#4 /Users/minpyaesonenyein/projects/skincollection/vendor/laravel/framework/src/Illuminate/Database/Query/Builder.php(3230): Illuminate\\Database\\Query\\Builder->{closure:Illuminate\\Database\\Query\\Builder::get():2693}()
#5 /Users/minpyaesonenyein/projects/skincollection/vendor/laravel/framework/src/Illuminate/Database/Query/Builder.php(2693): Illuminate\\Database\\Query\\Builder->onceWithColumns(Array, Object(Closure))
#6 /Users/minpyaesonenyein/projects/skincollection/vendor/laravel/framework/src/Illuminate/Database/Eloquent/Builder.php(710): Illuminate\\Database\\Query\\Builder->get(Array)
#7 /Users/minpyaesonenyein/projects/skincollection/vendor/laravel/framework/src/Illuminate/Database/Eloquent/Builder.php(694): Illuminate\\Database\\Eloquent\\Builder->getModels(Array)
#8 /Users/minpyaesonenyein/projects/skincollection/app/Http/Livewire/InvoicesManager.php(431): Illuminate\\Database\\Eloquent\\Builder->get(Array)
#9 /Users/minpyaesonenyein/projects/skincollection/app/Http/Livewire/InvoicesManager.php(115): App\\Http\\Livewire\\InvoicesManager->loadSelectableData()
#10 /Users/minpyaesonenyein/projects/skincollection/vendor/laravel/framework/src/Illuminate/Container/BoundMethod.php(36): App\\Http\\Livewire\\InvoicesManager->mount(Object(App\\Services\\ClinicContext))
#11 /Users/minpyaesonenyein/projects/skincollection/vendor/laravel/framework/src/Illuminate/Container/Util.php(41): Illuminate\\Container\\BoundMethod::{closure:Illuminate\\Container\\BoundMethod::call():35}()
#12 /Users/minpyaesonenyein/projects/skincollection/vendor/laravel/framework/src/Illuminate/Container/BoundMethod.php(93): Illuminate\\Container\\Util::unwrapIfClosure(Object(Closure))
#13 /Users/minpyaesonenyein/projects/skincollection/vendor/laravel/framework/src/Illuminate/Container/BoundMethod.php(35): Illuminate\\Container\\BoundMethod::callBoundMethod(Object(Illuminate\\Foundation\\Application), Array, Object(Closure))
#14 /Users/minpyaesonenyein/projects/skincollection/vendor/livewire/livewire/src/Wrapped.php(23): Illuminate\\Container\\BoundMethod::call(Object(Illuminate\\Foundation\\Application), Array, Array)
#15 /Users/minpyaesonenyein/projects/skincollection/vendor/livewire/livewire/src/Features/SupportLifecycleHooks/SupportLifecycleHooks.php(123): Livewire\\Wrapped->__call('mount', Array)
#16 /Users/minpyaesonenyein/projects/skincollection/vendor/livewire/livewire/src/Features/SupportLifecycleHooks/SupportLifecycleHooks.php(20): Livewire\\Features\\SupportLifecycleHooks\\SupportLifecycleHooks->callHook('mount', Array)
#17 /Users/minpyaesonenyein/projects/skincollection/vendor/livewire/livewire/src/ComponentHook.php(19): Livewire\\Features\\SupportLifecycleHooks\\SupportLifecycleHooks->mount(Array, false)
#18 /Users/minpyaesonenyein/projects/skincollection/vendor/livewire/livewire/src/ComponentHookRegistry.php(42): Livewire\\ComponentHook->callMount(Array, false)
#19 /Users/minpyaesonenyein/projects/skincollection/vendor/livewire/livewire/src/EventBus.php(60): Livewire\\ComponentHookRegistry::{closure:Livewire\\ComponentHookRegistry::boot():39}(Object(App\\Http\\Livewire\\InvoicesManager), Array, 'VZv66th', false)
#20 /Users/minpyaesonenyein/projects/skincollection/vendor/livewire/livewire/src/helpers.php(87): Livewire\\EventBus->trigger('mount', Object(App\\Http\\Livewire\\InvoicesManager), Array, 'VZv66th', false)
#21 /Users/minpyaesonenyein/projects/skincollection/vendor/livewire/livewire/src/Mechanisms/HandleComponents/HandleComponents.php(55): Livewire\\trigger('mount', Object(App\\Http\\Livewire\\InvoicesManager), Array, 'VZv66th', false)
#22 /Users/minpyaesonenyein/projects/skincollection/vendor/livewire/livewire/src/LivewireManager.php(72): Livewire\\Mechanisms\\HandleComponents\\HandleComponents->mount('invoices-manage...', Array, 'VZv66th')
#23 /Users/minpyaesonenyein/projects/skincollection/resources/views/invoice/index.blade.php(7): Livewire\\LivewireManager->mount('invoices-manage...', Array, 'VZv66th', Array, Array)
#24 /Users/minpyaesonenyein/projects/skincollection/vendor/laravel/framework/src/Illuminate/Filesystem/Filesystem.php(109): require('/Users/minpyaes...')
#25 /Users/minpyaesonenyein/projects/skincollection/vendor/laravel/framework/src/Illuminate/Filesystem/Filesystem.php(110): Illuminate\\Filesystem\\Filesystem::{closure:Illuminate\\Filesystem\\Filesystem::getRequire():106}()
#26 /Users/minpyaesonenyein/projects/skincollection/vendor/laravel/framework/src/Illuminate/View/Engines/PhpEngine.php(58): Illuminate\\Filesystem\\Filesystem->getRequire('/Users/minpyaes...', Array)
#27 /Users/minpyaesonenyein/projects/skincollection/vendor/livewire/livewire/src/Mechanisms/ExtendBlade/ExtendedCompilerEngine.php(22): Illuminate\\View\\Engines\\PhpEngine->evaluatePath('/Users/minpyaes...', Array)
#28 /Users/minpyaesonenyein/projects/skincollection/vendor/laravel/framework/src/Illuminate/View/Engines/CompilerEngine.php(70): Livewire\\Mechanisms\\ExtendBlade\\ExtendedCompilerEngine->evaluatePath('/Users/minpyaes...', Array)
#29 /Users/minpyaesonenyein/projects/skincollection/vendor/livewire/livewire/src/Mechanisms/ExtendBlade/ExtendedCompilerEngine.php(10): Illuminate\\View\\Engines\\CompilerEngine->get('/Users/minpyaes...', Array)
#30 /Users/minpyaesonenyein/projects/skincollection/vendor/laravel/framework/src/Illuminate/View/View.php(195): Livewire\\Mechanisms\\ExtendBlade\\ExtendedCompilerEngine->get('/Users/minpyaes...', Array)
#31 /Users/minpyaesonenyein/projects/skincollection/vendor/laravel/framework/src/Illuminate/View/View.php(178): Illuminate\\View\\View->getContents()
#32 /Users/minpyaesonenyein/projects/skincollection/vendor/laravel/framework/src/Illuminate/View/View.php(147): Illuminate\\View\\View->renderContents()
#33 /Users/minpyaesonenyein/projects/skincollection/vendor/laravel/framework/src/Illuminate/Http/Response.php(69): Illuminate\\View\\View->render()
#34 /Users/minpyaesonenyein/projects/skincollection/vendor/laravel/framework/src/Illuminate/Http/Response.php(35): Illuminate\\Http\\Response->setContent(Object(Illuminate\\View\\View))
#35 /Users/minpyaesonenyein/projects/skincollection/vendor/laravel/framework/src/Illuminate/Routing/Router.php(906): Illuminate\\Http\\Response->__construct(Object(Illuminate\\View\\View), 200, Array)
#36 /Users/minpyaesonenyein/projects/skincollection/vendor/laravel/framework/src/Illuminate/Routing/Router.php(875): Illuminate\\Routing\\Router::toResponse(Object(Illuminate\\Http\\Request), Object(Illuminate\\View\\View))
#37 /Users/minpyaesonenyein/projects/skincollection/vendor/laravel/framework/src/Illuminate/Routing/Router.php(797): Illuminate\\Routing\\Router->prepareResponse(Object(Illuminate\\Http\\Request), Object(Illuminate\\View\\View))
#38 /Users/minpyaesonenyein/projects/skincollection/vendor/laravel/framework/src/Illuminate/Pipeline/Pipeline.php(141): Illuminate\\Routing\\Router->{closure:Illuminate\\Routing\\Router::runRouteWithinStack():797}(Object(Illuminate\\Http\\Request))
#39 /Users/minpyaesonenyein/projects/skincollection/app/Http/Middleware/EnsureClinicContext.php(34): Illuminate\\Pipeline\\Pipeline->{closure:Illuminate\\Pipeline\\Pipeline::prepareDestination():139}(Object(Illuminate\\Http\\Request))
#40 /Users/minpyaesonenyein/projects/skincollection/vendor/laravel/framework/src/Illuminate/Pipeline/Pipeline.php(180): App\\Http\\Middleware\\EnsureClinicContext->handle(Object(Illuminate\\Http\\Request), Object(Closure))
#41 /Users/minpyaesonenyein/projects/skincollection/vendor/laravel/framework/src/Illuminate/Routing/Middleware/SubstituteBindings.php(50): Illuminate\\Pipeline\\Pipeline->{closure:{closure:Illuminate\\Pipeline\\Pipeline::carry():155}:156}(Object(Illuminate\\Http\\Request))
#42 /Users/minpyaesonenyein/projects/skincollection/vendor/laravel/framework/src/Illuminate/Pipeline/Pipeline.php(180): Illuminate\\Routing\\Middleware\\SubstituteBindings->handle(Object(Illuminate\\Http\\Request), Object(Closure))
#43 /Users/minpyaesonenyein/projects/skincollection/vendor/laravel/framework/src/Illuminate/Auth/Middleware/Authenticate.php(44): Illuminate\\Pipeline\\Pipeline->{closure:{closure:Illuminate\\Pipeline\\Pipeline::carry():155}:156}(Object(Illuminate\\Http\\Request))
#44 /Users/minpyaesonenyein/projects/skincollection/vendor/laravel/framework/src/Illuminate/Pipeline/Pipeline.php(180): Illuminate\\Auth\\Middleware\\Authenticate->handle(Object(Illuminate\\Http\\Request), Object(Closure))
#45 /Users/minpyaesonenyein/projects/skincollection/vendor/laravel/framework/src/Illuminate/Foundation/Http/Middleware/VerifyCsrfToken.php(78): Illuminate\\Pipeline\\Pipeline->{closure:{closure:Illuminate\\Pipeline\\Pipeline::carry():155}:156}(Object(Illuminate\\Http\\Request))
#46 /Users/minpyaesonenyein/projects/skincollection/vendor/laravel/framework/src/Illuminate/Pipeline/Pipeline.php(180): Illuminate\\Foundation\\Http\\Middleware\\VerifyCsrfToken->handle(Object(Illuminate\\Http\\Request), Object(Closure))
#47 /Users/minpyaesonenyein/projects/skincollection/vendor/laravel/framework/src/Illuminate/View/Middleware/ShareErrorsFromSession.php(49): Illuminate\\Pipeline\\Pipeline->{closure:{closure:Illuminate\\Pipeline\\Pipeline::carry():155}:156}(Object(Illuminate\\Http\\Request))
#48 /Users/minpyaesonenyein/projects/skincollection/vendor/laravel/framework/src/Illuminate/Pipeline/Pipeline.php(180): Illuminate\\View\\Middleware\\ShareErrorsFromSession->handle(Object(Illuminate\\Http\\Request), Object(Closure))
#49 /Users/minpyaesonenyein/projects/skincollection/vendor/laravel/framework/src/Illuminate/Session/Middleware/StartSession.php(121): Illuminate\\Pipeline\\Pipeline->{closure:{closure:Illuminate\\Pipeline\\Pipeline::carry():155}:156}(Object(Illuminate\\Http\\Request))
#50 /Users/minpyaesonenyein/projects/skincollection/vendor/laravel/framework/src/Illuminate/Session/Middleware/StartSession.php(64): Illuminate\\Session\\Middleware\\StartSession->handleStatefulRequest(Object(Illuminate\\Http\\Request), Object(Illuminate\\Session\\Store), Object(Closure))
#51 /Users/minpyaesonenyein/projects/skincollection/vendor/laravel/framework/src/Illuminate/Pipeline/Pipeline.php(180): Illuminate\\Session\\Middleware\\StartSession->handle(Object(Illuminate\\Http\\Request), Object(Closure))
#52 /Users/minpyaesonenyein/projects/skincollection/vendor/laravel/framework/src/Illuminate/Cookie/Middleware/AddQueuedCookiesToResponse.php(37): Illuminate\\Pipeline\\Pipeline->{closure:{closure:Illuminate\\Pipeline\\Pipeline::carry():155}:156}(Object(Illuminate\\Http\\Request))
#53 /Users/minpyaesonenyein/projects/skincollection/vendor/laravel/framework/src/Illuminate/Pipeline/Pipeline.php(180): Illuminate\\Cookie\\Middleware\\AddQueuedCookiesToResponse->handle(Object(Illuminate\\Http\\Request), Object(Closure))
#54 /Users/minpyaesonenyein/projects/skincollection/vendor/laravel/framework/src/Illuminate/Cookie/Middleware/EncryptCookies.php(67): Illuminate\\Pipeline\\Pipeline->{closure:{closure:Illuminate\\Pipeline\\Pipeline::carry():155}:156}(Object(Illuminate\\Http\\Request))
#55 /Users/minpyaesonenyein/projects/skincollection/vendor/laravel/framework/src/Illuminate/Pipeline/Pipeline.php(180): Illuminate\\Cookie\\Middleware\\EncryptCookies->handle(Object(Illuminate\\Http\\Request), Object(Closure))
#56 /Users/minpyaesonenyein/projects/skincollection/vendor/laravel/framework/src/Illuminate/Pipeline/Pipeline.php(116): Illuminate\\Pipeline\\Pipeline->{closure:{closure:Illuminate\\Pipeline\\Pipeline::carry():155}:156}(Object(Illuminate\\Http\\Request))
#57 /Users/minpyaesonenyein/projects/skincollection/vendor/laravel/framework/src/Illuminate/Routing/Router.php(797): Illuminate\\Pipeline\\Pipeline->then(Object(Closure))
#58 /Users/minpyaesonenyein/projects/skincollection/vendor/laravel/framework/src/Illuminate/Routing/Router.php(776): Illuminate\\Routing\\Router->runRouteWithinStack(Object(Illuminate\\Routing\\Route), Object(Illuminate\\Http\\Request))
#59 /Users/minpyaesonenyein/projects/skincollection/vendor/laravel/framework/src/Illuminate/Routing/Router.php(740): Illuminate\\Routing\\Router->runRoute(Object(Illuminate\\Http\\Request), Object(Illuminate\\Routing\\Route))
#60 /Users/minpyaesonenyein/projects/skincollection/vendor/laravel/framework/src/Illuminate/Routing/Router.php(729): Illuminate\\Routing\\Router->dispatchToRoute(Object(Illuminate\\Http\\Request))
#61 /Users/minpyaesonenyein/projects/skincollection/vendor/laravel/framework/src/Illuminate/Foundation/Http/Kernel.php(190): Illuminate\\Routing\\Router->dispatch(Object(Illuminate\\Http\\Request))
#62 /Users/minpyaesonenyein/projects/skincollection/vendor/laravel/framework/src/Illuminate/Pipeline/Pipeline.php(141): Illuminate\\Foundation\\Http\\Kernel->{closure:Illuminate\\Foundation\\Http\\Kernel::dispatchToRouter():187}(Object(Illuminate\\Http\\Request))
#63 /Users/minpyaesonenyein/projects/skincollection/vendor/livewire/livewire/src/Features/SupportDisablingBackButtonCache/DisableBackButtonCacheMiddleware.php(19): Illuminate\\Pipeline\\Pipeline->{closure:Illuminate\\Pipeline\\Pipeline::prepareDestination():139}(Object(Illuminate\\Http\\Request))
#64 /Users/minpyaesonenyein/projects/skincollection/vendor/laravel/framework/src/Illuminate/Pipeline/Pipeline.php(180): Livewire\\Features\\SupportDisablingBackButtonCache\\DisableBackButtonCacheMiddleware->handle(Object(Illuminate\\Http\\Request), Object(Closure))
#65 /Users/minpyaesonenyein/projects/skincollection/vendor/laravel/framework/src/Illuminate/Foundation/Http/Middleware/TransformsRequest.php(21): Illuminate\\Pipeline\\Pipeline->{closure:{closure:Illuminate\\Pipeline\\Pipeline::carry():155}:156}(Object(Illuminate\\Http\\Request))
#66 /Users/minpyaesonenyein/projects/skincollection/vendor/laravel/framework/src/Illuminate/Foundation/Http/Middleware/ConvertEmptyStringsToNull.php(31): Illuminate\\Foundation\\Http\\Middleware\\TransformsRequest->handle(Object(Illuminate\\Http\\Request), Object(Closure))
#67 /Users/minpyaesonenyein/projects/skincollection/vendor/laravel/framework/src/Illuminate/Pipeline/Pipeline.php(180): Illuminate\\Foundation\\Http\\Middleware\\ConvertEmptyStringsToNull->handle(Object(Illuminate\\Http\\Request), Object(Closure))
#68 /Users/minpyaesonenyein/projects/skincollection/vendor/laravel/framework/src/Illuminate/Foundation/Http/Middleware/TransformsRequest.php(21): Illuminate\\Pipeline\\Pipeline->{closure:{closure:Illuminate\\Pipeline\\Pipeline::carry():155}:156}(Object(Illuminate\\Http\\Request))
#69 /Users/minpyaesonenyein/projects/skincollection/vendor/laravel/framework/src/Illuminate/Foundation/Http/Middleware/TrimStrings.php(40): Illuminate\\Foundation\\Http\\Middleware\\TransformsRequest->handle(Object(Illuminate\\Http\\Request), Object(Closure))
#70 /Users/minpyaesonenyein/projects/skincollection/vendor/laravel/framework/src/Illuminate/Pipeline/Pipeline.php(180): Illuminate\\Foundation\\Http\\Middleware\\TrimStrings->handle(Object(Illuminate\\Http\\Request), Object(Closure))
#71 /Users/minpyaesonenyein/projects/skincollection/vendor/laravel/framework/src/Illuminate/Foundation/Http/Middleware/ValidatePostSize.php(27): Illuminate\\Pipeline\\Pipeline->{closure:{closure:Illuminate\\Pipeline\\Pipeline::carry():155}:156}(Object(Illuminate\\Http\\Request))
#72 /Users/minpyaesonenyein/projects/skincollection/vendor/laravel/framework/src/Illuminate/Pipeline/Pipeline.php(180): Illuminate\\Foundation\\Http\\Middleware\\ValidatePostSize->handle(Object(Illuminate\\Http\\Request), Object(Closure))
#73 /Users/minpyaesonenyein/projects/skincollection/vendor/laravel/framework/src/Illuminate/Foundation/Http/Middleware/PreventRequestsDuringMaintenance.php(86): Illuminate\\Pipeline\\Pipeline->{closure:{closure:Illuminate\\Pipeline\\Pipeline::carry():155}:156}(Object(Illuminate\\Http\\Request))
#74 /Users/minpyaesonenyein/projects/skincollection/vendor/laravel/framework/src/Illuminate/Pipeline/Pipeline.php(180): Illuminate\\Foundation\\Http\\Middleware\\PreventRequestsDuringMaintenance->handle(Object(Illuminate\\Http\\Request), Object(Closure))
#75 /Users/minpyaesonenyein/projects/skincollection/vendor/fruitcake/laravel-cors/src/HandleCors.php(38): Illuminate\\Pipeline\\Pipeline->{closure:{closure:Illuminate\\Pipeline\\Pipeline::carry():155}:156}(Object(Illuminate\\Http\\Request))
#76 /Users/minpyaesonenyein/projects/skincollection/vendor/laravel/framework/src/Illuminate/Pipeline/Pipeline.php(180): Fruitcake\\Cors\\HandleCors->handle(Object(Illuminate\\Http\\Request), Object(Closure))
#77 /Users/minpyaesonenyein/projects/skincollection/vendor/laravel/framework/src/Illuminate/Http/Middleware/TrustProxies.php(39): Illuminate\\Pipeline\\Pipeline->{closure:{closure:Illuminate\\Pipeline\\Pipeline::carry():155}:156}(Object(Illuminate\\Http\\Request))
#78 /Users/minpyaesonenyein/projects/skincollection/vendor/laravel/framework/src/Illuminate/Pipeline/Pipeline.php(180): Illuminate\\Http\\Middleware\\TrustProxies->handle(Object(Illuminate\\Http\\Request), Object(Closure))
#79 /Users/minpyaesonenyein/projects/skincollection/vendor/laravel/framework/src/Illuminate/Pipeline/Pipeline.php(116): Illuminate\\Pipeline\\Pipeline->{closure:{closure:Illuminate\\Pipeline\\Pipeline::carry():155}:156}(Object(Illuminate\\Http\\Request))
#80 /Users/minpyaesonenyein/projects/skincollection/vendor/laravel/framework/src/Illuminate/Foundation/Http/Kernel.php(165): Illuminate\\Pipeline\\Pipeline->then(Object(Closure))
#81 /Users/minpyaesonenyein/projects/skincollection/vendor/laravel/framework/src/Illuminate/Foundation/Http/Kernel.php(134): Illuminate\\Foundation\\Http\\Kernel->sendRequestThroughRouter(Object(Illuminate\\Http\\Request))
#82 /Users/minpyaesonenyein/projects/skincollection/public/index.php(51): Illuminate\\Foundation\\Http\\Kernel->handle(Object(Illuminate\\Http\\Request))
#83 /Users/minpyaesonenyein/projects/skincollection/server.php(21): require_once('/Users/minpyaes...')
#84 {main}

[previous exception] [object] (Illuminate\\Database\\QueryException(code: 42S22): SQLSTATE[42S22]: Column not found: 1054 Unknown column 'clinic_id' in 'field list' (SQL: select `id`, `clinic_id`, `name`, `price` from `treatment_packages` order by `name` asc) at /Users/minpyaesonenyein/projects/skincollection/vendor/laravel/framework/src/Illuminate/Database/Connection.php:760)
[stacktrace]
#0 /Users/minpyaesonenyein/projects/skincollection/vendor/laravel/framework/src/Illuminate/Database/Connection.php(720): Illuminate\\Database\\Connection->runQueryCallback('select `id`, `c...', Array, Object(Closure))
#1 /Users/minpyaesonenyein/projects/skincollection/vendor/laravel/framework/src/Illuminate/Database/Connection.php(405): Illuminate\\Database\\Connection->run('select `id`, `c...', Array, Object(Closure))
#2 /Users/minpyaesonenyein/projects/skincollection/vendor/laravel/framework/src/Illuminate/Database/Query/Builder.php(2705): Illuminate\\Database\\Connection->select('select `id`, `c...', Array, true)
#3 /Users/minpyaesonenyein/projects/skincollection/vendor/laravel/framework/src/Illuminate/Database/Query/Builder.php(2694): Illuminate\\Database\\Query\\Builder->runSelect()
#4 /Users/minpyaesonenyein/projects/skincollection/vendor/laravel/framework/src/Illuminate/Database/Query/Builder.php(3230): Illuminate\\Database\\Query\\Builder->{closure:Illuminate\\Database\\Query\\Builder::get():2693}()
#5 /Users/minpyaesonenyein/projects/skincollection/vendor/laravel/framework/src/Illuminate/Database/Query/Builder.php(2693): Illuminate\\Database\\Query\\Builder->onceWithColumns(Array, Object(Closure))
#6 /Users/minpyaesonenyein/projects/skincollection/vendor/laravel/framework/src/Illuminate/Database/Eloquent/Builder.php(710): Illuminate\\Database\\Query\\Builder->get(Array)
#7 /Users/minpyaesonenyein/projects/skincollection/vendor/laravel/framework/src/Illuminate/Database/Eloquent/Builder.php(694): Illuminate\\Database\\Eloquent\\Builder->getModels(Array)
#8 /Users/minpyaesonenyein/projects/skincollection/app/Http/Livewire/InvoicesManager.php(431): Illuminate\\Database\\Eloquent\\Builder->get(Array)
#9 /Users/minpyaesonenyein/projects/skincollection/app/Http/Livewire/InvoicesManager.php(115): App\\Http\\Livewire\\InvoicesManager->loadSelectableData()
#10 /Users/minpyaesonenyein/projects/skincollection/vendor/laravel/framework/src/Illuminate/Container/BoundMethod.php(36): App\\Http\\Livewire\\InvoicesManager->mount(Object(App\\Services\\ClinicContext))
#11 /Users/minpyaesonenyein/projects/skincollection/vendor/laravel/framework/src/Illuminate/Container/Util.php(41): Illuminate\\Container\\BoundMethod::{closure:Illuminate\\Container\\BoundMethod::call():35}()
#12 /Users/minpyaesonenyein/projects/skincollection/vendor/laravel/framework/src/Illuminate/Container/BoundMethod.php(93): Illuminate\\Container\\Util::unwrapIfClosure(Object(Closure))
#13 /Users/minpyaesonenyein/projects/skincollection/vendor/laravel/framework/src/Illuminate/Container/BoundMethod.php(35): Illuminate\\Container\\BoundMethod::callBoundMethod(Object(Illuminate\\Foundation\\Application), Array, Object(Closure))
#14 /Users/minpyaesonenyein/projects/skincollection/vendor/livewire/livewire/src/Wrapped.php(23): Illuminate\\Container\\BoundMethod::call(Object(Illuminate\\Foundation\\Application), Array, Array)
#15 /Users/minpyaesonenyein/projects/skincollection/vendor/livewire/livewire/src/Features/SupportLifecycleHooks/SupportLifecycleHooks.php(123): Livewire\\Wrapped->__call('mount', Array)
#16 /Users/minpyaesonenyein/projects/skincollection/vendor/livewire/livewire/src/Features/SupportLifecycleHooks/SupportLifecycleHooks.php(20): Livewire\\Features\\SupportLifecycleHooks\\SupportLifecycleHooks->callHook('mount', Array)
#17 /Users/minpyaesonenyein/projects/skincollection/vendor/livewire/livewire/src/ComponentHook.php(19): Livewire\\Features\\SupportLifecycleHooks\\SupportLifecycleHooks->mount(Array, false)
#18 /Users/minpyaesonenyein/projects/skincollection/vendor/livewire/livewire/src/ComponentHookRegistry.php(42): Livewire\\ComponentHook->callMount(Array, false)
#19 /Users/minpyaesonenyein/projects/skincollection/vendor/livewire/livewire/src/EventBus.php(60): Livewire\\ComponentHookRegistry::{closure:Livewire\\ComponentHookRegistry::boot():39}(Object(App\\Http\\Livewire\\InvoicesManager), Array, 'VZv66th', false)
#20 /Users/minpyaesonenyein/projects/skincollection/vendor/livewire/livewire/src/helpers.php(87): Livewire\\EventBus->trigger('mount', Object(App\\Http\\Livewire\\InvoicesManager), Array, 'VZv66th', false)
#21 /Users/minpyaesonenyein/projects/skincollection/vendor/livewire/livewire/src/Mechanisms/HandleComponents/HandleComponents.php(55): Livewire\\trigger('mount', Object(App\\Http\\Livewire\\InvoicesManager), Array, 'VZv66th', false)
#22 /Users/minpyaesonenyein/projects/skincollection/vendor/livewire/livewire/src/LivewireManager.php(72): Livewire\\Mechanisms\\HandleComponents\\HandleComponents->mount('invoices-manage...', Array, 'VZv66th')
#23 /Users/minpyaesonenyein/projects/skincollection/storage/framework/views/ff475c2ebc05920d915ec74e02e26ba68600ddce.php(11): Livewire\\LivewireManager->mount('invoices-manage...', Array, 'VZv66th', Array, Array)
#24 /Users/minpyaesonenyein/projects/skincollection/vendor/laravel/framework/src/Illuminate/Filesystem/Filesystem.php(109): require('/Users/minpyaes...')
#25 /Users/minpyaesonenyein/projects/skincollection/vendor/laravel/framework/src/Illuminate/Filesystem/Filesystem.php(110): Illuminate\\Filesystem\\Filesystem::{closure:Illuminate\\Filesystem\\Filesystem::getRequire():106}()
#26 /Users/minpyaesonenyein/projects/skincollection/vendor/laravel/framework/src/Illuminate/View/Engines/PhpEngine.php(58): Illuminate\\Filesystem\\Filesystem->getRequire('/Users/minpyaes...', Array)
#27 /Users/minpyaesonenyein/projects/skincollection/vendor/livewire/livewire/src/Mechanisms/ExtendBlade/ExtendedCompilerEngine.php(22): Illuminate\\View\\Engines\\PhpEngine->evaluatePath('/Users/minpyaes...', Array)
#28 /Users/minpyaesonenyein/projects/skincollection/vendor/laravel/framework/src/Illuminate/View/Engines/CompilerEngine.php(70): Livewire\\Mechanisms\\ExtendBlade\\ExtendedCompilerEngine->evaluatePath('/Users/minpyaes...', Array)
#29 /Users/minpyaesonenyein/projects/skincollection/vendor/livewire/livewire/src/Mechanisms/ExtendBlade/ExtendedCompilerEngine.php(10): Illuminate\\View\\Engines\\CompilerEngine->get('/Users/minpyaes...', Array)
#30 /Users/minpyaesonenyein/projects/skincollection/vendor/laravel/framework/src/Illuminate/View/View.php(195): Livewire\\Mechanisms\\ExtendBlade\\ExtendedCompilerEngine->get('/Users/minpyaes...', Array)
#31 /Users/minpyaesonenyein/projects/skincollection/vendor/laravel/framework/src/Illuminate/View/View.php(178): Illuminate\\View\\View->getContents()
#32 /Users/minpyaesonenyein/projects/skincollection/vendor/laravel/framework/src/Illuminate/View/View.php(147): Illuminate\\View\\View->renderContents()
#33 /Users/minpyaesonenyein/projects/skincollection/vendor/laravel/framework/src/Illuminate/Http/Response.php(69): Illuminate\\View\\View->render()
#34 /Users/minpyaesonenyein/projects/skincollection/vendor/laravel/framework/src/Illuminate/Http/Response.php(35): Illuminate\\Http\\Response->setContent(Object(Illuminate\\View\\View))
#35 /Users/minpyaesonenyein/projects/skincollection/vendor/laravel/framework/src/Illuminate/Routing/Router.php(906): Illuminate\\Http\\Response->__construct(Object(Illuminate\\View\\View), 200, Array)
#36 /Users/minpyaesonenyein/projects/skincollection/vendor/laravel/framework/src/Illuminate/Routing/Router.php(875): Illuminate\\Routing\\Router::toResponse(Object(Illuminate\\Http\\Request), Object(Illuminate\\View\\View))
#37 /Users/minpyaesonenyein/projects/skincollection/vendor/laravel/framework/src/Illuminate/Routing/Router.php(797): Illuminate\\Routing\\Router->prepareResponse(Object(Illuminate\\Http\\Request), Object(Illuminate\\View\\View))
#38 /Users/minpyaesonenyein/projects/skincollection/vendor/laravel/framework/src/Illuminate/Pipeline/Pipeline.php(141): Illuminate\\Routing\\Router->{closure:Illuminate\\Routing\\Router::runRouteWithinStack():797}(Object(Illuminate\\Http\\Request))
#39 /Users/minpyaesonenyein/projects/skincollection/app/Http/Middleware/EnsureClinicContext.php(34): Illuminate\\Pipeline\\Pipeline->{closure:Illuminate\\Pipeline\\Pipeline::prepareDestination():139}(Object(Illuminate\\Http\\Request))
#40 /Users/minpyaesonenyein/projects/skincollection/vendor/laravel/framework/src/Illuminate/Pipeline/Pipeline.php(180): App\\Http\\Middleware\\EnsureClinicContext->handle(Object(Illuminate\\Http\\Request), Object(Closure))
#41 /Users/minpyaesonenyein/projects/skincollection/vendor/laravel/framework/src/Illuminate/Routing/Middleware/SubstituteBindings.php(50): Illuminate\\Pipeline\\Pipeline->{closure:{closure:Illuminate\\Pipeline\\Pipeline::carry():155}:156}(Object(Illuminate\\Http\\Request))
#42 /Users/minpyaesonenyein/projects/skincollection/vendor/laravel/framework/src/Illuminate/Pipeline/Pipeline.php(180): Illuminate\\Routing\\Middleware\\SubstituteBindings->handle(Object(Illuminate\\Http\\Request), Object(Closure))
#43 /Users/minpyaesonenyein/projects/skincollection/vendor/laravel/framework/src/Illuminate/Auth/Middleware/Authenticate.php(44): Illuminate\\Pipeline\\Pipeline->{closure:{closure:Illuminate\\Pipeline\\Pipeline::carry():155}:156}(Object(Illuminate\\Http\\Request))
#44 /Users/minpyaesonenyein/projects/skincollection/vendor/laravel/framework/src/Illuminate/Pipeline/Pipeline.php(180): Illuminate\\Auth\\Middleware\\Authenticate->handle(Object(Illuminate\\Http\\Request), Object(Closure))
#45 /Users/minpyaesonenyein/projects/skincollection/vendor/laravel/framework/src/Illuminate/Foundation/Http/Middleware/VerifyCsrfToken.php(78): Illuminate\\Pipeline\\Pipeline->{closure:{closure:Illuminate\\Pipeline\\Pipeline::carry():155}:156}(Object(Illuminate\\Http\\Request))
#46 /Users/minpyaesonenyein/projects/skincollection/vendor/laravel/framework/src/Illuminate/Pipeline/Pipeline.php(180): Illuminate\\Foundation\\Http\\Middleware\\VerifyCsrfToken->handle(Object(Illuminate\\Http\\Request), Object(Closure))
#47 /Users/minpyaesonenyein/projects/skincollection/vendor/laravel/framework/src/Illuminate/View/Middleware/ShareErrorsFromSession.php(49): Illuminate\\Pipeline\\Pipeline->{closure:{closure:Illuminate\\Pipeline\\Pipeline::carry():155}:156}(Object(Illuminate\\Http\\Request))
#48 /Users/minpyaesonenyein/projects/skincollection/vendor/laravel/framework/src/Illuminate/Pipeline/Pipeline.php(180): Illuminate\\View\\Middleware\\ShareErrorsFromSession->handle(Object(Illuminate\\Http\\Request), Object(Closure))
#49 /Users/minpyaesonenyein/projects/skincollection/vendor/laravel/framework/src/Illuminate/Session/Middleware/StartSession.php(121): Illuminate\\Pipeline\\Pipeline->{closure:{closure:Illuminate\\Pipeline\\Pipeline::carry():155}:156}(Object(Illuminate\\Http\\Request))
#50 /Users/minpyaesonenyein/projects/skincollection/vendor/laravel/framework/src/Illuminate/Session/Middleware/StartSession.php(64): Illuminate\\Session\\Middleware\\StartSession->handleStatefulRequest(Object(Illuminate\\Http\\Request), Object(Illuminate\\Session\\Store), Object(Closure))
#51 /Users/minpyaesonenyein/projects/skincollection/vendor/laravel/framework/src/Illuminate/Pipeline/Pipeline.php(180): Illuminate\\Session\\Middleware\\StartSession->handle(Object(Illuminate\\Http\\Request), Object(Closure))
#52 /Users/minpyaesonenyein/projects/skincollection/vendor/laravel/framework/src/Illuminate/Cookie/Middleware/AddQueuedCookiesToResponse.php(37): Illuminate\\Pipeline\\Pipeline->{closure:{closure:Illuminate\\Pipeline\\Pipeline::carry():155}:156}(Object(Illuminate\\Http\\Request))
#53 /Users/minpyaesonenyein/projects/skincollection/vendor/laravel/framework/src/Illuminate/Pipeline/Pipeline.php(180): Illuminate\\Cookie\\Middleware\\AddQueuedCookiesToResponse->handle(Object(Illuminate\\Http\\Request), Object(Closure))
#54 /Users/minpyaesonenyein/projects/skincollection/vendor/laravel/framework/src/Illuminate/Cookie/Middleware/EncryptCookies.php(67): Illuminate\\Pipeline\\Pipeline->{closure:{closure:Illuminate\\Pipeline\\Pipeline::carry():155}:156}(Object(Illuminate\\Http\\Request))
#55 /Users/minpyaesonenyein/projects/skincollection/vendor/laravel/framework/src/Illuminate/Pipeline/Pipeline.php(180): Illuminate\\Cookie\\Middleware\\EncryptCookies->handle(Object(Illuminate\\Http\\Request), Object(Closure))
#56 /Users/minpyaesonenyein/projects/skincollection/vendor/laravel/framework/src/Illuminate/Pipeline/Pipeline.php(116): Illuminate\\Pipeline\\Pipeline->{closure:{closure:Illuminate\\Pipeline\\Pipeline::carry():155}:156}(Object(Illuminate\\Http\\Request))
#57 /Users/minpyaesonenyein/projects/skincollection/vendor/laravel/framework/src/Illuminate/Routing/Router.php(797): Illuminate\\Pipeline\\Pipeline->then(Object(Closure))
#58 /Users/minpyaesonenyein/projects/skincollection/vendor/laravel/framework/src/Illuminate/Routing/Router.php(776): Illuminate\\Routing\\Router->runRouteWithinStack(Object(Illuminate\\Routing\\Route), Object(Illuminate\\Http\\Request))
#59 /Users/minpyaesonenyein/projects/skincollection/vendor/laravel/framework/src/Illuminate/Routing/Router.php(740): Illuminate\\Routing\\Router->runRoute(Object(Illuminate\\Http\\Request), Object(Illuminate\\Routing\\Route))
#60 /Users/minpyaesonenyein/projects/skincollection/vendor/laravel/framework/src/Illuminate/Routing/Router.php(729): Illuminate\\Routing\\Router->dispatchToRoute(Object(Illuminate\\Http\\Request))
#61 /Users/minpyaesonenyein/projects/skincollection/vendor/laravel/framework/src/Illuminate/Foundation/Http/Kernel.php(190): Illuminate\\Routing\\Router->dispatch(Object(Illuminate\\Http\\Request))
#62 /Users/minpyaesonenyein/projects/skincollection/vendor/laravel/framework/src/Illuminate/Pipeline/Pipeline.php(141): Illuminate\\Foundation\\Http\\Kernel->{closure:Illuminate\\Foundation\\Http\\Kernel::dispatchToRouter():187}(Object(Illuminate\\Http\\Request))
#63 /Users/minpyaesonenyein/projects/skincollection/vendor/livewire/livewire/src/Features/SupportDisablingBackButtonCache/DisableBackButtonCacheMiddleware.php(19): Illuminate\\Pipeline\\Pipeline->{closure:Illuminate\\Pipeline\\Pipeline::prepareDestination():139}(Object(Illuminate\\Http\\Request))
#64 /Users/minpyaesonenyein/projects/skincollection/vendor/laravel/framework/src/Illuminate/Pipeline/Pipeline.php(180): Livewire\\Features\\SupportDisablingBackButtonCache\\DisableBackButtonCacheMiddleware->handle(Object(Illuminate\\Http\\Request), Object(Closure))
#65 /Users/minpyaesonenyein/projects/skincollection/vendor/laravel/framework/src/Illuminate/Foundation/Http/Middleware/TransformsRequest.php(21): Illuminate\\Pipeline\\Pipeline->{closure:{closure:Illuminate\\Pipeline\\Pipeline::carry():155}:156}(Object(Illuminate\\Http\\Request))
#66 /Users/minpyaesonenyein/projects/skincollection/vendor/laravel/framework/src/Illuminate/Foundation/Http/Middleware/ConvertEmptyStringsToNull.php(31): Illuminate\\Foundation\\Http\\Middleware\\TransformsRequest->handle(Object(Illuminate\\Http\\Request), Object(Closure))
#67 /Users/minpyaesonenyein/projects/skincollection/vendor/laravel/framework/src/Illuminate/Pipeline/Pipeline.php(180): Illuminate\\Foundation\\Http\\Middleware\\ConvertEmptyStringsToNull->handle(Object(Illuminate\\Http\\Request), Object(Closure))
#68 /Users/minpyaesonenyein/projects/skincollection/vendor/laravel/framework/src/Illuminate/Foundation/Http/Middleware/TransformsRequest.php(21): Illuminate\\Pipeline\\Pipeline->{closure:{closure:Illuminate\\Pipeline\\Pipeline::carry():155}:156}(Object(Illuminate\\Http\\Request))
#69 /Users/minpyaesonenyein/projects/skincollection/vendor/laravel/framework/src/Illuminate/Foundation/Http/Middleware/TrimStrings.php(40): Illuminate\\Foundation\\Http\\Middleware\\TransformsRequest->handle(Object(Illuminate\\Http\\Request), Object(Closure))
#70 /Users/minpyaesonenyein/projects/skincollection/vendor/laravel/framework/src/Illuminate/Pipeline/Pipeline.php(180): Illuminate\\Foundation\\Http\\Middleware\\TrimStrings->handle(Object(Illuminate\\Http\\Request), Object(Closure))
#71 /Users/minpyaesonenyein/projects/skincollection/vendor/laravel/framework/src/Illuminate/Foundation/Http/Middleware/ValidatePostSize.php(27): Illuminate\\Pipeline\\Pipeline->{closure:{closure:Illuminate\\Pipeline\\Pipeline::carry():155}:156}(Object(Illuminate\\Http\\Request))
#72 /Users/minpyaesonenyein/projects/skincollection/vendor/laravel/framework/src/Illuminate/Pipeline/Pipeline.php(180): Illuminate\\Foundation\\Http\\Middleware\\ValidatePostSize->handle(Object(Illuminate\\Http\\Request), Object(Closure))
#73 /Users/minpyaesonenyein/projects/skincollection/vendor/laravel/framework/src/Illuminate/Foundation/Http/Middleware/PreventRequestsDuringMaintenance.php(86): Illuminate\\Pipeline\\Pipeline->{closure:{closure:Illuminate\\Pipeline\\Pipeline::carry():155}:156}(Object(Illuminate\\Http\\Request))
#74 /Users/minpyaesonenyein/projects/skincollection/vendor/laravel/framework/src/Illuminate/Pipeline/Pipeline.php(180): Illuminate\\Foundation\\Http\\Middleware\\PreventRequestsDuringMaintenance->handle(Object(Illuminate\\Http\\Request), Object(Closure))
#75 /Users/minpyaesonenyein/projects/skincollection/vendor/fruitcake/laravel-cors/src/HandleCors.php(38): Illuminate\\Pipeline\\Pipeline->{closure:{closure:Illuminate\\Pipeline\\Pipeline::carry():155}:156}(Object(Illuminate\\Http\\Request))
#76 /Users/minpyaesonenyein/projects/skincollection/vendor/laravel/framework/src/Illuminate/Pipeline/Pipeline.php(180): Fruitcake\\Cors\\HandleCors->handle(Object(Illuminate\\Http\\Request), Object(Closure))
#77 /Users/minpyaesonenyein/projects/skincollection/vendor/laravel/framework/src/Illuminate/Http/Middleware/TrustProxies.php(39): Illuminate\\Pipeline\\Pipeline->{closure:{closure:Illuminate\\Pipeline\\Pipeline::carry():155}:156}(Object(Illuminate\\Http\\Request))
#78 /Users/minpyaesonenyein/projects/skincollection/vendor/laravel/framework/src/Illuminate/Pipeline/Pipeline.php(180): Illuminate\\Http\\Middleware\\TrustProxies->handle(Object(Illuminate\\Http\\Request), Object(Closure))
#79 /Users/minpyaesonenyein/projects/skincollection/vendor/laravel/framework/src/Illuminate/Pipeline/Pipeline.php(116): Illuminate\\Pipeline\\Pipeline->{closure:{closure:Illuminate\\Pipeline\\Pipeline::carry():155}:156}(Object(Illuminate\\Http\\Request))
#80 /Users/minpyaesonenyein/projects/skincollection/vendor/laravel/framework/src/Illuminate/Foundation/Http/Kernel.php(165): Illuminate\\Pipeline\\Pipeline->then(Object(Closure))
#81 /Users/minpyaesonenyein/projects/skincollection/vendor/laravel/framework/src/Illuminate/Foundation/Http/Kernel.php(134): Illuminate\\Foundation\\Http\\Kernel->sendRequestThroughRouter(Object(Illuminate\\Http\\Request))
#82 /Users/minpyaesonenyein/projects/skincollection/public/index.php(51): Illuminate\\Foundation\\Http\\Kernel->handle(Object(Illuminate\\Http\\Request))
#83 /Users/minpyaesonenyein/projects/skincollection/server.php(21): require_once('/Users/minpyaes...')
#84 {main}

[previous exception] [object] (PDOException(code: 42S22): SQLSTATE[42S22]: Column not found: 1054 Unknown column 'clinic_id' in 'field list' at /Users/minpyaesonenyein/projects/skincollection/vendor/laravel/framework/src/Illuminate/Database/Connection.php:414)
[stacktrace]
#0 /Users/minpyaesonenyein/projects/skincollection/vendor/laravel/framework/src/Illuminate/Database/Connection.php(414): PDO->prepare('select `id`, `c...')
#1 /Users/minpyaesonenyein/projects/skincollection/vendor/laravel/framework/src/Illuminate/Database/Connection.php(753): Illuminate\\Database\\Connection->{closure:Illuminate\\Database\\Connection::select():405}('select `id`, `c...', Array)
#2 /Users/minpyaesonenyein/projects/skincollection/vendor/laravel/framework/src/Illuminate/Database/Connection.php(720): Illuminate\\Database\\Connection->runQueryCallback('select `id`, `c...', Array, Object(Closure))
#3 /Users/minpyaesonenyein/projects/skincollection/vendor/laravel/framework/src/Illuminate/Database/Connection.php(405): Illuminate\\Database\\Connection->run('select `id`, `c...', Array, Object(Closure))
#4 /Users/minpyaesonenyein/projects/skincollection/vendor/laravel/framework/src/Illuminate/Database/Query/Builder.php(2705): Illuminate\\Database\\Connection->select('select `id`, `c...', Array, true)
#5 /Users/minpyaesonenyein/projects/skincollection/vendor/laravel/framework/src/Illuminate/Database/Query/Builder.php(2694): Illuminate\\Database\\Query\\Builder->runSelect()
#6 /Users/minpyaesonenyein/projects/skincollection/vendor/laravel/framework/src/Illuminate/Database/Query/Builder.php(3230): Illuminate\\Database\\Query\\Builder->{closure:Illuminate\\Database\\Query\\Builder::get():2693}()
#7 /Users/minpyaesonenyein/projects/skincollection/vendor/laravel/framework/src/Illuminate/Database/Query/Builder.php(2693): Illuminate\\Database\\Query\\Builder->onceWithColumns(Array, Object(Closure))
#8 /Users/minpyaesonenyein/projects/skincollection/vendor/laravel/framework/src/Illuminate/Database/Eloquent/Builder.php(710): Illuminate\\Database\\Query\\Builder->get(Array)
#9 /Users/minpyaesonenyein/projects/skincollection/vendor/laravel/framework/src/Illuminate/Database/Eloquent/Builder.php(694): Illuminate\\Database\\Eloquent\\Builder->getModels(Array)
#10 /Users/minpyaesonenyein/projects/skincollection/app/Http/Livewire/InvoicesManager.php(431): Illuminate\\Database\\Eloquent\\Builder->get(Array)
#11 /Users/minpyaesonenyein/projects/skincollection/app/Http/Livewire/InvoicesManager.php(115): App\\Http\\Livewire\\InvoicesManager->loadSelectableData()
#12 /Users/minpyaesonenyein/projects/skincollection/vendor/laravel/framework/src/Illuminate/Container/BoundMethod.php(36): App\\Http\\Livewire\\InvoicesManager->mount(Object(App\\Services\\ClinicContext))
#13 /Users/minpyaesonenyein/projects/skincollection/vendor/laravel/framework/src/Illuminate/Container/Util.php(41): Illuminate\\Container\\BoundMethod::{closure:Illuminate\\Container\\BoundMethod::call():35}()
#14 /Users/minpyaesonenyein/projects/skincollection/vendor/laravel/framework/src/Illuminate/Container/BoundMethod.php(93): Illuminate\\Container\\Util::unwrapIfClosure(Object(Closure))
#15 /Users/minpyaesonenyein/projects/skincollection/vendor/laravel/framework/src/Illuminate/Container/BoundMethod.php(35): Illuminate\\Container\\BoundMethod::callBoundMethod(Object(Illuminate\\Foundation\\Application), Array, Object(Closure))
#16 /Users/minpyaesonenyein/projects/skincollection/vendor/livewire/livewire/src/Wrapped.php(23): Illuminate\\Container\\BoundMethod::call(Object(Illuminate\\Foundation\\Application), Array, Array)
#17 /Users/minpyaesonenyein/projects/skincollection/vendor/livewire/livewire/src/Features/SupportLifecycleHooks/SupportLifecycleHooks.php(123): Livewire\\Wrapped->__call('mount', Array)
#18 /Users/minpyaesonenyein/projects/skincollection/vendor/livewire/livewire/src/Features/SupportLifecycleHooks/SupportLifecycleHooks.php(20): Livewire\\Features\\SupportLifecycleHooks\\SupportLifecycleHooks->callHook('mount', Array)
#19 /Users/minpyaesonenyein/projects/skincollection/vendor/livewire/livewire/src/ComponentHook.php(19): Livewire\\Features\\SupportLifecycleHooks\\SupportLifecycleHooks->mount(Array, false)
#20 /Users/minpyaesonenyein/projects/skincollection/vendor/livewire/livewire/src/ComponentHookRegistry.php(42): Livewire\\ComponentHook->callMount(Array, false)
#21 /Users/minpyaesonenyein/projects/skincollection/vendor/livewire/livewire/src/EventBus.php(60): Livewire\\ComponentHookRegistry::{closure:Livewire\\ComponentHookRegistry::boot():39}(Object(App\\Http\\Livewire\\InvoicesManager), Array, 'VZv66th', false)
#22 /Users/minpyaesonenyein/projects/skincollection/vendor/livewire/livewire/src/helpers.php(87): Livewire\\EventBus->trigger('mount', Object(App\\Http\\Livewire\\InvoicesManager), Array, 'VZv66th', false)
#23 /Users/minpyaesonenyein/projects/skincollection/vendor/livewire/livewire/src/Mechanisms/HandleComponents/HandleComponents.php(55): Livewire\\trigger('mount', Object(App\\Http\\Livewire\\InvoicesManager), Array, 'VZv66th', false)
#24 /Users/minpyaesonenyein/projects/skincollection/vendor/livewire/livewire/src/LivewireManager.php(72): Livewire\\Mechanisms\\HandleComponents\\HandleComponents->mount('invoices-manage...', Array, 'VZv66th')
#25 /Users/minpyaesonenyein/projects/skincollection/storage/framework/views/ff475c2ebc05920d915ec74e02e26ba68600ddce.php(11): Livewire\\LivewireManager->mount('invoices-manage...', Array, 'VZv66th', Array, Array)
#26 /Users/minpyaesonenyein/projects/skincollection/vendor/laravel/framework/src/Illuminate/Filesystem/Filesystem.php(109): require('/Users/minpyaes...')
#27 /Users/minpyaesonenyein/projects/skincollection/vendor/laravel/framework/src/Illuminate/Filesystem/Filesystem.php(110): Illuminate\\Filesystem\\Filesystem::{closure:Illuminate\\Filesystem\\Filesystem::getRequire():106}()
#28 /Users/minpyaesonenyein/projects/skincollection/vendor/laravel/framework/src/Illuminate/View/Engines/PhpEngine.php(58): Illuminate\\Filesystem\\Filesystem->getRequire('/Users/minpyaes...', Array)
#29 /Users/minpyaesonenyein/projects/skincollection/vendor/livewire/livewire/src/Mechanisms/ExtendBlade/ExtendedCompilerEngine.php(22): Illuminate\\View\\Engines\\PhpEngine->evaluatePath('/Users/minpyaes...', Array)
#30 /Users/minpyaesonenyein/projects/skincollection/vendor/laravel/framework/src/Illuminate/View/Engines/CompilerEngine.php(70): Livewire\\Mechanisms\\ExtendBlade\\ExtendedCompilerEngine->evaluatePath('/Users/minpyaes...', Array)
#31 /Users/minpyaesonenyein/projects/skincollection/vendor/livewire/livewire/src/Mechanisms/ExtendBlade/ExtendedCompilerEngine.php(10): Illuminate\\View\\Engines\\CompilerEngine->get('/Users/minpyaes...', Array)
#32 /Users/minpyaesonenyein/projects/skincollection/vendor/laravel/framework/src/Illuminate/View/View.php(195): Livewire\\Mechanisms\\ExtendBlade\\ExtendedCompilerEngine->get('/Users/minpyaes...', Array)
#33 /Users/minpyaesonenyein/projects/skincollection/vendor/laravel/framework/src/Illuminate/View/View.php(178): Illuminate\\View\\View->getContents()
#34 /Users/minpyaesonenyein/projects/skincollection/vendor/laravel/framework/src/Illuminate/View/View.php(147): Illuminate\\View\\View->renderContents()
#35 /Users/minpyaesonenyein/projects/skincollection/vendor/laravel/framework/src/Illuminate/Http/Response.php(69): Illuminate\\View\\View->render()
#36 /Users/minpyaesonenyein/projects/skincollection/vendor/laravel/framework/src/Illuminate/Http/Response.php(35): Illuminate\\Http\\Response->setContent(Object(Illuminate\\View\\View))
#37 /Users/minpyaesonenyein/projects/skincollection/vendor/laravel/framework/src/Illuminate/Routing/Router.php(906): Illuminate\\Http\\Response->__construct(Object(Illuminate\\View\\View), 200, Array)
#38 /Users/minpyaesonenyein/projects/skincollection/vendor/laravel/framework/src/Illuminate/Routing/Router.php(875): Illuminate\\Routing\\Router::toResponse(Object(Illuminate\\Http\\Request), Object(Illuminate\\View\\View))
#39 /Users/minpyaesonenyein/projects/skincollection/vendor/laravel/framework/src/Illuminate/Routing/Router.php(797): Illuminate\\Routing\\Router->prepareResponse(Object(Illuminate\\Http\\Request), Object(Illuminate\\View\\View))
#40 /Users/minpyaesonenyein/projects/skincollection/vendor/laravel/framework/src/Illuminate/Pipeline/Pipeline.php(141): Illuminate\\Routing\\Router->{closure:Illuminate\\Routing\\Router::runRouteWithinStack():797}(Object(Illuminate\\Http\\Request))
#41 /Users/minpyaesonenyein/projects/skincollection/app/Http/Middleware/EnsureClinicContext.php(34): Illuminate\\Pipeline\\Pipeline->{closure:Illuminate\\Pipeline\\Pipeline::prepareDestination():139}(Object(Illuminate\\Http\\Request))
#42 /Users/minpyaesonenyein/projects/skincollection/vendor/laravel/framework/src/Illuminate/Pipeline/Pipeline.php(180): App\\Http\\Middleware\\EnsureClinicContext->handle(Object(Illuminate\\Http\\Request), Object(Closure))
#43 /Users/minpyaesonenyein/projects/skincollection/vendor/laravel/framework/src/Illuminate/Routing/Middleware/SubstituteBindings.php(50): Illuminate\\Pipeline\\Pipeline->{closure:{closure:Illuminate\\Pipeline\\Pipeline::carry():155}:156}(Object(Illuminate\\Http\\Request))
#44 /Users/minpyaesonenyein/projects/skincollection/vendor/laravel/framework/src/Illuminate/Pipeline/Pipeline.php(180): Illuminate\\Routing\\Middleware\\SubstituteBindings->handle(Object(Illuminate\\Http\\Request), Object(Closure))
#45 /Users/minpyaesonenyein/projects/skincollection/vendor/laravel/framework/src/Illuminate/Auth/Middleware/Authenticate.php(44): Illuminate\\Pipeline\\Pipeline->{closure:{closure:Illuminate\\Pipeline\\Pipeline::carry():155}:156}(Object(Illuminate\\Http\\Request))
#46 /Users/minpyaesonenyein/projects/skincollection/vendor/laravel/framework/src/Illuminate/Pipeline/Pipeline.php(180): Illuminate\\Auth\\Middleware\\Authenticate->handle(Object(Illuminate\\Http\\Request), Object(Closure))
#47 /Users/minpyaesonenyein/projects/skincollection/vendor/laravel/framework/src/Illuminate/Foundation/Http/Middleware/VerifyCsrfToken.php(78): Illuminate\\Pipeline\\Pipeline->{closure:{closure:Illuminate\\Pipeline\\Pipeline::carry():155}:156}(Object(Illuminate\\Http\\Request))
#48 /Users/minpyaesonenyein/projects/skincollection/vendor/laravel/framework/src/Illuminate/Pipeline/Pipeline.php(180): Illuminate\\Foundation\\Http\\Middleware\\VerifyCsrfToken->handle(Object(Illuminate\\Http\\Request), Object(Closure))
#49 /Users/minpyaesonenyein/projects/skincollection/vendor/laravel/framework/src/Illuminate/View/Middleware/ShareErrorsFromSession.php(49): Illuminate\\Pipeline\\Pipeline->{closure:{closure:Illuminate\\Pipeline\\Pipeline::carry():155}:156}(Object(Illuminate\\Http\\Request))
#50 /Users/minpyaesonenyein/projects/skincollection/vendor/laravel/framework/src/Illuminate/Pipeline/Pipeline.php(180): Illuminate\\View\\Middleware\\ShareErrorsFromSession->handle(Object(Illuminate\\Http\\Request), Object(Closure))
#51 /Users/minpyaesonenyein/projects/skincollection/vendor/laravel/framework/src/Illuminate/Session/Middleware/StartSession.php(121): Illuminate\\Pipeline\\Pipeline->{closure:{closure:Illuminate\\Pipeline\\Pipeline::carry():155}:156}(Object(Illuminate\\Http\\Request))
#52 /Users/minpyaesonenyein/projects/skincollection/vendor/laravel/framework/src/Illuminate/Session/Middleware/StartSession.php(64): Illuminate\\Session\\Middleware\\StartSession->handleStatefulRequest(Object(Illuminate\\Http\\Request), Object(Illuminate\\Session\\Store), Object(Closure))
#53 /Users/minpyaesonenyein/projects/skincollection/vendor/laravel/framework/src/Illuminate/Pipeline/Pipeline.php(180): Illuminate\\Session\\Middleware\\StartSession->handle(Object(Illuminate\\Http\\Request), Object(Closure))
#54 /Users/minpyaesonenyein/projects/skincollection/vendor/laravel/framework/src/Illuminate/Cookie/Middleware/AddQueuedCookiesToResponse.php(37): Illuminate\\Pipeline\\Pipeline->{closure:{closure:Illuminate\\Pipeline\\Pipeline::carry():155}:156}(Object(Illuminate\\Http\\Request))
#55 /Users/minpyaesonenyein/projects/skincollection/vendor/laravel/framework/src/Illuminate/Pipeline/Pipeline.php(180): Illuminate\\Cookie\\Middleware\\AddQueuedCookiesToResponse->handle(Object(Illuminate\\Http\\Request), Object(Closure))
#56 /Users/minpyaesonenyein/projects/skincollection/vendor/laravel/framework/src/Illuminate/Cookie/Middleware/EncryptCookies.php(67): Illuminate\\Pipeline\\Pipeline->{closure:{closure:Illuminate\\Pipeline\\Pipeline::carry():155}:156}(Object(Illuminate\\Http\\Request))
#57 /Users/minpyaesonenyein/projects/skincollection/vendor/laravel/framework/src/Illuminate/Pipeline/Pipeline.php(180): Illuminate\\Cookie\\Middleware\\EncryptCookies->handle(Object(Illuminate\\Http\\Request), Object(Closure))
#58 /Users/minpyaesonenyein/projects/skincollection/vendor/laravel/framework/src/Illuminate/Pipeline/Pipeline.php(116): Illuminate\\Pipeline\\Pipeline->{closure:{closure:Illuminate\\Pipeline\\Pipeline::carry():155}:156}(Object(Illuminate\\Http\\Request))
#59 /Users/minpyaesonenyein/projects/skincollection/vendor/laravel/framework/src/Illuminate/Routing/Router.php(797): Illuminate\\Pipeline\\Pipeline->then(Object(Closure))
#60 /Users/minpyaesonenyein/projects/skincollection/vendor/laravel/framework/src/Illuminate/Routing/Router.php(776): Illuminate\\Routing\\Router->runRouteWithinStack(Object(Illuminate\\Routing\\Route), Object(Illuminate\\Http\\Request))
#61 /Users/minpyaesonenyein/projects/skincollection/vendor/laravel/framework/src/Illuminate/Routing/Router.php(740): Illuminate\\Routing\\Router->runRoute(Object(Illuminate\\Http\\Request), Object(Illuminate\\Routing\\Route))
#62 /Users/minpyaesonenyein/projects/skincollection/vendor/laravel/framework/src/Illuminate/Routing/Router.php(729): Illuminate\\Routing\\Router->dispatchToRoute(Object(Illuminate\\Http\\Request))
#63 /Users/minpyaesonenyein/projects/skincollection/vendor/laravel/framework/src/Illuminate/Foundation/Http/Kernel.php(190): Illuminate\\Routing\\Router->dispatch(Object(Illuminate\\Http\\Request))
#64 /Users/minpyaesonenyein/projects/skincollection/vendor/laravel/framework/src/Illuminate/Pipeline/Pipeline.php(141): Illuminate\\Foundation\\Http\\Kernel->{closure:Illuminate\\Foundation\\Http\\Kernel::dispatchToRouter():187}(Object(Illuminate\\Http\\Request))
#65 /Users/minpyaesonenyein/projects/skincollection/vendor/livewire/livewire/src/Features/SupportDisablingBackButtonCache/DisableBackButtonCacheMiddleware.php(19): Illuminate\\Pipeline\\Pipeline->{closure:Illuminate\\Pipeline\\Pipeline::prepareDestination():139}(Object(Illuminate\\Http\\Request))
#66 /Users/minpyaesonenyein/projects/skincollection/vendor/laravel/framework/src/Illuminate/Pipeline/Pipeline.php(180): Livewire\\Features\\SupportDisablingBackButtonCache\\DisableBackButtonCacheMiddleware->handle(Object(Illuminate\\Http\\Request), Object(Closure))
#67 /Users/minpyaesonenyein/projects/skincollection/vendor/laravel/framework/src/Illuminate/Foundation/Http/Middleware/TransformsRequest.php(21): Illuminate\\Pipeline\\Pipeline->{closure:{closure:Illuminate\\Pipeline\\Pipeline::carry():155}:156}(Object(Illuminate\\Http\\Request))
#68 /Users/minpyaesonenyein/projects/skincollection/vendor/laravel/framework/src/Illuminate/Foundation/Http/Middleware/ConvertEmptyStringsToNull.php(31): Illuminate\\Foundation\\Http\\Middleware\\TransformsRequest->handle(Object(Illuminate\\Http\\Request), Object(Closure))
#69 /Users/minpyaesonenyein/projects/skincollection/vendor/laravel/framework/src/Illuminate/Pipeline/Pipeline.php(180): Illuminate\\Foundation\\Http\\Middleware\\ConvertEmptyStringsToNull->handle(Object(Illuminate\\Http\\Request), Object(Closure))
#70 /Users/minpyaesonenyein/projects/skincollection/vendor/laravel/framework/src/Illuminate/Foundation/Http/Middleware/TransformsRequest.php(21): Illuminate\\Pipeline\\Pipeline->{closure:{closure:Illuminate\\Pipeline\\Pipeline::carry():155}:156}(Object(Illuminate\\Http\\Request))
#71 /Users/minpyaesonenyein/projects/skincollection/vendor/laravel/framework/src/Illuminate/Foundation/Http/Middleware/TrimStrings.php(40): Illuminate\\Foundation\\Http\\Middleware\\TransformsRequest->handle(Object(Illuminate\\Http\\Request), Object(Closure))
#72 /Users/minpyaesonenyein/projects/skincollection/vendor/laravel/framework/src/Illuminate/Pipeline/Pipeline.php(180): Illuminate\\Foundation\\Http\\Middleware\\TrimStrings->handle(Object(Illuminate\\Http\\Request), Object(Closure))
#73 /Users/minpyaesonenyein/projects/skincollection/vendor/laravel/framework/src/Illuminate/Foundation/Http/Middleware/ValidatePostSize.php(27): Illuminate\\Pipeline\\Pipeline->{closure:{closure:Illuminate\\Pipeline\\Pipeline::carry():155}:156}(Object(Illuminate\\Http\\Request))
#74 /Users/minpyaesonenyein/projects/skincollection/vendor/laravel/framework/src/Illuminate/Pipeline/Pipeline.php(180): Illuminate\\Foundation\\Http\\Middleware\\ValidatePostSize->handle(Object(Illuminate\\Http\\Request), Object(Closure))
#75 /Users/minpyaesonenyein/projects/skincollection/vendor/laravel/framework/src/Illuminate/Foundation/Http/Middleware/PreventRequestsDuringMaintenance.php(86): Illuminate\\Pipeline\\Pipeline->{closure:{closure:Illuminate\\Pipeline\\Pipeline::carry():155}:156}(Object(Illuminate\\Http\\Request))
#76 /Users/minpyaesonenyein/projects/skincollection/vendor/laravel/framework/src/Illuminate/Pipeline/Pipeline.php(180): Illuminate\\Foundation\\Http\\Middleware\\PreventRequestsDuringMaintenance->handle(Object(Illuminate\\Http\\Request), Object(Closure))
#77 /Users/minpyaesonenyein/projects/skincollection/vendor/fruitcake/laravel-cors/src/HandleCors.php(38): Illuminate\\Pipeline\\Pipeline->{closure:{closure:Illuminate\\Pipeline\\Pipeline::carry():155}:156}(Object(Illuminate\\Http\\Request))
#78 /Users/minpyaesonenyein/projects/skincollection/vendor/laravel/framework/src/Illuminate/Pipeline/Pipeline.php(180): Fruitcake\\Cors\\HandleCors->handle(Object(Illuminate\\Http\\Request), Object(Closure))
#79 /Users/minpyaesonenyein/projects/skincollection/vendor/laravel/framework/src/Illuminate/Http/Middleware/TrustProxies.php(39): Illuminate\\Pipeline\\Pipeline->{closure:{closure:Illuminate\\Pipeline\\Pipeline::carry():155}:156}(Object(Illuminate\\Http\\Request))
#80 /Users/minpyaesonenyein/projects/skincollection/vendor/laravel/framework/src/Illuminate/Pipeline/Pipeline.php(180): Illuminate\\Http\\Middleware\\TrustProxies->handle(Object(Illuminate\\Http\\Request), Object(Closure))
#81 /Users/minpyaesonenyein/projects/skincollection/vendor/laravel/framework/src/Illuminate/Pipeline/Pipeline.php(116): Illuminate\\Pipeline\\Pipeline->{closure:{closure:Illuminate\\Pipeline\\Pipeline::carry():155}:156}(Object(Illuminate\\Http\\Request))
#82 /Users/minpyaesonenyein/projects/skincollection/vendor/laravel/framework/src/Illuminate/Foundation/Http/Kernel.php(165): Illuminate\\Pipeline\\Pipeline->then(Object(Closure))
#83 /Users/minpyaesonenyein/projects/skincollection/vendor/laravel/framework/src/Illuminate/Foundation/Http/Kernel.php(134): Illuminate\\Foundation\\Http\\Kernel->sendRequestThroughRouter(Object(Illuminate\\Http\\Request))
#84 /Users/minpyaesonenyein/projects/skincollection/public/index.php(51): Illuminate\\Foundation\\Http\\Kernel->handle(Object(Illuminate\\Http\\Request))
#85 /Users/minpyaesonenyein/projects/skincollection/server.php(21): require_once('/Users/minpyaes...')
#86 {main}
"} 
[2025-12-14 14:49:20] local.ERROR: Call to undefined relationship [clinic] on model [App\Models\TreatmentPackage]. {"view":{"view":"/Users/minpyaesonenyein/projects/skincollection/resources/views/invoice/index.blade.php","data":{"errors":"<pre class=sf-dump id=sf-dump-2108352915 data-indent-pad=\"  \"><span class=sf-dump-note>Illuminate\\Support\\ViewErrorBag</span> {<a class=sf-dump-ref>#1310</a><samp data-depth=1 class=sf-dump-expanded>
  #<span class=sf-dump-protected title=\"Protected property\">bags</span>: []
</samp>}
</pre><script>Sfdump(\"sf-dump-2108352915\", {\"maxDepth\":3,\"maxStringLength\":160})</script>
","activeClinic":"<pre class=sf-dump id=sf-dump-485736838 data-indent-pad=\"  \"><span class=sf-dump-note>App\\Models\\Clinic</span> {<a class=sf-dump-ref>#1364</a><samp data-depth=1 class=sf-dump-expanded>
  #<span class=sf-dump-protected title=\"Protected property\">connection</span>: \"<span class=sf-dump-str title=\"5 characters\">mysql</span>\"
  #<span class=sf-dump-protected title=\"Protected property\">table</span>: \"<span class=sf-dump-str title=\"7 characters\">clinics</span>\"
  #<span class=sf-dump-protected title=\"Protected property\">primaryKey</span>: \"<span class=sf-dump-str title=\"2 characters\">id</span>\"
  #<span class=sf-dump-protected title=\"Protected property\">keyType</span>: \"<span class=sf-dump-str title=\"3 characters\">int</span>\"
  +<span class=sf-dump-public title=\"Public property\">incrementing</span>: <span class=sf-dump-const>true</span>
  #<span class=sf-dump-protected title=\"Protected property\">with</span>: []
  #<span class=sf-dump-protected title=\"Protected property\">withCount</span>: []
  +<span class=sf-dump-public title=\"Public property\">preventsLazyLoading</span>: <span class=sf-dump-const>false</span>
  #<span class=sf-dump-protected title=\"Protected property\">perPage</span>: <span class=sf-dump-num>15</span>
  +<span class=sf-dump-public title=\"Public property\">exists</span>: <span class=sf-dump-const>true</span>
  +<span class=sf-dump-public title=\"Public property\">wasRecentlyCreated</span>: <span class=sf-dump-const>false</span>
  #<span class=sf-dump-protected title=\"Protected property\">escapeWhenCastingToString</span>: <span class=sf-dump-const>false</span>
  #<span class=sf-dump-protected title=\"Protected property\">attributes</span>: <span class=sf-dump-note>array:9</span> [<samp data-depth=2 class=sf-dump-compact>
    \"<span class=sf-dump-key>id</span>\" => <span class=sf-dump-num>1</span>
    \"<span class=sf-dump-key>name</span>\" => \"<span class=sf-dump-str title=\"11 characters\">Main Clinic</span>\"
    \"<span class=sf-dump-key>prefix</span>\" => \"<span class=sf-dump-str title=\"4 characters\">MAIN</span>\"
    \"<span class=sf-dump-key>email</span>\" => <span class=sf-dump-const>null</span>
    \"<span class=sf-dump-key>phone</span>\" => <span class=sf-dump-const>null</span>
    \"<span class=sf-dump-key>address</span>\" => <span class=sf-dump-const>null</span>
    \"<span class=sf-dump-key>status</span>\" => <span class=sf-dump-num>1</span>
    \"<span class=sf-dump-key>created_at</span>\" => \"<span class=sf-dump-str title=\"19 characters\">2025-12-14 08:48:43</span>\"
    \"<span class=sf-dump-key>updated_at</span>\" => \"<span class=sf-dump-str title=\"19 characters\">2025-12-14 08:48:43</span>\"
  </samp>]
  #<span class=sf-dump-protected title=\"Protected property\">original</span>: <span class=sf-dump-note>array:9</span> [<samp data-depth=2 class=sf-dump-compact>
    \"<span class=sf-dump-key>id</span>\" => <span class=sf-dump-num>1</span>
    \"<span class=sf-dump-key>name</span>\" => \"<span class=sf-dump-str title=\"11 characters\">Main Clinic</span>\"
    \"<span class=sf-dump-key>prefix</span>\" => \"<span class=sf-dump-str title=\"4 characters\">MAIN</span>\"
    \"<span class=sf-dump-key>email</span>\" => <span class=sf-dump-const>null</span>
    \"<span class=sf-dump-key>phone</span>\" => <span class=sf-dump-const>null</span>
    \"<span class=sf-dump-key>address</span>\" => <span class=sf-dump-const>null</span>
    \"<span class=sf-dump-key>status</span>\" => <span class=sf-dump-num>1</span>
    \"<span class=sf-dump-key>created_at</span>\" => \"<span class=sf-dump-str title=\"19 characters\">2025-12-14 08:48:43</span>\"
    \"<span class=sf-dump-key>updated_at</span>\" => \"<span class=sf-dump-str title=\"19 characters\">2025-12-14 08:48:43</span>\"
  </samp>]
  #<span class=sf-dump-protected title=\"Protected property\">changes</span>: []
  #<span class=sf-dump-protected title=\"Protected property\">casts</span>: []
  #<span class=sf-dump-protected title=\"Protected property\">classCastCache</span>: []
  #<span class=sf-dump-protected title=\"Protected property\">attributeCastCache</span>: []
  #<span class=sf-dump-protected title=\"Protected property\">dates</span>: []
  #<span class=sf-dump-protected title=\"Protected property\">dateFormat</span>: <span class=sf-dump-const>null</span>
  #<span class=sf-dump-protected title=\"Protected property\">appends</span>: []
  #<span class=sf-dump-protected title=\"Protected property\">dispatchesEvents</span>: []
  #<span class=sf-dump-protected title=\"Protected property\">observables</span>: []
  #<span class=sf-dump-protected title=\"Protected property\">relations</span>: []
  #<span class=sf-dump-protected title=\"Protected property\">touches</span>: []
  +<span class=sf-dump-public title=\"Public property\">timestamps</span>: <span class=sf-dump-const>true</span>
  #<span class=sf-dump-protected title=\"Protected property\">hidden</span>: []
  #<span class=sf-dump-protected title=\"Protected property\">visible</span>: []
  #<span class=sf-dump-protected title=\"Protected property\">fillable</span>: <span class=sf-dump-note>array:6</span> [<samp data-depth=2 class=sf-dump-compact>
    <span class=sf-dump-index>0</span> => \"<span class=sf-dump-str title=\"4 characters\">name</span>\"
    <span class=sf-dump-index>1</span> => \"<span class=sf-dump-str title=\"6 characters\">prefix</span>\"
    <span class=sf-dump-index>2</span> => \"<span class=sf-dump-str title=\"7 characters\">address</span>\"
    <span class=sf-dump-index>3</span> => \"<span class=sf-dump-str title=\"5 characters\">phone</span>\"
    <span class=sf-dump-index>4</span> => \"<span class=sf-dump-str title=\"5 characters\">email</span>\"
    <span class=sf-dump-index>5</span> => \"<span class=sf-dump-str title=\"6 characters\">status</span>\"
  </samp>]
  #<span class=sf-dump-protected title=\"Protected property\">guarded</span>: <span class=sf-dump-note>array:1</span> [<samp data-depth=2 class=sf-dump-compact>
    <span class=sf-dump-index>0</span> => \"<span class=sf-dump-str>*</span>\"
  </samp>]
</samp>}
</pre><script>Sfdump(\"sf-dump-485736838\", {\"maxDepth\":3,\"maxStringLength\":160})</script>
","viewingAllClinics":"<pre class=sf-dump id=sf-dump-2130759043 data-indent-pad=\"  \"><span class=sf-dump-const>false</span>
</pre><script>Sfdump(\"sf-dump-2130759043\", {\"maxDepth\":3,\"maxStringLength\":160})</script>
","availableClinics":"<pre class=sf-dump id=sf-dump-1097772471 data-indent-pad=\"  \"><span class=sf-dump-note>Illuminate\\Database\\Eloquent\\Collection</span> {<a class=sf-dump-ref>#1354</a><samp data-depth=1 class=sf-dump-expanded>
  #<span class=sf-dump-protected title=\"Protected property\">items</span>: <span class=sf-dump-note>array:1</span> [<samp data-depth=2 class=sf-dump-compact>
    <span class=sf-dump-index>0</span> => <span class=\"sf-dump-note sf-dump-ellipsization\" title=\"App\\Models\\Clinic
\"><span class=\"sf-dump-ellipsis sf-dump-ellipsis-note\">App\\Models</span><span class=\"sf-dump-ellipsis sf-dump-ellipsis-note\">\\</span><span class=\"sf-dump-ellipsis-tail\">Clinic</span></span> {<a class=sf-dump-ref>#1357</a><samp data-depth=3 class=sf-dump-compact>
      #<span class=sf-dump-protected title=\"Protected property\">connection</span>: \"<span class=sf-dump-str title=\"5 characters\">mysql</span>\"
      #<span class=sf-dump-protected title=\"Protected property\">table</span>: \"<span class=sf-dump-str title=\"7 characters\">clinics</span>\"
      #<span class=sf-dump-protected title=\"Protected property\">primaryKey</span>: \"<span class=sf-dump-str title=\"2 characters\">id</span>\"
      #<span class=sf-dump-protected title=\"Protected property\">keyType</span>: \"<span class=sf-dump-str title=\"3 characters\">int</span>\"
      +<span class=sf-dump-public title=\"Public property\">incrementing</span>: <span class=sf-dump-const>true</span>
      #<span class=sf-dump-protected title=\"Protected property\">with</span>: []
      #<span class=sf-dump-protected title=\"Protected property\">withCount</span>: []
      +<span class=sf-dump-public title=\"Public property\">preventsLazyLoading</span>: <span class=sf-dump-const>false</span>
      #<span class=sf-dump-protected title=\"Protected property\">perPage</span>: <span class=sf-dump-num>15</span>
      +<span class=sf-dump-public title=\"Public property\">exists</span>: <span class=sf-dump-const>true</span>
      +<span class=sf-dump-public title=\"Public property\">wasRecentlyCreated</span>: <span class=sf-dump-const>false</span>
      #<span class=sf-dump-protected title=\"Protected property\">escapeWhenCastingToString</span>: <span class=sf-dump-const>false</span>
      #<span class=sf-dump-protected title=\"Protected property\">attributes</span>: <span class=sf-dump-note>array:9</span> [ &#8230;9]
      #<span class=sf-dump-protected title=\"Protected property\">original</span>: <span class=sf-dump-note>array:9</span> [ &#8230;9]
      #<span class=sf-dump-protected title=\"Protected property\">changes</span>: []
      #<span class=sf-dump-protected title=\"Protected property\">casts</span>: []
      #<span class=sf-dump-protected title=\"Protected property\">classCastCache</span>: []
      #<span class=sf-dump-protected title=\"Protected property\">attributeCastCache</span>: []
      #<span class=sf-dump-protected title=\"Protected property\">dates</span>: []
      #<span class=sf-dump-protected title=\"Protected property\">dateFormat</span>: <span class=sf-dump-const>null</span>
      #<span class=sf-dump-protected title=\"Protected property\">appends</span>: []
      #<span class=sf-dump-protected title=\"Protected property\">dispatchesEvents</span>: []
      #<span class=sf-dump-protected title=\"Protected property\">observables</span>: []
      #<span class=sf-dump-protected title=\"Protected property\">relations</span>: []
      #<span class=sf-dump-protected title=\"Protected property\">touches</span>: []
      +<span class=sf-dump-public title=\"Public property\">timestamps</span>: <span class=sf-dump-const>true</span>
      #<span class=sf-dump-protected title=\"Protected property\">hidden</span>: []
      #<span class=sf-dump-protected title=\"Protected property\">visible</span>: []
      #<span class=sf-dump-protected title=\"Protected property\">fillable</span>: <span class=sf-dump-note>array:6</span> [ &#8230;6]
      #<span class=sf-dump-protected title=\"Protected property\">guarded</span>: <span class=sf-dump-note>array:1</span> [ &#8230;1]
    </samp>}
  </samp>]
  #<span class=sf-dump-protected title=\"Protected property\">escapeWhenCastingToString</span>: <span class=sf-dump-const>false</span>
</samp>}
</pre><script>Sfdump(\"sf-dump-1097772471\", {\"maxDepth\":3,\"maxStringLength\":160})</script>
"}},"userId":1,"exception":"[object] (Spatie\\LaravelIgnition\\Exceptions\\ViewException(code: 0): Call to undefined relationship [clinic] on model [App\\Models\\TreatmentPackage]. at /Users/minpyaesonenyein/projects/skincollection/vendor/laravel/framework/src/Illuminate/Database/Eloquent/RelationNotFoundException.php:35)
[stacktrace]
#0 /Users/minpyaesonenyein/projects/skincollection/vendor/laravel/framework/src/Illuminate/Database/Eloquent/Builder.php(777): Illuminate\\Database\\Eloquent\\RelationNotFoundException::make(Object(App\\Models\\TreatmentPackage), 'clinic')
#1 /Users/minpyaesonenyein/projects/skincollection/vendor/laravel/framework/src/Illuminate/Database/Eloquent/Relations/Relation.php(104): Illuminate\\Database\\Eloquent\\Builder->{closure:Illuminate\\Database\\Eloquent\\Builder::getRelation():773}()
#2 /Users/minpyaesonenyein/projects/skincollection/vendor/laravel/framework/src/Illuminate/Database/Eloquent/Builder.php(773): Illuminate\\Database\\Eloquent\\Relations\\Relation::noConstraints(Object(Closure))
#3 /Users/minpyaesonenyein/projects/skincollection/vendor/laravel/framework/src/Illuminate/Database/Eloquent/Builder.php(747): Illuminate\\Database\\Eloquent\\Builder->getRelation('clinic')
#4 /Users/minpyaesonenyein/projects/skincollection/vendor/laravel/framework/src/Illuminate/Database/Eloquent/Builder.php(727): Illuminate\\Database\\Eloquent\\Builder->eagerLoadRelation(Array, 'clinic', Object(Closure))
#5 /Users/minpyaesonenyein/projects/skincollection/vendor/laravel/framework/src/Illuminate/Database/Eloquent/Builder.php(695): Illuminate\\Database\\Eloquent\\Builder->eagerLoadRelations(Array)
#6 /Users/minpyaesonenyein/projects/skincollection/app/Http/Livewire/InvoicesManager.php(431): Illuminate\\Database\\Eloquent\\Builder->get(Array)
#7 /Users/minpyaesonenyein/projects/skincollection/app/Http/Livewire/InvoicesManager.php(115): App\\Http\\Livewire\\InvoicesManager->loadSelectableData()
#8 /Users/minpyaesonenyein/projects/skincollection/vendor/laravel/framework/src/Illuminate/Container/BoundMethod.php(36): App\\Http\\Livewire\\InvoicesManager->mount(Object(App\\Services\\ClinicContext))
#9 /Users/minpyaesonenyein/projects/skincollection/vendor/laravel/framework/src/Illuminate/Container/Util.php(41): Illuminate\\Container\\BoundMethod::{closure:Illuminate\\Container\\BoundMethod::call():35}()
#10 /Users/minpyaesonenyein/projects/skincollection/vendor/laravel/framework/src/Illuminate/Container/BoundMethod.php(93): Illuminate\\Container\\Util::unwrapIfClosure(Object(Closure))
#11 /Users/minpyaesonenyein/projects/skincollection/vendor/laravel/framework/src/Illuminate/Container/BoundMethod.php(35): Illuminate\\Container\\BoundMethod::callBoundMethod(Object(Illuminate\\Foundation\\Application), Array, Object(Closure))
#12 /Users/minpyaesonenyein/projects/skincollection/vendor/livewire/livewire/src/Wrapped.php(23): Illuminate\\Container\\BoundMethod::call(Object(Illuminate\\Foundation\\Application), Array, Array)
#13 /Users/minpyaesonenyein/projects/skincollection/vendor/livewire/livewire/src/Features/SupportLifecycleHooks/SupportLifecycleHooks.php(123): Livewire\\Wrapped->__call('mount', Array)
#14 /Users/minpyaesonenyein/projects/skincollection/vendor/livewire/livewire/src/Features/SupportLifecycleHooks/SupportLifecycleHooks.php(20): Livewire\\Features\\SupportLifecycleHooks\\SupportLifecycleHooks->callHook('mount', Array)
#15 /Users/minpyaesonenyein/projects/skincollection/vendor/livewire/livewire/src/ComponentHook.php(19): Livewire\\Features\\SupportLifecycleHooks\\SupportLifecycleHooks->mount(Array, false)
#16 /Users/minpyaesonenyein/projects/skincollection/vendor/livewire/livewire/src/ComponentHookRegistry.php(42): Livewire\\ComponentHook->callMount(Array, false)
#17 /Users/minpyaesonenyein/projects/skincollection/vendor/livewire/livewire/src/EventBus.php(60): Livewire\\ComponentHookRegistry::{closure:Livewire\\ComponentHookRegistry::boot():39}(Object(App\\Http\\Livewire\\InvoicesManager), Array, 'VZv66th', false)
#18 /Users/minpyaesonenyein/projects/skincollection/vendor/livewire/livewire/src/helpers.php(87): Livewire\\EventBus->trigger('mount', Object(App\\Http\\Livewire\\InvoicesManager), Array, 'VZv66th', false)
#19 /Users/minpyaesonenyein/projects/skincollection/vendor/livewire/livewire/src/Mechanisms/HandleComponents/HandleComponents.php(55): Livewire\\trigger('mount', Object(App\\Http\\Livewire\\InvoicesManager), Array, 'VZv66th', false)
#20 /Users/minpyaesonenyein/projects/skincollection/vendor/livewire/livewire/src/LivewireManager.php(72): Livewire\\Mechanisms\\HandleComponents\\HandleComponents->mount('invoices-manage...', Array, 'VZv66th')
#21 /Users/minpyaesonenyein/projects/skincollection/resources/views/invoice/index.blade.php(7): Livewire\\LivewireManager->mount('invoices-manage...', Array, 'VZv66th', Array, Array)
#22 /Users/minpyaesonenyein/projects/skincollection/vendor/laravel/framework/src/Illuminate/Filesystem/Filesystem.php(109): require('/Users/minpyaes...')
#23 /Users/minpyaesonenyein/projects/skincollection/vendor/laravel/framework/src/Illuminate/Filesystem/Filesystem.php(110): Illuminate\\Filesystem\\Filesystem::{closure:Illuminate\\Filesystem\\Filesystem::getRequire():106}()
#24 /Users/minpyaesonenyein/projects/skincollection/vendor/laravel/framework/src/Illuminate/View/Engines/PhpEngine.php(58): Illuminate\\Filesystem\\Filesystem->getRequire('/Users/minpyaes...', Array)
#25 /Users/minpyaesonenyein/projects/skincollection/vendor/livewire/livewire/src/Mechanisms/ExtendBlade/ExtendedCompilerEngine.php(22): Illuminate\\View\\Engines\\PhpEngine->evaluatePath('/Users/minpyaes...', Array)
#26 /Users/minpyaesonenyein/projects/skincollection/vendor/laravel/framework/src/Illuminate/View/Engines/CompilerEngine.php(70): Livewire\\Mechanisms\\ExtendBlade\\ExtendedCompilerEngine->evaluatePath('/Users/minpyaes...', Array)
#27 /Users/minpyaesonenyein/projects/skincollection/vendor/livewire/livewire/src/Mechanisms/ExtendBlade/ExtendedCompilerEngine.php(10): Illuminate\\View\\Engines\\CompilerEngine->get('/Users/minpyaes...', Array)
#28 /Users/minpyaesonenyein/projects/skincollection/vendor/laravel/framework/src/Illuminate/View/View.php(195): Livewire\\Mechanisms\\ExtendBlade\\ExtendedCompilerEngine->get('/Users/minpyaes...', Array)
#29 /Users/minpyaesonenyein/projects/skincollection/vendor/laravel/framework/src/Illuminate/View/View.php(178): Illuminate\\View\\View->getContents()
#30 /Users/minpyaesonenyein/projects/skincollection/vendor/laravel/framework/src/Illuminate/View/View.php(147): Illuminate\\View\\View->renderContents()
#31 /Users/minpyaesonenyein/projects/skincollection/vendor/laravel/framework/src/Illuminate/Http/Response.php(69): Illuminate\\View\\View->render()
#32 /Users/minpyaesonenyein/projects/skincollection/vendor/laravel/framework/src/Illuminate/Http/Response.php(35): Illuminate\\Http\\Response->setContent(Object(Illuminate\\View\\View))
#33 /Users/minpyaesonenyein/projects/skincollection/vendor/laravel/framework/src/Illuminate/Routing/Router.php(906): Illuminate\\Http\\Response->__construct(Object(Illuminate\\View\\View), 200, Array)
#34 /Users/minpyaesonenyein/projects/skincollection/vendor/laravel/framework/src/Illuminate/Routing/Router.php(875): Illuminate\\Routing\\Router::toResponse(Object(Illuminate\\Http\\Request), Object(Illuminate\\View\\View))
#35 /Users/minpyaesonenyein/projects/skincollection/vendor/laravel/framework/src/Illuminate/Routing/Router.php(797): Illuminate\\Routing\\Router->prepareResponse(Object(Illuminate\\Http\\Request), Object(Illuminate\\View\\View))
#36 /Users/minpyaesonenyein/projects/skincollection/vendor/laravel/framework/src/Illuminate/Pipeline/Pipeline.php(141): Illuminate\\Routing\\Router->{closure:Illuminate\\Routing\\Router::runRouteWithinStack():797}(Object(Illuminate\\Http\\Request))
#37 /Users/minpyaesonenyein/projects/skincollection/app/Http/Middleware/EnsureClinicContext.php(34): Illuminate\\Pipeline\\Pipeline->{closure:Illuminate\\Pipeline\\Pipeline::prepareDestination():139}(Object(Illuminate\\Http\\Request))
#38 /Users/minpyaesonenyein/projects/skincollection/vendor/laravel/framework/src/Illuminate/Pipeline/Pipeline.php(180): App\\Http\\Middleware\\EnsureClinicContext->handle(Object(Illuminate\\Http\\Request), Object(Closure))
#39 /Users/minpyaesonenyein/projects/skincollection/vendor/laravel/framework/src/Illuminate/Routing/Middleware/SubstituteBindings.php(50): Illuminate\\Pipeline\\Pipeline->{closure:{closure:Illuminate\\Pipeline\\Pipeline::carry():155}:156}(Object(Illuminate\\Http\\Request))
#40 /Users/minpyaesonenyein/projects/skincollection/vendor/laravel/framework/src/Illuminate/Pipeline/Pipeline.php(180): Illuminate\\Routing\\Middleware\\SubstituteBindings->handle(Object(Illuminate\\Http\\Request), Object(Closure))
#41 /Users/minpyaesonenyein/projects/skincollection/vendor/laravel/framework/src/Illuminate/Auth/Middleware/Authenticate.php(44): Illuminate\\Pipeline\\Pipeline->{closure:{closure:Illuminate\\Pipeline\\Pipeline::carry():155}:156}(Object(Illuminate\\Http\\Request))
#42 /Users/minpyaesonenyein/projects/skincollection/vendor/laravel/framework/src/Illuminate/Pipeline/Pipeline.php(180): Illuminate\\Auth\\Middleware\\Authenticate->handle(Object(Illuminate\\Http\\Request), Object(Closure))
#43 /Users/minpyaesonenyein/projects/skincollection/vendor/laravel/framework/src/Illuminate/Foundation/Http/Middleware/VerifyCsrfToken.php(78): Illuminate\\Pipeline\\Pipeline->{closure:{closure:Illuminate\\Pipeline\\Pipeline::carry():155}:156}(Object(Illuminate\\Http\\Request))
#44 /Users/minpyaesonenyein/projects/skincollection/vendor/laravel/framework/src/Illuminate/Pipeline/Pipeline.php(180): Illuminate\\Foundation\\Http\\Middleware\\VerifyCsrfToken->handle(Object(Illuminate\\Http\\Request), Object(Closure))
#45 /Users/minpyaesonenyein/projects/skincollection/vendor/laravel/framework/src/Illuminate/View/Middleware/ShareErrorsFromSession.php(49): Illuminate\\Pipeline\\Pipeline->{closure:{closure:Illuminate\\Pipeline\\Pipeline::carry():155}:156}(Object(Illuminate\\Http\\Request))
#46 /Users/minpyaesonenyein/projects/skincollection/vendor/laravel/framework/src/Illuminate/Pipeline/Pipeline.php(180): Illuminate\\View\\Middleware\\ShareErrorsFromSession->handle(Object(Illuminate\\Http\\Request), Object(Closure))
#47 /Users/minpyaesonenyein/projects/skincollection/vendor/laravel/framework/src/Illuminate/Session/Middleware/StartSession.php(121): Illuminate\\Pipeline\\Pipeline->{closure:{closure:Illuminate\\Pipeline\\Pipeline::carry():155}:156}(Object(Illuminate\\Http\\Request))
#48 /Users/minpyaesonenyein/projects/skincollection/vendor/laravel/framework/src/Illuminate/Session/Middleware/StartSession.php(64): Illuminate\\Session\\Middleware\\StartSession->handleStatefulRequest(Object(Illuminate\\Http\\Request), Object(Illuminate\\Session\\Store), Object(Closure))
#49 /Users/minpyaesonenyein/projects/skincollection/vendor/laravel/framework/src/Illuminate/Pipeline/Pipeline.php(180): Illuminate\\Session\\Middleware\\StartSession->handle(Object(Illuminate\\Http\\Request), Object(Closure))
#50 /Users/minpyaesonenyein/projects/skincollection/vendor/laravel/framework/src/Illuminate/Cookie/Middleware/AddQueuedCookiesToResponse.php(37): Illuminate\\Pipeline\\Pipeline->{closure:{closure:Illuminate\\Pipeline\\Pipeline::carry():155}:156}(Object(Illuminate\\Http\\Request))
#51 /Users/minpyaesonenyein/projects/skincollection/vendor/laravel/framework/src/Illuminate/Pipeline/Pipeline.php(180): Illuminate\\Cookie\\Middleware\\AddQueuedCookiesToResponse->handle(Object(Illuminate\\Http\\Request), Object(Closure))
#52 /Users/minpyaesonenyein/projects/skincollection/vendor/laravel/framework/src/Illuminate/Cookie/Middleware/EncryptCookies.php(67): Illuminate\\Pipeline\\Pipeline->{closure:{closure:Illuminate\\Pipeline\\Pipeline::carry():155}:156}(Object(Illuminate\\Http\\Request))
#53 /Users/minpyaesonenyein/projects/skincollection/vendor/laravel/framework/src/Illuminate/Pipeline/Pipeline.php(180): Illuminate\\Cookie\\Middleware\\EncryptCookies->handle(Object(Illuminate\\Http\\Request), Object(Closure))
#54 /Users/minpyaesonenyein/projects/skincollection/vendor/laravel/framework/src/Illuminate/Pipeline/Pipeline.php(116): Illuminate\\Pipeline\\Pipeline->{closure:{closure:Illuminate\\Pipeline\\Pipeline::carry():155}:156}(Object(Illuminate\\Http\\Request))
#55 /Users/minpyaesonenyein/projects/skincollection/vendor/laravel/framework/src/Illuminate/Routing/Router.php(797): Illuminate\\Pipeline\\Pipeline->then(Object(Closure))
#56 /Users/minpyaesonenyein/projects/skincollection/vendor/laravel/framework/src/Illuminate/Routing/Router.php(776): Illuminate\\Routing\\Router->runRouteWithinStack(Object(Illuminate\\Routing\\Route), Object(Illuminate\\Http\\Request))
#57 /Users/minpyaesonenyein/projects/skincollection/vendor/laravel/framework/src/Illuminate/Routing/Router.php(740): Illuminate\\Routing\\Router->runRoute(Object(Illuminate\\Http\\Request), Object(Illuminate\\Routing\\Route))
#58 /Users/minpyaesonenyein/projects/skincollection/vendor/laravel/framework/src/Illuminate/Routing/Router.php(729): Illuminate\\Routing\\Router->dispatchToRoute(Object(Illuminate\\Http\\Request))
#59 /Users/minpyaesonenyein/projects/skincollection/vendor/laravel/framework/src/Illuminate/Foundation/Http/Kernel.php(190): Illuminate\\Routing\\Router->dispatch(Object(Illuminate\\Http\\Request))
#60 /Users/minpyaesonenyein/projects/skincollection/vendor/laravel/framework/src/Illuminate/Pipeline/Pipeline.php(141): Illuminate\\Foundation\\Http\\Kernel->{closure:Illuminate\\Foundation\\Http\\Kernel::dispatchToRouter():187}(Object(Illuminate\\Http\\Request))
#61 /Users/minpyaesonenyein/projects/skincollection/vendor/livewire/livewire/src/Features/SupportDisablingBackButtonCache/DisableBackButtonCacheMiddleware.php(19): Illuminate\\Pipeline\\Pipeline->{closure:Illuminate\\Pipeline\\Pipeline::prepareDestination():139}(Object(Illuminate\\Http\\Request))
#62 /Users/minpyaesonenyein/projects/skincollection/vendor/laravel/framework/src/Illuminate/Pipeline/Pipeline.php(180): Livewire\\Features\\SupportDisablingBackButtonCache\\DisableBackButtonCacheMiddleware->handle(Object(Illuminate\\Http\\Request), Object(Closure))
#63 /Users/minpyaesonenyein/projects/skincollection/vendor/laravel/framework/src/Illuminate/Foundation/Http/Middleware/TransformsRequest.php(21): Illuminate\\Pipeline\\Pipeline->{closure:{closure:Illuminate\\Pipeline\\Pipeline::carry():155}:156}(Object(Illuminate\\Http\\Request))
#64 /Users/minpyaesonenyein/projects/skincollection/vendor/laravel/framework/src/Illuminate/Foundation/Http/Middleware/ConvertEmptyStringsToNull.php(31): Illuminate\\Foundation\\Http\\Middleware\\TransformsRequest->handle(Object(Illuminate\\Http\\Request), Object(Closure))
#65 /Users/minpyaesonenyein/projects/skincollection/vendor/laravel/framework/src/Illuminate/Pipeline/Pipeline.php(180): Illuminate\\Foundation\\Http\\Middleware\\ConvertEmptyStringsToNull->handle(Object(Illuminate\\Http\\Request), Object(Closure))
#66 /Users/minpyaesonenyein/projects/skincollection/vendor/laravel/framework/src/Illuminate/Foundation/Http/Middleware/TransformsRequest.php(21): Illuminate\\Pipeline\\Pipeline->{closure:{closure:Illuminate\\Pipeline\\Pipeline::carry():155}:156}(Object(Illuminate\\Http\\Request))
#67 /Users/minpyaesonenyein/projects/skincollection/vendor/laravel/framework/src/Illuminate/Foundation/Http/Middleware/TrimStrings.php(40): Illuminate\\Foundation\\Http\\Middleware\\TransformsRequest->handle(Object(Illuminate\\Http\\Request), Object(Closure))
#68 /Users/minpyaesonenyein/projects/skincollection/vendor/laravel/framework/src/Illuminate/Pipeline/Pipeline.php(180): Illuminate\\Foundation\\Http\\Middleware\\TrimStrings->handle(Object(Illuminate\\Http\\Request), Object(Closure))
#69 /Users/minpyaesonenyein/projects/skincollection/vendor/laravel/framework/src/Illuminate/Foundation/Http/Middleware/ValidatePostSize.php(27): Illuminate\\Pipeline\\Pipeline->{closure:{closure:Illuminate\\Pipeline\\Pipeline::carry():155}:156}(Object(Illuminate\\Http\\Request))
#70 /Users/minpyaesonenyein/projects/skincollection/vendor/laravel/framework/src/Illuminate/Pipeline/Pipeline.php(180): Illuminate\\Foundation\\Http\\Middleware\\ValidatePostSize->handle(Object(Illuminate\\Http\\Request), Object(Closure))
#71 /Users/minpyaesonenyein/projects/skincollection/vendor/laravel/framework/src/Illuminate/Foundation/Http/Middleware/PreventRequestsDuringMaintenance.php(86): Illuminate\\Pipeline\\Pipeline->{closure:{closure:Illuminate\\Pipeline\\Pipeline::carry():155}:156}(Object(Illuminate\\Http\\Request))
#72 /Users/minpyaesonenyein/projects/skincollection/vendor/laravel/framework/src/Illuminate/Pipeline/Pipeline.php(180): Illuminate\\Foundation\\Http\\Middleware\\PreventRequestsDuringMaintenance->handle(Object(Illuminate\\Http\\Request), Object(Closure))
#73 /Users/minpyaesonenyein/projects/skincollection/vendor/fruitcake/laravel-cors/src/HandleCors.php(38): Illuminate\\Pipeline\\Pipeline->{closure:{closure:Illuminate\\Pipeline\\Pipeline::carry():155}:156}(Object(Illuminate\\Http\\Request))
#74 /Users/minpyaesonenyein/projects/skincollection/vendor/laravel/framework/src/Illuminate/Pipeline/Pipeline.php(180): Fruitcake\\Cors\\HandleCors->handle(Object(Illuminate\\Http\\Request), Object(Closure))
#75 /Users/minpyaesonenyein/projects/skincollection/vendor/laravel/framework/src/Illuminate/Http/Middleware/TrustProxies.php(39): Illuminate\\Pipeline\\Pipeline->{closure:{closure:Illuminate\\Pipeline\\Pipeline::carry():155}:156}(Object(Illuminate\\Http\\Request))
#76 /Users/minpyaesonenyein/projects/skincollection/vendor/laravel/framework/src/Illuminate/Pipeline/Pipeline.php(180): Illuminate\\Http\\Middleware\\TrustProxies->handle(Object(Illuminate\\Http\\Request), Object(Closure))
#77 /Users/minpyaesonenyein/projects/skincollection/vendor/laravel/framework/src/Illuminate/Pipeline/Pipeline.php(116): Illuminate\\Pipeline\\Pipeline->{closure:{closure:Illuminate\\Pipeline\\Pipeline::carry():155}:156}(Object(Illuminate\\Http\\Request))
#78 /Users/minpyaesonenyein/projects/skincollection/vendor/laravel/framework/src/Illuminate/Foundation/Http/Kernel.php(165): Illuminate\\Pipeline\\Pipeline->then(Object(Closure))
#79 /Users/minpyaesonenyein/projects/skincollection/vendor/laravel/framework/src/Illuminate/Foundation/Http/Kernel.php(134): Illuminate\\Foundation\\Http\\Kernel->sendRequestThroughRouter(Object(Illuminate\\Http\\Request))
#80 /Users/minpyaesonenyein/projects/skincollection/public/index.php(51): Illuminate\\Foundation\\Http\\Kernel->handle(Object(Illuminate\\Http\\Request))
#81 /Users/minpyaesonenyein/projects/skincollection/server.php(21): require_once('/Users/minpyaes...')
#82 {main}

[previous exception] [object] (Illuminate\\Database\\Eloquent\\RelationNotFoundException(code: 0): Call to undefined relationship [clinic] on model [App\\Models\\TreatmentPackage]. at /Users/minpyaesonenyein/projects/skincollection/vendor/laravel/framework/src/Illuminate/Database/Eloquent/RelationNotFoundException.php:35)
[stacktrace]
#0 /Users/minpyaesonenyein/projects/skincollection/vendor/laravel/framework/src/Illuminate/Database/Eloquent/Builder.php(777): Illuminate\\Database\\Eloquent\\RelationNotFoundException::make(Object(App\\Models\\TreatmentPackage), 'clinic')
#1 /Users/minpyaesonenyein/projects/skincollection/vendor/laravel/framework/src/Illuminate/Database/Eloquent/Relations/Relation.php(104): Illuminate\\Database\\Eloquent\\Builder->{closure:Illuminate\\Database\\Eloquent\\Builder::getRelation():773}()
#2 /Users/minpyaesonenyein/projects/skincollection/vendor/laravel/framework/src/Illuminate/Database/Eloquent/Builder.php(773): Illuminate\\Database\\Eloquent\\Relations\\Relation::noConstraints(Object(Closure))
#3 /Users/minpyaesonenyein/projects/skincollection/vendor/laravel/framework/src/Illuminate/Database/Eloquent/Builder.php(747): Illuminate\\Database\\Eloquent\\Builder->getRelation('clinic')
#4 /Users/minpyaesonenyein/projects/skincollection/vendor/laravel/framework/src/Illuminate/Database/Eloquent/Builder.php(727): Illuminate\\Database\\Eloquent\\Builder->eagerLoadRelation(Array, 'clinic', Object(Closure))
#5 /Users/minpyaesonenyein/projects/skincollection/vendor/laravel/framework/src/Illuminate/Database/Eloquent/Builder.php(695): Illuminate\\Database\\Eloquent\\Builder->eagerLoadRelations(Array)
#6 /Users/minpyaesonenyein/projects/skincollection/app/Http/Livewire/InvoicesManager.php(431): Illuminate\\Database\\Eloquent\\Builder->get(Array)
#7 /Users/minpyaesonenyein/projects/skincollection/app/Http/Livewire/InvoicesManager.php(115): App\\Http\\Livewire\\InvoicesManager->loadSelectableData()
#8 /Users/minpyaesonenyein/projects/skincollection/vendor/laravel/framework/src/Illuminate/Container/BoundMethod.php(36): App\\Http\\Livewire\\InvoicesManager->mount(Object(App\\Services\\ClinicContext))
#9 /Users/minpyaesonenyein/projects/skincollection/vendor/laravel/framework/src/Illuminate/Container/Util.php(41): Illuminate\\Container\\BoundMethod::{closure:Illuminate\\Container\\BoundMethod::call():35}()
#10 /Users/minpyaesonenyein/projects/skincollection/vendor/laravel/framework/src/Illuminate/Container/BoundMethod.php(93): Illuminate\\Container\\Util::unwrapIfClosure(Object(Closure))
#11 /Users/minpyaesonenyein/projects/skincollection/vendor/laravel/framework/src/Illuminate/Container/BoundMethod.php(35): Illuminate\\Container\\BoundMethod::callBoundMethod(Object(Illuminate\\Foundation\\Application), Array, Object(Closure))
#12 /Users/minpyaesonenyein/projects/skincollection/vendor/livewire/livewire/src/Wrapped.php(23): Illuminate\\Container\\BoundMethod::call(Object(Illuminate\\Foundation\\Application), Array, Array)
#13 /Users/minpyaesonenyein/projects/skincollection/vendor/livewire/livewire/src/Features/SupportLifecycleHooks/SupportLifecycleHooks.php(123): Livewire\\Wrapped->__call('mount', Array)
#14 /Users/minpyaesonenyein/projects/skincollection/vendor/livewire/livewire/src/Features/SupportLifecycleHooks/SupportLifecycleHooks.php(20): Livewire\\Features\\SupportLifecycleHooks\\SupportLifecycleHooks->callHook('mount', Array)
#15 /Users/minpyaesonenyein/projects/skincollection/vendor/livewire/livewire/src/ComponentHook.php(19): Livewire\\Features\\SupportLifecycleHooks\\SupportLifecycleHooks->mount(Array, false)
#16 /Users/minpyaesonenyein/projects/skincollection/vendor/livewire/livewire/src/ComponentHookRegistry.php(42): Livewire\\ComponentHook->callMount(Array, false)
#17 /Users/minpyaesonenyein/projects/skincollection/vendor/livewire/livewire/src/EventBus.php(60): Livewire\\ComponentHookRegistry::{closure:Livewire\\ComponentHookRegistry::boot():39}(Object(App\\Http\\Livewire\\InvoicesManager), Array, 'VZv66th', false)
#18 /Users/minpyaesonenyein/projects/skincollection/vendor/livewire/livewire/src/helpers.php(87): Livewire\\EventBus->trigger('mount', Object(App\\Http\\Livewire\\InvoicesManager), Array, 'VZv66th', false)
#19 /Users/minpyaesonenyein/projects/skincollection/vendor/livewire/livewire/src/Mechanisms/HandleComponents/HandleComponents.php(55): Livewire\\trigger('mount', Object(App\\Http\\Livewire\\InvoicesManager), Array, 'VZv66th', false)
#20 /Users/minpyaesonenyein/projects/skincollection/vendor/livewire/livewire/src/LivewireManager.php(72): Livewire\\Mechanisms\\HandleComponents\\HandleComponents->mount('invoices-manage...', Array, 'VZv66th')
#21 /Users/minpyaesonenyein/projects/skincollection/storage/framework/views/ff475c2ebc05920d915ec74e02e26ba68600ddce.php(11): Livewire\\LivewireManager->mount('invoices-manage...', Array, 'VZv66th', Array, Array)
#22 /Users/minpyaesonenyein/projects/skincollection/vendor/laravel/framework/src/Illuminate/Filesystem/Filesystem.php(109): require('/Users/minpyaes...')
#23 /Users/minpyaesonenyein/projects/skincollection/vendor/laravel/framework/src/Illuminate/Filesystem/Filesystem.php(110): Illuminate\\Filesystem\\Filesystem::{closure:Illuminate\\Filesystem\\Filesystem::getRequire():106}()
#24 /Users/minpyaesonenyein/projects/skincollection/vendor/laravel/framework/src/Illuminate/View/Engines/PhpEngine.php(58): Illuminate\\Filesystem\\Filesystem->getRequire('/Users/minpyaes...', Array)
#25 /Users/minpyaesonenyein/projects/skincollection/vendor/livewire/livewire/src/Mechanisms/ExtendBlade/ExtendedCompilerEngine.php(22): Illuminate\\View\\Engines\\PhpEngine->evaluatePath('/Users/minpyaes...', Array)
#26 /Users/minpyaesonenyein/projects/skincollection/vendor/laravel/framework/src/Illuminate/View/Engines/CompilerEngine.php(70): Livewire\\Mechanisms\\ExtendBlade\\ExtendedCompilerEngine->evaluatePath('/Users/minpyaes...', Array)
#27 /Users/minpyaesonenyein/projects/skincollection/vendor/livewire/livewire/src/Mechanisms/ExtendBlade/ExtendedCompilerEngine.php(10): Illuminate\\View\\Engines\\CompilerEngine->get('/Users/minpyaes...', Array)
#28 /Users/minpyaesonenyein/projects/skincollection/vendor/laravel/framework/src/Illuminate/View/View.php(195): Livewire\\Mechanisms\\ExtendBlade\\ExtendedCompilerEngine->get('/Users/minpyaes...', Array)
#29 /Users/minpyaesonenyein/projects/skincollection/vendor/laravel/framework/src/Illuminate/View/View.php(178): Illuminate\\View\\View->getContents()
#30 /Users/minpyaesonenyein/projects/skincollection/vendor/laravel/framework/src/Illuminate/View/View.php(147): Illuminate\\View\\View->renderContents()
#31 /Users/minpyaesonenyein/projects/skincollection/vendor/laravel/framework/src/Illuminate/Http/Response.php(69): Illuminate\\View\\View->render()
#32 /Users/minpyaesonenyein/projects/skincollection/vendor/laravel/framework/src/Illuminate/Http/Response.php(35): Illuminate\\Http\\Response->setContent(Object(Illuminate\\View\\View))
#33 /Users/minpyaesonenyein/projects/skincollection/vendor/laravel/framework/src/Illuminate/Routing/Router.php(906): Illuminate\\Http\\Response->__construct(Object(Illuminate\\View\\View), 200, Array)
#34 /Users/minpyaesonenyein/projects/skincollection/vendor/laravel/framework/src/Illuminate/Routing/Router.php(875): Illuminate\\Routing\\Router::toResponse(Object(Illuminate\\Http\\Request), Object(Illuminate\\View\\View))
#35 /Users/minpyaesonenyein/projects/skincollection/vendor/laravel/framework/src/Illuminate/Routing/Router.php(797): Illuminate\\Routing\\Router->prepareResponse(Object(Illuminate\\Http\\Request), Object(Illuminate\\View\\View))
#36 /Users/minpyaesonenyein/projects/skincollection/vendor/laravel/framework/src/Illuminate/Pipeline/Pipeline.php(141): Illuminate\\Routing\\Router->{closure:Illuminate\\Routing\\Router::runRouteWithinStack():797}(Object(Illuminate\\Http\\Request))
#37 /Users/minpyaesonenyein/projects/skincollection/app/Http/Middleware/EnsureClinicContext.php(34): Illuminate\\Pipeline\\Pipeline->{closure:Illuminate\\Pipeline\\Pipeline::prepareDestination():139}(Object(Illuminate\\Http\\Request))
#38 /Users/minpyaesonenyein/projects/skincollection/vendor/laravel/framework/src/Illuminate/Pipeline/Pipeline.php(180): App\\Http\\Middleware\\EnsureClinicContext->handle(Object(Illuminate\\Http\\Request), Object(Closure))
#39 /Users/minpyaesonenyein/projects/skincollection/vendor/laravel/framework/src/Illuminate/Routing/Middleware/SubstituteBindings.php(50): Illuminate\\Pipeline\\Pipeline->{closure:{closure:Illuminate\\Pipeline\\Pipeline::carry():155}:156}(Object(Illuminate\\Http\\Request))
#40 /Users/minpyaesonenyein/projects/skincollection/vendor/laravel/framework/src/Illuminate/Pipeline/Pipeline.php(180): Illuminate\\Routing\\Middleware\\SubstituteBindings->handle(Object(Illuminate\\Http\\Request), Object(Closure))
#41 /Users/minpyaesonenyein/projects/skincollection/vendor/laravel/framework/src/Illuminate/Auth/Middleware/Authenticate.php(44): Illuminate\\Pipeline\\Pipeline->{closure:{closure:Illuminate\\Pipeline\\Pipeline::carry():155}:156}(Object(Illuminate\\Http\\Request))
#42 /Users/minpyaesonenyein/projects/skincollection/vendor/laravel/framework/src/Illuminate/Pipeline/Pipeline.php(180): Illuminate\\Auth\\Middleware\\Authenticate->handle(Object(Illuminate\\Http\\Request), Object(Closure))
#43 /Users/minpyaesonenyein/projects/skincollection/vendor/laravel/framework/src/Illuminate/Foundation/Http/Middleware/VerifyCsrfToken.php(78): Illuminate\\Pipeline\\Pipeline->{closure:{closure:Illuminate\\Pipeline\\Pipeline::carry():155}:156}(Object(Illuminate\\Http\\Request))
#44 /Users/minpyaesonenyein/projects/skincollection/vendor/laravel/framework/src/Illuminate/Pipeline/Pipeline.php(180): Illuminate\\Foundation\\Http\\Middleware\\VerifyCsrfToken->handle(Object(Illuminate\\Http\\Request), Object(Closure))
#45 /Users/minpyaesonenyein/projects/skincollection/vendor/laravel/framework/src/Illuminate/View/Middleware/ShareErrorsFromSession.php(49): Illuminate\\Pipeline\\Pipeline->{closure:{closure:Illuminate\\Pipeline\\Pipeline::carry():155}:156}(Object(Illuminate\\Http\\Request))
#46 /Users/minpyaesonenyein/projects/skincollection/vendor/laravel/framework/src/Illuminate/Pipeline/Pipeline.php(180): Illuminate\\View\\Middleware\\ShareErrorsFromSession->handle(Object(Illuminate\\Http\\Request), Object(Closure))
#47 /Users/minpyaesonenyein/projects/skincollection/vendor/laravel/framework/src/Illuminate/Session/Middleware/StartSession.php(121): Illuminate\\Pipeline\\Pipeline->{closure:{closure:Illuminate\\Pipeline\\Pipeline::carry():155}:156}(Object(Illuminate\\Http\\Request))
#48 /Users/minpyaesonenyein/projects/skincollection/vendor/laravel/framework/src/Illuminate/Session/Middleware/StartSession.php(64): Illuminate\\Session\\Middleware\\StartSession->handleStatefulRequest(Object(Illuminate\\Http\\Request), Object(Illuminate\\Session\\Store), Object(Closure))
#49 /Users/minpyaesonenyein/projects/skincollection/vendor/laravel/framework/src/Illuminate/Pipeline/Pipeline.php(180): Illuminate\\Session\\Middleware\\StartSession->handle(Object(Illuminate\\Http\\Request), Object(Closure))
#50 /Users/minpyaesonenyein/projects/skincollection/vendor/laravel/framework/src/Illuminate/Cookie/Middleware/AddQueuedCookiesToResponse.php(37): Illuminate\\Pipeline\\Pipeline->{closure:{closure:Illuminate\\Pipeline\\Pipeline::carry():155}:156}(Object(Illuminate\\Http\\Request))
#51 /Users/minpyaesonenyein/projects/skincollection/vendor/laravel/framework/src/Illuminate/Pipeline/Pipeline.php(180): Illuminate\\Cookie\\Middleware\\AddQueuedCookiesToResponse->handle(Object(Illuminate\\Http\\Request), Object(Closure))
#52 /Users/minpyaesonenyein/projects/skincollection/vendor/laravel/framework/src/Illuminate/Cookie/Middleware/EncryptCookies.php(67): Illuminate\\Pipeline\\Pipeline->{closure:{closure:Illuminate\\Pipeline\\Pipeline::carry():155}:156}(Object(Illuminate\\Http\\Request))
#53 /Users/minpyaesonenyein/projects/skincollection/vendor/laravel/framework/src/Illuminate/Pipeline/Pipeline.php(180): Illuminate\\Cookie\\Middleware\\EncryptCookies->handle(Object(Illuminate\\Http\\Request), Object(Closure))
#54 /Users/minpyaesonenyein/projects/skincollection/vendor/laravel/framework/src/Illuminate/Pipeline/Pipeline.php(116): Illuminate\\Pipeline\\Pipeline->{closure:{closure:Illuminate\\Pipeline\\Pipeline::carry():155}:156}(Object(Illuminate\\Http\\Request))
#55 /Users/minpyaesonenyein/projects/skincollection/vendor/laravel/framework/src/Illuminate/Routing/Router.php(797): Illuminate\\Pipeline\\Pipeline->then(Object(Closure))
#56 /Users/minpyaesonenyein/projects/skincollection/vendor/laravel/framework/src/Illuminate/Routing/Router.php(776): Illuminate\\Routing\\Router->runRouteWithinStack(Object(Illuminate\\Routing\\Route), Object(Illuminate\\Http\\Request))
#57 /Users/minpyaesonenyein/projects/skincollection/vendor/laravel/framework/src/Illuminate/Routing/Router.php(740): Illuminate\\Routing\\Router->runRoute(Object(Illuminate\\Http\\Request), Object(Illuminate\\Routing\\Route))
#58 /Users/minpyaesonenyein/projects/skincollection/vendor/laravel/framework/src/Illuminate/Routing/Router.php(729): Illuminate\\Routing\\Router->dispatchToRoute(Object(Illuminate\\Http\\Request))
#59 /Users/minpyaesonenyein/projects/skincollection/vendor/laravel/framework/src/Illuminate/Foundation/Http/Kernel.php(190): Illuminate\\Routing\\Router->dispatch(Object(Illuminate\\Http\\Request))
#60 /Users/minpyaesonenyein/projects/skincollection/vendor/laravel/framework/src/Illuminate/Pipeline/Pipeline.php(141): Illuminate\\Foundation\\Http\\Kernel->{closure:Illuminate\\Foundation\\Http\\Kernel::dispatchToRouter():187}(Object(Illuminate\\Http\\Request))
#61 /Users/minpyaesonenyein/projects/skincollection/vendor/livewire/livewire/src/Features/SupportDisablingBackButtonCache/DisableBackButtonCacheMiddleware.php(19): Illuminate\\Pipeline\\Pipeline->{closure:Illuminate\\Pipeline\\Pipeline::prepareDestination():139}(Object(Illuminate\\Http\\Request))
#62 /Users/minpyaesonenyein/projects/skincollection/vendor/laravel/framework/src/Illuminate/Pipeline/Pipeline.php(180): Livewire\\Features\\SupportDisablingBackButtonCache\\DisableBackButtonCacheMiddleware->handle(Object(Illuminate\\Http\\Request), Object(Closure))
#63 /Users/minpyaesonenyein/projects/skincollection/vendor/laravel/framework/src/Illuminate/Foundation/Http/Middleware/TransformsRequest.php(21): Illuminate\\Pipeline\\Pipeline->{closure:{closure:Illuminate\\Pipeline\\Pipeline::carry():155}:156}(Object(Illuminate\\Http\\Request))
#64 /Users/minpyaesonenyein/projects/skincollection/vendor/laravel/framework/src/Illuminate/Foundation/Http/Middleware/ConvertEmptyStringsToNull.php(31): Illuminate\\Foundation\\Http\\Middleware\\TransformsRequest->handle(Object(Illuminate\\Http\\Request), Object(Closure))
#65 /Users/minpyaesonenyein/projects/skincollection/vendor/laravel/framework/src/Illuminate/Pipeline/Pipeline.php(180): Illuminate\\Foundation\\Http\\Middleware\\ConvertEmptyStringsToNull->handle(Object(Illuminate\\Http\\Request), Object(Closure))
#66 /Users/minpyaesonenyein/projects/skincollection/vendor/laravel/framework/src/Illuminate/Foundation/Http/Middleware/TransformsRequest.php(21): Illuminate\\Pipeline\\Pipeline->{closure:{closure:Illuminate\\Pipeline\\Pipeline::carry():155}:156}(Object(Illuminate\\Http\\Request))
#67 /Users/minpyaesonenyein/projects/skincollection/vendor/laravel/framework/src/Illuminate/Foundation/Http/Middleware/TrimStrings.php(40): Illuminate\\Foundation\\Http\\Middleware\\TransformsRequest->handle(Object(Illuminate\\Http\\Request), Object(Closure))
#68 /Users/minpyaesonenyein/projects/skincollection/vendor/laravel/framework/src/Illuminate/Pipeline/Pipeline.php(180): Illuminate\\Foundation\\Http\\Middleware\\TrimStrings->handle(Object(Illuminate\\Http\\Request), Object(Closure))
#69 /Users/minpyaesonenyein/projects/skincollection/vendor/laravel/framework/src/Illuminate/Foundation/Http/Middleware/ValidatePostSize.php(27): Illuminate\\Pipeline\\Pipeline->{closure:{closure:Illuminate\\Pipeline\\Pipeline::carry():155}:156}(Object(Illuminate\\Http\\Request))
#70 /Users/minpyaesonenyein/projects/skincollection/vendor/laravel/framework/src/Illuminate/Pipeline/Pipeline.php(180): Illuminate\\Foundation\\Http\\Middleware\\ValidatePostSize->handle(Object(Illuminate\\Http\\Request), Object(Closure))
#71 /Users/minpyaesonenyein/projects/skincollection/vendor/laravel/framework/src/Illuminate/Foundation/Http/Middleware/PreventRequestsDuringMaintenance.php(86): Illuminate\\Pipeline\\Pipeline->{closure:{closure:Illuminate\\Pipeline\\Pipeline::carry():155}:156}(Object(Illuminate\\Http\\Request))
#72 /Users/minpyaesonenyein/projects/skincollection/vendor/laravel/framework/src/Illuminate/Pipeline/Pipeline.php(180): Illuminate\\Foundation\\Http\\Middleware\\PreventRequestsDuringMaintenance->handle(Object(Illuminate\\Http\\Request), Object(Closure))
#73 /Users/minpyaesonenyein/projects/skincollection/vendor/fruitcake/laravel-cors/src/HandleCors.php(38): Illuminate\\Pipeline\\Pipeline->{closure:{closure:Illuminate\\Pipeline\\Pipeline::carry():155}:156}(Object(Illuminate\\Http\\Request))
#74 /Users/minpyaesonenyein/projects/skincollection/vendor/laravel/framework/src/Illuminate/Pipeline/Pipeline.php(180): Fruitcake\\Cors\\HandleCors->handle(Object(Illuminate\\Http\\Request), Object(Closure))
#75 /Users/minpyaesonenyein/projects/skincollection/vendor/laravel/framework/src/Illuminate/Http/Middleware/TrustProxies.php(39): Illuminate\\Pipeline\\Pipeline->{closure:{closure:Illuminate\\Pipeline\\Pipeline::carry():155}:156}(Object(Illuminate\\Http\\Request))
#76 /Users/minpyaesonenyein/projects/skincollection/vendor/laravel/framework/src/Illuminate/Pipeline/Pipeline.php(180): Illuminate\\Http\\Middleware\\TrustProxies->handle(Object(Illuminate\\Http\\Request), Object(Closure))
#77 /Users/minpyaesonenyein/projects/skincollection/vendor/laravel/framework/src/Illuminate/Pipeline/Pipeline.php(116): Illuminate\\Pipeline\\Pipeline->{closure:{closure:Illuminate\\Pipeline\\Pipeline::carry():155}:156}(Object(Illuminate\\Http\\Request))
#78 /Users/minpyaesonenyein/projects/skincollection/vendor/laravel/framework/src/Illuminate/Foundation/Http/Kernel.php(165): Illuminate\\Pipeline\\Pipeline->then(Object(Closure))
#79 /Users/minpyaesonenyein/projects/skincollection/vendor/laravel/framework/src/Illuminate/Foundation/Http/Kernel.php(134): Illuminate\\Foundation\\Http\\Kernel->sendRequestThroughRouter(Object(Illuminate\\Http\\Request))
#80 /Users/minpyaesonenyein/projects/skincollection/public/index.php(51): Illuminate\\Foundation\\Http\\Kernel->handle(Object(Illuminate\\Http\\Request))
#81 /Users/minpyaesonenyein/projects/skincollection/server.php(21): require_once('/Users/minpyaes...')
#82 {main}
"} 
[2025-12-14 14:50:50] local.ERROR: Class "App\Http\Livewire\Treatment" not found {"userId":1,"exception":"[object] (Error(code: 0): Class \"App\\Http\\Livewire\\Treatment\" not found at /Users/minpyaesonenyein/projects/skincollection/app/Http/Livewire/InvoicesManager.php:202)
[stacktrace]
#0 /Users/minpyaesonenyein/projects/skincollection/vendor/laravel/framework/src/Illuminate/Container/BoundMethod.php(36): App\\Http\\Livewire\\InvoicesManager->updatedTreatmentLines('1', '0.treatment_id')
#1 /Users/minpyaesonenyein/projects/skincollection/vendor/laravel/framework/src/Illuminate/Container/Util.php(41): Illuminate\\Container\\BoundMethod::{closure:Illuminate\\Container\\BoundMethod::call():35}()
#2 /Users/minpyaesonenyein/projects/skincollection/vendor/laravel/framework/src/Illuminate/Container/BoundMethod.php(93): Illuminate\\Container\\Util::unwrapIfClosure(Object(Closure))
#3 /Users/minpyaesonenyein/projects/skincollection/vendor/laravel/framework/src/Illuminate/Container/BoundMethod.php(35): Illuminate\\Container\\BoundMethod::callBoundMethod(Object(Illuminate\\Foundation\\Application), Array, Object(Closure))
#4 /Users/minpyaesonenyein/projects/skincollection/vendor/livewire/livewire/src/Wrapped.php(23): Illuminate\\Container\\BoundMethod::call(Object(Illuminate\\Foundation\\Application), Array, Array)
#5 /Users/minpyaesonenyein/projects/skincollection/vendor/livewire/livewire/src/Features/SupportLifecycleHooks/SupportLifecycleHooks.php(123): Livewire\\Wrapped->__call('updatedTreatmen...', Array)
#6 /Users/minpyaesonenyein/projects/skincollection/vendor/livewire/livewire/src/Features/SupportLifecycleHooks/SupportLifecycleHooks.php(78): Livewire\\Features\\SupportLifecycleHooks\\SupportLifecycleHooks->callHook('updatedTreatmen...', Array)
#7 /Users/minpyaesonenyein/projects/skincollection/vendor/livewire/livewire/src/ComponentHook.php(33): Livewire\\Features\\SupportLifecycleHooks\\SupportLifecycleHooks->{closure:Livewire\\Features\\SupportLifecycleHooks\\SupportLifecycleHooks::update():74}(NULL)
#8 /Users/minpyaesonenyein/projects/skincollection/vendor/livewire/livewire/src/ComponentHookRegistry.php(100): Livewire\\ComponentHook->{closure:Livewire\\ComponentHook::callUpdate():31}(NULL)
#9 /Users/minpyaesonenyein/projects/skincollection/vendor/livewire/livewire/src/EventBus.php(73): Livewire\\ComponentHookRegistry::{closure:{closure:Livewire\\ComponentHookRegistry::proxyCallToHooks():91}:98}(NULL)
#10 /Users/minpyaesonenyein/projects/skincollection/vendor/livewire/livewire/src/Mechanisms/HandleComponents/HandleComponents.php(312): Livewire\\EventBus->{closure:Livewire\\EventBus::trigger():67}()
#11 /Users/minpyaesonenyein/projects/skincollection/vendor/livewire/livewire/src/Mechanisms/HandleComponents/HandleComponents.php(290): Livewire\\Mechanisms\\HandleComponents\\HandleComponents->updateProperty(Object(App\\Http\\Livewire\\InvoicesManager), 'treatmentLines....', '1', Object(Livewire\\Mechanisms\\HandleComponents\\ComponentContext))
#12 /Users/minpyaesonenyein/projects/skincollection/vendor/livewire/livewire/src/Mechanisms/HandleComponents/HandleComponents.php(103): Livewire\\Mechanisms\\HandleComponents\\HandleComponents->updateProperties(Object(App\\Http\\Livewire\\InvoicesManager), Array, Array, Object(Livewire\\Mechanisms\\HandleComponents\\ComponentContext))
#13 /Users/minpyaesonenyein/projects/skincollection/vendor/livewire/livewire/src/LivewireManager.php(96): Livewire\\Mechanisms\\HandleComponents\\HandleComponents->update(Array, Array, Array)
#14 /Users/minpyaesonenyein/projects/skincollection/vendor/livewire/livewire/src/Mechanisms/HandleRequests/HandleRequests.php(85): Livewire\\LivewireManager->update(Array, Array, Array)
#15 /Users/minpyaesonenyein/projects/skincollection/vendor/laravel/framework/src/Illuminate/Routing/ControllerDispatcher.php(46): Livewire\\Mechanisms\\HandleRequests\\HandleRequests->handleUpdate()
#16 /Users/minpyaesonenyein/projects/skincollection/vendor/laravel/framework/src/Illuminate/Routing/Route.php(259): Illuminate\\Routing\\ControllerDispatcher->dispatch(Object(Illuminate\\Routing\\Route), Object(Livewire\\Mechanisms\\HandleRequests\\HandleRequests), 'handleUpdate')
#17 /Users/minpyaesonenyein/projects/skincollection/vendor/laravel/framework/src/Illuminate/Routing/Route.php(205): Illuminate\\Routing\\Route->runController()
#18 /Users/minpyaesonenyein/projects/skincollection/vendor/laravel/framework/src/Illuminate/Routing/Router.php(798): Illuminate\\Routing\\Route->run()
#19 /Users/minpyaesonenyein/projects/skincollection/vendor/laravel/framework/src/Illuminate/Pipeline/Pipeline.php(141): Illuminate\\Routing\\Router->{closure:Illuminate\\Routing\\Router::runRouteWithinStack():797}(Object(Illuminate\\Http\\Request))
#20 /Users/minpyaesonenyein/projects/skincollection/vendor/laravel/framework/src/Illuminate/Routing/Middleware/SubstituteBindings.php(50): Illuminate\\Pipeline\\Pipeline->{closure:Illuminate\\Pipeline\\Pipeline::prepareDestination():139}(Object(Illuminate\\Http\\Request))
#21 /Users/minpyaesonenyein/projects/skincollection/vendor/laravel/framework/src/Illuminate/Pipeline/Pipeline.php(180): Illuminate\\Routing\\Middleware\\SubstituteBindings->handle(Object(Illuminate\\Http\\Request), Object(Closure))
#22 /Users/minpyaesonenyein/projects/skincollection/vendor/laravel/framework/src/Illuminate/Foundation/Http/Middleware/VerifyCsrfToken.php(78): Illuminate\\Pipeline\\Pipeline->{closure:{closure:Illuminate\\Pipeline\\Pipeline::carry():155}:156}(Object(Illuminate\\Http\\Request))
#23 /Users/minpyaesonenyein/projects/skincollection/vendor/laravel/framework/src/Illuminate/Pipeline/Pipeline.php(180): Illuminate\\Foundation\\Http\\Middleware\\VerifyCsrfToken->handle(Object(Illuminate\\Http\\Request), Object(Closure))
#24 /Users/minpyaesonenyein/projects/skincollection/vendor/laravel/framework/src/Illuminate/View/Middleware/ShareErrorsFromSession.php(49): Illuminate\\Pipeline\\Pipeline->{closure:{closure:Illuminate\\Pipeline\\Pipeline::carry():155}:156}(Object(Illuminate\\Http\\Request))
#25 /Users/minpyaesonenyein/projects/skincollection/vendor/laravel/framework/src/Illuminate/Pipeline/Pipeline.php(180): Illuminate\\View\\Middleware\\ShareErrorsFromSession->handle(Object(Illuminate\\Http\\Request), Object(Closure))
#26 /Users/minpyaesonenyein/projects/skincollection/vendor/laravel/framework/src/Illuminate/Session/Middleware/StartSession.php(121): Illuminate\\Pipeline\\Pipeline->{closure:{closure:Illuminate\\Pipeline\\Pipeline::carry():155}:156}(Object(Illuminate\\Http\\Request))
#27 /Users/minpyaesonenyein/projects/skincollection/vendor/laravel/framework/src/Illuminate/Session/Middleware/StartSession.php(64): Illuminate\\Session\\Middleware\\StartSession->handleStatefulRequest(Object(Illuminate\\Http\\Request), Object(Illuminate\\Session\\Store), Object(Closure))
#28 /Users/minpyaesonenyein/projects/skincollection/vendor/laravel/framework/src/Illuminate/Pipeline/Pipeline.php(180): Illuminate\\Session\\Middleware\\StartSession->handle(Object(Illuminate\\Http\\Request), Object(Closure))
#29 /Users/minpyaesonenyein/projects/skincollection/vendor/laravel/framework/src/Illuminate/Cookie/Middleware/AddQueuedCookiesToResponse.php(37): Illuminate\\Pipeline\\Pipeline->{closure:{closure:Illuminate\\Pipeline\\Pipeline::carry():155}:156}(Object(Illuminate\\Http\\Request))
#30 /Users/minpyaesonenyein/projects/skincollection/vendor/laravel/framework/src/Illuminate/Pipeline/Pipeline.php(180): Illuminate\\Cookie\\Middleware\\AddQueuedCookiesToResponse->handle(Object(Illuminate\\Http\\Request), Object(Closure))
#31 /Users/minpyaesonenyein/projects/skincollection/vendor/laravel/framework/src/Illuminate/Cookie/Middleware/EncryptCookies.php(67): Illuminate\\Pipeline\\Pipeline->{closure:{closure:Illuminate\\Pipeline\\Pipeline::carry():155}:156}(Object(Illuminate\\Http\\Request))
#32 /Users/minpyaesonenyein/projects/skincollection/vendor/laravel/framework/src/Illuminate/Pipeline/Pipeline.php(180): Illuminate\\Cookie\\Middleware\\EncryptCookies->handle(Object(Illuminate\\Http\\Request), Object(Closure))
#33 /Users/minpyaesonenyein/projects/skincollection/vendor/laravel/framework/src/Illuminate/Pipeline/Pipeline.php(116): Illuminate\\Pipeline\\Pipeline->{closure:{closure:Illuminate\\Pipeline\\Pipeline::carry():155}:156}(Object(Illuminate\\Http\\Request))
#34 /Users/minpyaesonenyein/projects/skincollection/vendor/laravel/framework/src/Illuminate/Routing/Router.php(797): Illuminate\\Pipeline\\Pipeline->then(Object(Closure))
#35 /Users/minpyaesonenyein/projects/skincollection/vendor/laravel/framework/src/Illuminate/Routing/Router.php(776): Illuminate\\Routing\\Router->runRouteWithinStack(Object(Illuminate\\Routing\\Route), Object(Illuminate\\Http\\Request))
#36 /Users/minpyaesonenyein/projects/skincollection/vendor/laravel/framework/src/Illuminate/Routing/Router.php(740): Illuminate\\Routing\\Router->runRoute(Object(Illuminate\\Http\\Request), Object(Illuminate\\Routing\\Route))
#37 /Users/minpyaesonenyein/projects/skincollection/vendor/laravel/framework/src/Illuminate/Routing/Router.php(729): Illuminate\\Routing\\Router->dispatchToRoute(Object(Illuminate\\Http\\Request))
#38 /Users/minpyaesonenyein/projects/skincollection/vendor/laravel/framework/src/Illuminate/Foundation/Http/Kernel.php(190): Illuminate\\Routing\\Router->dispatch(Object(Illuminate\\Http\\Request))
#39 /Users/minpyaesonenyein/projects/skincollection/vendor/laravel/framework/src/Illuminate/Pipeline/Pipeline.php(141): Illuminate\\Foundation\\Http\\Kernel->{closure:Illuminate\\Foundation\\Http\\Kernel::dispatchToRouter():187}(Object(Illuminate\\Http\\Request))
#40 /Users/minpyaesonenyein/projects/skincollection/vendor/livewire/livewire/src/Features/SupportDisablingBackButtonCache/DisableBackButtonCacheMiddleware.php(19): Illuminate\\Pipeline\\Pipeline->{closure:Illuminate\\Pipeline\\Pipeline::prepareDestination():139}(Object(Illuminate\\Http\\Request))
#41 /Users/minpyaesonenyein/projects/skincollection/vendor/laravel/framework/src/Illuminate/Pipeline/Pipeline.php(180): Livewire\\Features\\SupportDisablingBackButtonCache\\DisableBackButtonCacheMiddleware->handle(Object(Illuminate\\Http\\Request), Object(Closure))
#42 /Users/minpyaesonenyein/projects/skincollection/vendor/laravel/framework/src/Illuminate/Foundation/Http/Middleware/ConvertEmptyStringsToNull.php(27): Illuminate\\Pipeline\\Pipeline->{closure:{closure:Illuminate\\Pipeline\\Pipeline::carry():155}:156}(Object(Illuminate\\Http\\Request))
#43 /Users/minpyaesonenyein/projects/skincollection/vendor/laravel/framework/src/Illuminate/Pipeline/Pipeline.php(180): Illuminate\\Foundation\\Http\\Middleware\\ConvertEmptyStringsToNull->handle(Object(Illuminate\\Http\\Request), Object(Closure))
#44 /Users/minpyaesonenyein/projects/skincollection/vendor/laravel/framework/src/Illuminate/Foundation/Http/Middleware/TrimStrings.php(36): Illuminate\\Pipeline\\Pipeline->{closure:{closure:Illuminate\\Pipeline\\Pipeline::carry():155}:156}(Object(Illuminate\\Http\\Request))
#45 /Users/minpyaesonenyein/projects/skincollection/vendor/laravel/framework/src/Illuminate/Pipeline/Pipeline.php(180): Illuminate\\Foundation\\Http\\Middleware\\TrimStrings->handle(Object(Illuminate\\Http\\Request), Object(Closure))
#46 /Users/minpyaesonenyein/projects/skincollection/vendor/laravel/framework/src/Illuminate/Foundation/Http/Middleware/ValidatePostSize.php(27): Illuminate\\Pipeline\\Pipeline->{closure:{closure:Illuminate\\Pipeline\\Pipeline::carry():155}:156}(Object(Illuminate\\Http\\Request))
#47 /Users/minpyaesonenyein/projects/skincollection/vendor/laravel/framework/src/Illuminate/Pipeline/Pipeline.php(180): Illuminate\\Foundation\\Http\\Middleware\\ValidatePostSize->handle(Object(Illuminate\\Http\\Request), Object(Closure))
#48 /Users/minpyaesonenyein/projects/skincollection/vendor/laravel/framework/src/Illuminate/Foundation/Http/Middleware/PreventRequestsDuringMaintenance.php(86): Illuminate\\Pipeline\\Pipeline->{closure:{closure:Illuminate\\Pipeline\\Pipeline::carry():155}:156}(Object(Illuminate\\Http\\Request))
#49 /Users/minpyaesonenyein/projects/skincollection/vendor/laravel/framework/src/Illuminate/Pipeline/Pipeline.php(180): Illuminate\\Foundation\\Http\\Middleware\\PreventRequestsDuringMaintenance->handle(Object(Illuminate\\Http\\Request), Object(Closure))
#50 /Users/minpyaesonenyein/projects/skincollection/vendor/fruitcake/laravel-cors/src/HandleCors.php(38): Illuminate\\Pipeline\\Pipeline->{closure:{closure:Illuminate\\Pipeline\\Pipeline::carry():155}:156}(Object(Illuminate\\Http\\Request))
#51 /Users/minpyaesonenyein/projects/skincollection/vendor/laravel/framework/src/Illuminate/Pipeline/Pipeline.php(180): Fruitcake\\Cors\\HandleCors->handle(Object(Illuminate\\Http\\Request), Object(Closure))
#52 /Users/minpyaesonenyein/projects/skincollection/vendor/laravel/framework/src/Illuminate/Http/Middleware/TrustProxies.php(39): Illuminate\\Pipeline\\Pipeline->{closure:{closure:Illuminate\\Pipeline\\Pipeline::carry():155}:156}(Object(Illuminate\\Http\\Request))
#53 /Users/minpyaesonenyein/projects/skincollection/vendor/laravel/framework/src/Illuminate/Pipeline/Pipeline.php(180): Illuminate\\Http\\Middleware\\TrustProxies->handle(Object(Illuminate\\Http\\Request), Object(Closure))
#54 /Users/minpyaesonenyein/projects/skincollection/vendor/laravel/framework/src/Illuminate/Pipeline/Pipeline.php(116): Illuminate\\Pipeline\\Pipeline->{closure:{closure:Illuminate\\Pipeline\\Pipeline::carry():155}:156}(Object(Illuminate\\Http\\Request))
#55 /Users/minpyaesonenyein/projects/skincollection/vendor/laravel/framework/src/Illuminate/Foundation/Http/Kernel.php(165): Illuminate\\Pipeline\\Pipeline->then(Object(Closure))
#56 /Users/minpyaesonenyein/projects/skincollection/vendor/laravel/framework/src/Illuminate/Foundation/Http/Kernel.php(134): Illuminate\\Foundation\\Http\\Kernel->sendRequestThroughRouter(Object(Illuminate\\Http\\Request))
#57 /Users/minpyaesonenyein/projects/skincollection/public/index.php(51): Illuminate\\Foundation\\Http\\Kernel->handle(Object(Illuminate\\Http\\Request))
#58 /Users/minpyaesonenyein/projects/skincollection/server.php(21): require_once('/Users/minpyaes...')
#59 {main}
"} 
[2025-12-20 08:47:56] local.ERROR: SQLSTATE[42S22]: Column not found: 1054 Unknown column 'w.created_time' in 'field list' (SQL: SELECT w.id, patient.token, patient.first_name, patient.last_name, w.weight, DATE_FORMAT(w.created_time,"%d-%m-%Y") AS created_time FROM weights w LEFT JOIN patients patient on w.patient_id = patient.id ORDER BY w.created_time DESC) {"userId":1,"exception":"[object] (Illuminate\\Database\\QueryException(code: 42S22): SQLSTATE[42S22]: Column not found: 1054 Unknown column 'w.created_time' in 'field list' (SQL: SELECT w.id, patient.token, patient.first_name, patient.last_name, w.weight, DATE_FORMAT(w.created_time,\"%d-%m-%Y\") AS created_time FROM weights w LEFT JOIN patients patient on w.patient_id = patient.id ORDER BY w.created_time DESC) at /Users/minpyaesonenyein/projects/skincollection/vendor/laravel/framework/src/Illuminate/Database/Connection.php:760)
[stacktrace]
#0 /Users/minpyaesonenyein/projects/skincollection/vendor/laravel/framework/src/Illuminate/Database/Connection.php(720): Illuminate\\Database\\Connection->runQueryCallback('SELECT w.id, pa...', Array, Object(Closure))
#1 /Users/minpyaesonenyein/projects/skincollection/vendor/laravel/framework/src/Illuminate/Database/Connection.php(405): Illuminate\\Database\\Connection->run('SELECT w.id, pa...', Array, Object(Closure))
#2 /Users/minpyaesonenyein/projects/skincollection/vendor/laravel/framework/src/Illuminate/Database/DatabaseManager.php(469): Illuminate\\Database\\Connection->select('SELECT w.id, pa...')
#3 /Users/minpyaesonenyein/projects/skincollection/vendor/laravel/framework/src/Illuminate/Support/Facades/Facade.php(338): Illuminate\\Database\\DatabaseManager->__call('select', Array)
#4 /Users/minpyaesonenyein/projects/skincollection/app/Http/Controllers/WeightController.php(33): Illuminate\\Support\\Facades\\Facade::__callStatic('select', Array)
#5 /Users/minpyaesonenyein/projects/skincollection/vendor/laravel/framework/src/Illuminate/Routing/Controller.php(54): App\\Http\\Controllers\\WeightController->index()
#6 /Users/minpyaesonenyein/projects/skincollection/vendor/laravel/framework/src/Illuminate/Routing/ControllerDispatcher.php(43): Illuminate\\Routing\\Controller->callAction('index', Array)
#7 /Users/minpyaesonenyein/projects/skincollection/vendor/laravel/framework/src/Illuminate/Routing/Route.php(259): Illuminate\\Routing\\ControllerDispatcher->dispatch(Object(Illuminate\\Routing\\Route), Object(App\\Http\\Controllers\\WeightController), 'index')
#8 /Users/minpyaesonenyein/projects/skincollection/vendor/laravel/framework/src/Illuminate/Routing/Route.php(205): Illuminate\\Routing\\Route->runController()
#9 /Users/minpyaesonenyein/projects/skincollection/vendor/laravel/framework/src/Illuminate/Routing/Router.php(798): Illuminate\\Routing\\Route->run()
#10 /Users/minpyaesonenyein/projects/skincollection/vendor/laravel/framework/src/Illuminate/Pipeline/Pipeline.php(141): Illuminate\\Routing\\Router->{closure:Illuminate\\Routing\\Router::runRouteWithinStack():797}(Object(Illuminate\\Http\\Request))
#11 /Users/minpyaesonenyein/projects/skincollection/app/Http/Middleware/EnsureClinicContext.php(34): Illuminate\\Pipeline\\Pipeline->{closure:Illuminate\\Pipeline\\Pipeline::prepareDestination():139}(Object(Illuminate\\Http\\Request))
#12 /Users/minpyaesonenyein/projects/skincollection/vendor/laravel/framework/src/Illuminate/Pipeline/Pipeline.php(180): App\\Http\\Middleware\\EnsureClinicContext->handle(Object(Illuminate\\Http\\Request), Object(Closure))
#13 /Users/minpyaesonenyein/projects/skincollection/vendor/laravel/framework/src/Illuminate/Routing/Middleware/SubstituteBindings.php(50): Illuminate\\Pipeline\\Pipeline->{closure:{closure:Illuminate\\Pipeline\\Pipeline::carry():155}:156}(Object(Illuminate\\Http\\Request))
#14 /Users/minpyaesonenyein/projects/skincollection/vendor/laravel/framework/src/Illuminate/Pipeline/Pipeline.php(180): Illuminate\\Routing\\Middleware\\SubstituteBindings->handle(Object(Illuminate\\Http\\Request), Object(Closure))
#15 /Users/minpyaesonenyein/projects/skincollection/vendor/laravel/framework/src/Illuminate/Auth/Middleware/Authenticate.php(44): Illuminate\\Pipeline\\Pipeline->{closure:{closure:Illuminate\\Pipeline\\Pipeline::carry():155}:156}(Object(Illuminate\\Http\\Request))
#16 /Users/minpyaesonenyein/projects/skincollection/vendor/laravel/framework/src/Illuminate/Pipeline/Pipeline.php(180): Illuminate\\Auth\\Middleware\\Authenticate->handle(Object(Illuminate\\Http\\Request), Object(Closure))
#17 /Users/minpyaesonenyein/projects/skincollection/vendor/laravel/framework/src/Illuminate/Foundation/Http/Middleware/VerifyCsrfToken.php(78): Illuminate\\Pipeline\\Pipeline->{closure:{closure:Illuminate\\Pipeline\\Pipeline::carry():155}:156}(Object(Illuminate\\Http\\Request))
#18 /Users/minpyaesonenyein/projects/skincollection/vendor/laravel/framework/src/Illuminate/Pipeline/Pipeline.php(180): Illuminate\\Foundation\\Http\\Middleware\\VerifyCsrfToken->handle(Object(Illuminate\\Http\\Request), Object(Closure))
#19 /Users/minpyaesonenyein/projects/skincollection/vendor/laravel/framework/src/Illuminate/View/Middleware/ShareErrorsFromSession.php(49): Illuminate\\Pipeline\\Pipeline->{closure:{closure:Illuminate\\Pipeline\\Pipeline::carry():155}:156}(Object(Illuminate\\Http\\Request))
#20 /Users/minpyaesonenyein/projects/skincollection/vendor/laravel/framework/src/Illuminate/Pipeline/Pipeline.php(180): Illuminate\\View\\Middleware\\ShareErrorsFromSession->handle(Object(Illuminate\\Http\\Request), Object(Closure))
#21 /Users/minpyaesonenyein/projects/skincollection/vendor/laravel/framework/src/Illuminate/Session/Middleware/StartSession.php(121): Illuminate\\Pipeline\\Pipeline->{closure:{closure:Illuminate\\Pipeline\\Pipeline::carry():155}:156}(Object(Illuminate\\Http\\Request))
#22 /Users/minpyaesonenyein/projects/skincollection/vendor/laravel/framework/src/Illuminate/Session/Middleware/StartSession.php(64): Illuminate\\Session\\Middleware\\StartSession->handleStatefulRequest(Object(Illuminate\\Http\\Request), Object(Illuminate\\Session\\Store), Object(Closure))
#23 /Users/minpyaesonenyein/projects/skincollection/vendor/laravel/framework/src/Illuminate/Pipeline/Pipeline.php(180): Illuminate\\Session\\Middleware\\StartSession->handle(Object(Illuminate\\Http\\Request), Object(Closure))
#24 /Users/minpyaesonenyein/projects/skincollection/vendor/laravel/framework/src/Illuminate/Cookie/Middleware/AddQueuedCookiesToResponse.php(37): Illuminate\\Pipeline\\Pipeline->{closure:{closure:Illuminate\\Pipeline\\Pipeline::carry():155}:156}(Object(Illuminate\\Http\\Request))
#25 /Users/minpyaesonenyein/projects/skincollection/vendor/laravel/framework/src/Illuminate/Pipeline/Pipeline.php(180): Illuminate\\Cookie\\Middleware\\AddQueuedCookiesToResponse->handle(Object(Illuminate\\Http\\Request), Object(Closure))
#26 /Users/minpyaesonenyein/projects/skincollection/vendor/laravel/framework/src/Illuminate/Cookie/Middleware/EncryptCookies.php(67): Illuminate\\Pipeline\\Pipeline->{closure:{closure:Illuminate\\Pipeline\\Pipeline::carry():155}:156}(Object(Illuminate\\Http\\Request))
#27 /Users/minpyaesonenyein/projects/skincollection/vendor/laravel/framework/src/Illuminate/Pipeline/Pipeline.php(180): Illuminate\\Cookie\\Middleware\\EncryptCookies->handle(Object(Illuminate\\Http\\Request), Object(Closure))
#28 /Users/minpyaesonenyein/projects/skincollection/vendor/laravel/framework/src/Illuminate/Pipeline/Pipeline.php(116): Illuminate\\Pipeline\\Pipeline->{closure:{closure:Illuminate\\Pipeline\\Pipeline::carry():155}:156}(Object(Illuminate\\Http\\Request))
#29 /Users/minpyaesonenyein/projects/skincollection/vendor/laravel/framework/src/Illuminate/Routing/Router.php(797): Illuminate\\Pipeline\\Pipeline->then(Object(Closure))
#30 /Users/minpyaesonenyein/projects/skincollection/vendor/laravel/framework/src/Illuminate/Routing/Router.php(776): Illuminate\\Routing\\Router->runRouteWithinStack(Object(Illuminate\\Routing\\Route), Object(Illuminate\\Http\\Request))
#31 /Users/minpyaesonenyein/projects/skincollection/vendor/laravel/framework/src/Illuminate/Routing/Router.php(740): Illuminate\\Routing\\Router->runRoute(Object(Illuminate\\Http\\Request), Object(Illuminate\\Routing\\Route))
#32 /Users/minpyaesonenyein/projects/skincollection/vendor/laravel/framework/src/Illuminate/Routing/Router.php(729): Illuminate\\Routing\\Router->dispatchToRoute(Object(Illuminate\\Http\\Request))
#33 /Users/minpyaesonenyein/projects/skincollection/vendor/laravel/framework/src/Illuminate/Foundation/Http/Kernel.php(190): Illuminate\\Routing\\Router->dispatch(Object(Illuminate\\Http\\Request))
#34 /Users/minpyaesonenyein/projects/skincollection/vendor/laravel/framework/src/Illuminate/Pipeline/Pipeline.php(141): Illuminate\\Foundation\\Http\\Kernel->{closure:Illuminate\\Foundation\\Http\\Kernel::dispatchToRouter():187}(Object(Illuminate\\Http\\Request))
#35 /Users/minpyaesonenyein/projects/skincollection/vendor/livewire/livewire/src/Features/SupportDisablingBackButtonCache/DisableBackButtonCacheMiddleware.php(19): Illuminate\\Pipeline\\Pipeline->{closure:Illuminate\\Pipeline\\Pipeline::prepareDestination():139}(Object(Illuminate\\Http\\Request))
#36 /Users/minpyaesonenyein/projects/skincollection/vendor/laravel/framework/src/Illuminate/Pipeline/Pipeline.php(180): Livewire\\Features\\SupportDisablingBackButtonCache\\DisableBackButtonCacheMiddleware->handle(Object(Illuminate\\Http\\Request), Object(Closure))
#37 /Users/minpyaesonenyein/projects/skincollection/vendor/laravel/framework/src/Illuminate/Foundation/Http/Middleware/TransformsRequest.php(21): Illuminate\\Pipeline\\Pipeline->{closure:{closure:Illuminate\\Pipeline\\Pipeline::carry():155}:156}(Object(Illuminate\\Http\\Request))
#38 /Users/minpyaesonenyein/projects/skincollection/vendor/laravel/framework/src/Illuminate/Foundation/Http/Middleware/ConvertEmptyStringsToNull.php(31): Illuminate\\Foundation\\Http\\Middleware\\TransformsRequest->handle(Object(Illuminate\\Http\\Request), Object(Closure))
#39 /Users/minpyaesonenyein/projects/skincollection/vendor/laravel/framework/src/Illuminate/Pipeline/Pipeline.php(180): Illuminate\\Foundation\\Http\\Middleware\\ConvertEmptyStringsToNull->handle(Object(Illuminate\\Http\\Request), Object(Closure))
#40 /Users/minpyaesonenyein/projects/skincollection/vendor/laravel/framework/src/Illuminate/Foundation/Http/Middleware/TransformsRequest.php(21): Illuminate\\Pipeline\\Pipeline->{closure:{closure:Illuminate\\Pipeline\\Pipeline::carry():155}:156}(Object(Illuminate\\Http\\Request))
#41 /Users/minpyaesonenyein/projects/skincollection/vendor/laravel/framework/src/Illuminate/Foundation/Http/Middleware/TrimStrings.php(40): Illuminate\\Foundation\\Http\\Middleware\\TransformsRequest->handle(Object(Illuminate\\Http\\Request), Object(Closure))
#42 /Users/minpyaesonenyein/projects/skincollection/vendor/laravel/framework/src/Illuminate/Pipeline/Pipeline.php(180): Illuminate\\Foundation\\Http\\Middleware\\TrimStrings->handle(Object(Illuminate\\Http\\Request), Object(Closure))
#43 /Users/minpyaesonenyein/projects/skincollection/vendor/laravel/framework/src/Illuminate/Foundation/Http/Middleware/ValidatePostSize.php(27): Illuminate\\Pipeline\\Pipeline->{closure:{closure:Illuminate\\Pipeline\\Pipeline::carry():155}:156}(Object(Illuminate\\Http\\Request))
#44 /Users/minpyaesonenyein/projects/skincollection/vendor/laravel/framework/src/Illuminate/Pipeline/Pipeline.php(180): Illuminate\\Foundation\\Http\\Middleware\\ValidatePostSize->handle(Object(Illuminate\\Http\\Request), Object(Closure))
#45 /Users/minpyaesonenyein/projects/skincollection/vendor/laravel/framework/src/Illuminate/Foundation/Http/Middleware/PreventRequestsDuringMaintenance.php(86): Illuminate\\Pipeline\\Pipeline->{closure:{closure:Illuminate\\Pipeline\\Pipeline::carry():155}:156}(Object(Illuminate\\Http\\Request))
#46 /Users/minpyaesonenyein/projects/skincollection/vendor/laravel/framework/src/Illuminate/Pipeline/Pipeline.php(180): Illuminate\\Foundation\\Http\\Middleware\\PreventRequestsDuringMaintenance->handle(Object(Illuminate\\Http\\Request), Object(Closure))
#47 /Users/minpyaesonenyein/projects/skincollection/vendor/fruitcake/laravel-cors/src/HandleCors.php(38): Illuminate\\Pipeline\\Pipeline->{closure:{closure:Illuminate\\Pipeline\\Pipeline::carry():155}:156}(Object(Illuminate\\Http\\Request))
#48 /Users/minpyaesonenyein/projects/skincollection/vendor/laravel/framework/src/Illuminate/Pipeline/Pipeline.php(180): Fruitcake\\Cors\\HandleCors->handle(Object(Illuminate\\Http\\Request), Object(Closure))
#49 /Users/minpyaesonenyein/projects/skincollection/vendor/laravel/framework/src/Illuminate/Http/Middleware/TrustProxies.php(39): Illuminate\\Pipeline\\Pipeline->{closure:{closure:Illuminate\\Pipeline\\Pipeline::carry():155}:156}(Object(Illuminate\\Http\\Request))
#50 /Users/minpyaesonenyein/projects/skincollection/vendor/laravel/framework/src/Illuminate/Pipeline/Pipeline.php(180): Illuminate\\Http\\Middleware\\TrustProxies->handle(Object(Illuminate\\Http\\Request), Object(Closure))
#51 /Users/minpyaesonenyein/projects/skincollection/vendor/laravel/framework/src/Illuminate/Pipeline/Pipeline.php(116): Illuminate\\Pipeline\\Pipeline->{closure:{closure:Illuminate\\Pipeline\\Pipeline::carry():155}:156}(Object(Illuminate\\Http\\Request))
#52 /Users/minpyaesonenyein/projects/skincollection/vendor/laravel/framework/src/Illuminate/Foundation/Http/Kernel.php(165): Illuminate\\Pipeline\\Pipeline->then(Object(Closure))
#53 /Users/minpyaesonenyein/projects/skincollection/vendor/laravel/framework/src/Illuminate/Foundation/Http/Kernel.php(134): Illuminate\\Foundation\\Http\\Kernel->sendRequestThroughRouter(Object(Illuminate\\Http\\Request))
#54 /Users/minpyaesonenyein/projects/skincollection/public/index.php(51): Illuminate\\Foundation\\Http\\Kernel->handle(Object(Illuminate\\Http\\Request))
#55 /Users/minpyaesonenyein/projects/skincollection/server.php(21): require_once('/Users/minpyaes...')
#56 {main}

[previous exception] [object] (PDOException(code: 42S22): SQLSTATE[42S22]: Column not found: 1054 Unknown column 'w.created_time' in 'field list' at /Users/minpyaesonenyein/projects/skincollection/vendor/laravel/framework/src/Illuminate/Database/Connection.php:414)
[stacktrace]
#0 /Users/minpyaesonenyein/projects/skincollection/vendor/laravel/framework/src/Illuminate/Database/Connection.php(414): PDO->prepare('SELECT w.id, pa...')
#1 /Users/minpyaesonenyein/projects/skincollection/vendor/laravel/framework/src/Illuminate/Database/Connection.php(753): Illuminate\\Database\\Connection->{closure:Illuminate\\Database\\Connection::select():405}('SELECT w.id, pa...', Array)
#2 /Users/minpyaesonenyein/projects/skincollection/vendor/laravel/framework/src/Illuminate/Database/Connection.php(720): Illuminate\\Database\\Connection->runQueryCallback('SELECT w.id, pa...', Array, Object(Closure))
#3 /Users/minpyaesonenyein/projects/skincollection/vendor/laravel/framework/src/Illuminate/Database/Connection.php(405): Illuminate\\Database\\Connection->run('SELECT w.id, pa...', Array, Object(Closure))
#4 /Users/minpyaesonenyein/projects/skincollection/vendor/laravel/framework/src/Illuminate/Database/DatabaseManager.php(469): Illuminate\\Database\\Connection->select('SELECT w.id, pa...')
#5 /Users/minpyaesonenyein/projects/skincollection/vendor/laravel/framework/src/Illuminate/Support/Facades/Facade.php(338): Illuminate\\Database\\DatabaseManager->__call('select', Array)
#6 /Users/minpyaesonenyein/projects/skincollection/app/Http/Controllers/WeightController.php(33): Illuminate\\Support\\Facades\\Facade::__callStatic('select', Array)
#7 /Users/minpyaesonenyein/projects/skincollection/vendor/laravel/framework/src/Illuminate/Routing/Controller.php(54): App\\Http\\Controllers\\WeightController->index()
#8 /Users/minpyaesonenyein/projects/skincollection/vendor/laravel/framework/src/Illuminate/Routing/ControllerDispatcher.php(43): Illuminate\\Routing\\Controller->callAction('index', Array)
#9 /Users/minpyaesonenyein/projects/skincollection/vendor/laravel/framework/src/Illuminate/Routing/Route.php(259): Illuminate\\Routing\\ControllerDispatcher->dispatch(Object(Illuminate\\Routing\\Route), Object(App\\Http\\Controllers\\WeightController), 'index')
#10 /Users/minpyaesonenyein/projects/skincollection/vendor/laravel/framework/src/Illuminate/Routing/Route.php(205): Illuminate\\Routing\\Route->runController()
#11 /Users/minpyaesonenyein/projects/skincollection/vendor/laravel/framework/src/Illuminate/Routing/Router.php(798): Illuminate\\Routing\\Route->run()
#12 /Users/minpyaesonenyein/projects/skincollection/vendor/laravel/framework/src/Illuminate/Pipeline/Pipeline.php(141): Illuminate\\Routing\\Router->{closure:Illuminate\\Routing\\Router::runRouteWithinStack():797}(Object(Illuminate\\Http\\Request))
#13 /Users/minpyaesonenyein/projects/skincollection/app/Http/Middleware/EnsureClinicContext.php(34): Illuminate\\Pipeline\\Pipeline->{closure:Illuminate\\Pipeline\\Pipeline::prepareDestination():139}(Object(Illuminate\\Http\\Request))
#14 /Users/minpyaesonenyein/projects/skincollection/vendor/laravel/framework/src/Illuminate/Pipeline/Pipeline.php(180): App\\Http\\Middleware\\EnsureClinicContext->handle(Object(Illuminate\\Http\\Request), Object(Closure))
#15 /Users/minpyaesonenyein/projects/skincollection/vendor/laravel/framework/src/Illuminate/Routing/Middleware/SubstituteBindings.php(50): Illuminate\\Pipeline\\Pipeline->{closure:{closure:Illuminate\\Pipeline\\Pipeline::carry():155}:156}(Object(Illuminate\\Http\\Request))
#16 /Users/minpyaesonenyein/projects/skincollection/vendor/laravel/framework/src/Illuminate/Pipeline/Pipeline.php(180): Illuminate\\Routing\\Middleware\\SubstituteBindings->handle(Object(Illuminate\\Http\\Request), Object(Closure))
#17 /Users/minpyaesonenyein/projects/skincollection/vendor/laravel/framework/src/Illuminate/Auth/Middleware/Authenticate.php(44): Illuminate\\Pipeline\\Pipeline->{closure:{closure:Illuminate\\Pipeline\\Pipeline::carry():155}:156}(Object(Illuminate\\Http\\Request))
#18 /Users/minpyaesonenyein/projects/skincollection/vendor/laravel/framework/src/Illuminate/Pipeline/Pipeline.php(180): Illuminate\\Auth\\Middleware\\Authenticate->handle(Object(Illuminate\\Http\\Request), Object(Closure))
#19 /Users/minpyaesonenyein/projects/skincollection/vendor/laravel/framework/src/Illuminate/Foundation/Http/Middleware/VerifyCsrfToken.php(78): Illuminate\\Pipeline\\Pipeline->{closure:{closure:Illuminate\\Pipeline\\Pipeline::carry():155}:156}(Object(Illuminate\\Http\\Request))
#20 /Users/minpyaesonenyein/projects/skincollection/vendor/laravel/framework/src/Illuminate/Pipeline/Pipeline.php(180): Illuminate\\Foundation\\Http\\Middleware\\VerifyCsrfToken->handle(Object(Illuminate\\Http\\Request), Object(Closure))
#21 /Users/minpyaesonenyein/projects/skincollection/vendor/laravel/framework/src/Illuminate/View/Middleware/ShareErrorsFromSession.php(49): Illuminate\\Pipeline\\Pipeline->{closure:{closure:Illuminate\\Pipeline\\Pipeline::carry():155}:156}(Object(Illuminate\\Http\\Request))
#22 /Users/minpyaesonenyein/projects/skincollection/vendor/laravel/framework/src/Illuminate/Pipeline/Pipeline.php(180): Illuminate\\View\\Middleware\\ShareErrorsFromSession->handle(Object(Illuminate\\Http\\Request), Object(Closure))
#23 /Users/minpyaesonenyein/projects/skincollection/vendor/laravel/framework/src/Illuminate/Session/Middleware/StartSession.php(121): Illuminate\\Pipeline\\Pipeline->{closure:{closure:Illuminate\\Pipeline\\Pipeline::carry():155}:156}(Object(Illuminate\\Http\\Request))
#24 /Users/minpyaesonenyein/projects/skincollection/vendor/laravel/framework/src/Illuminate/Session/Middleware/StartSession.php(64): Illuminate\\Session\\Middleware\\StartSession->handleStatefulRequest(Object(Illuminate\\Http\\Request), Object(Illuminate\\Session\\Store), Object(Closure))
#25 /Users/minpyaesonenyein/projects/skincollection/vendor/laravel/framework/src/Illuminate/Pipeline/Pipeline.php(180): Illuminate\\Session\\Middleware\\StartSession->handle(Object(Illuminate\\Http\\Request), Object(Closure))
#26 /Users/minpyaesonenyein/projects/skincollection/vendor/laravel/framework/src/Illuminate/Cookie/Middleware/AddQueuedCookiesToResponse.php(37): Illuminate\\Pipeline\\Pipeline->{closure:{closure:Illuminate\\Pipeline\\Pipeline::carry():155}:156}(Object(Illuminate\\Http\\Request))
#27 /Users/minpyaesonenyein/projects/skincollection/vendor/laravel/framework/src/Illuminate/Pipeline/Pipeline.php(180): Illuminate\\Cookie\\Middleware\\AddQueuedCookiesToResponse->handle(Object(Illuminate\\Http\\Request), Object(Closure))
#28 /Users/minpyaesonenyein/projects/skincollection/vendor/laravel/framework/src/Illuminate/Cookie/Middleware/EncryptCookies.php(67): Illuminate\\Pipeline\\Pipeline->{closure:{closure:Illuminate\\Pipeline\\Pipeline::carry():155}:156}(Object(Illuminate\\Http\\Request))
#29 /Users/minpyaesonenyein/projects/skincollection/vendor/laravel/framework/src/Illuminate/Pipeline/Pipeline.php(180): Illuminate\\Cookie\\Middleware\\EncryptCookies->handle(Object(Illuminate\\Http\\Request), Object(Closure))
#30 /Users/minpyaesonenyein/projects/skincollection/vendor/laravel/framework/src/Illuminate/Pipeline/Pipeline.php(116): Illuminate\\Pipeline\\Pipeline->{closure:{closure:Illuminate\\Pipeline\\Pipeline::carry():155}:156}(Object(Illuminate\\Http\\Request))
#31 /Users/minpyaesonenyein/projects/skincollection/vendor/laravel/framework/src/Illuminate/Routing/Router.php(797): Illuminate\\Pipeline\\Pipeline->then(Object(Closure))
#32 /Users/minpyaesonenyein/projects/skincollection/vendor/laravel/framework/src/Illuminate/Routing/Router.php(776): Illuminate\\Routing\\Router->runRouteWithinStack(Object(Illuminate\\Routing\\Route), Object(Illuminate\\Http\\Request))
#33 /Users/minpyaesonenyein/projects/skincollection/vendor/laravel/framework/src/Illuminate/Routing/Router.php(740): Illuminate\\Routing\\Router->runRoute(Object(Illuminate\\Http\\Request), Object(Illuminate\\Routing\\Route))
#34 /Users/minpyaesonenyein/projects/skincollection/vendor/laravel/framework/src/Illuminate/Routing/Router.php(729): Illuminate\\Routing\\Router->dispatchToRoute(Object(Illuminate\\Http\\Request))
#35 /Users/minpyaesonenyein/projects/skincollection/vendor/laravel/framework/src/Illuminate/Foundation/Http/Kernel.php(190): Illuminate\\Routing\\Router->dispatch(Object(Illuminate\\Http\\Request))
#36 /Users/minpyaesonenyein/projects/skincollection/vendor/laravel/framework/src/Illuminate/Pipeline/Pipeline.php(141): Illuminate\\Foundation\\Http\\Kernel->{closure:Illuminate\\Foundation\\Http\\Kernel::dispatchToRouter():187}(Object(Illuminate\\Http\\Request))
#37 /Users/minpyaesonenyein/projects/skincollection/vendor/livewire/livewire/src/Features/SupportDisablingBackButtonCache/DisableBackButtonCacheMiddleware.php(19): Illuminate\\Pipeline\\Pipeline->{closure:Illuminate\\Pipeline\\Pipeline::prepareDestination():139}(Object(Illuminate\\Http\\Request))
#38 /Users/minpyaesonenyein/projects/skincollection/vendor/laravel/framework/src/Illuminate/Pipeline/Pipeline.php(180): Livewire\\Features\\SupportDisablingBackButtonCache\\DisableBackButtonCacheMiddleware->handle(Object(Illuminate\\Http\\Request), Object(Closure))
#39 /Users/minpyaesonenyein/projects/skincollection/vendor/laravel/framework/src/Illuminate/Foundation/Http/Middleware/TransformsRequest.php(21): Illuminate\\Pipeline\\Pipeline->{closure:{closure:Illuminate\\Pipeline\\Pipeline::carry():155}:156}(Object(Illuminate\\Http\\Request))
#40 /Users/minpyaesonenyein/projects/skincollection/vendor/laravel/framework/src/Illuminate/Foundation/Http/Middleware/ConvertEmptyStringsToNull.php(31): Illuminate\\Foundation\\Http\\Middleware\\TransformsRequest->handle(Object(Illuminate\\Http\\Request), Object(Closure))
#41 /Users/minpyaesonenyein/projects/skincollection/vendor/laravel/framework/src/Illuminate/Pipeline/Pipeline.php(180): Illuminate\\Foundation\\Http\\Middleware\\ConvertEmptyStringsToNull->handle(Object(Illuminate\\Http\\Request), Object(Closure))
#42 /Users/minpyaesonenyein/projects/skincollection/vendor/laravel/framework/src/Illuminate/Foundation/Http/Middleware/TransformsRequest.php(21): Illuminate\\Pipeline\\Pipeline->{closure:{closure:Illuminate\\Pipeline\\Pipeline::carry():155}:156}(Object(Illuminate\\Http\\Request))
#43 /Users/minpyaesonenyein/projects/skincollection/vendor/laravel/framework/src/Illuminate/Foundation/Http/Middleware/TrimStrings.php(40): Illuminate\\Foundation\\Http\\Middleware\\TransformsRequest->handle(Object(Illuminate\\Http\\Request), Object(Closure))
#44 /Users/minpyaesonenyein/projects/skincollection/vendor/laravel/framework/src/Illuminate/Pipeline/Pipeline.php(180): Illuminate\\Foundation\\Http\\Middleware\\TrimStrings->handle(Object(Illuminate\\Http\\Request), Object(Closure))
#45 /Users/minpyaesonenyein/projects/skincollection/vendor/laravel/framework/src/Illuminate/Foundation/Http/Middleware/ValidatePostSize.php(27): Illuminate\\Pipeline\\Pipeline->{closure:{closure:Illuminate\\Pipeline\\Pipeline::carry():155}:156}(Object(Illuminate\\Http\\Request))
#46 /Users/minpyaesonenyein/projects/skincollection/vendor/laravel/framework/src/Illuminate/Pipeline/Pipeline.php(180): Illuminate\\Foundation\\Http\\Middleware\\ValidatePostSize->handle(Object(Illuminate\\Http\\Request), Object(Closure))
#47 /Users/minpyaesonenyein/projects/skincollection/vendor/laravel/framework/src/Illuminate/Foundation/Http/Middleware/PreventRequestsDuringMaintenance.php(86): Illuminate\\Pipeline\\Pipeline->{closure:{closure:Illuminate\\Pipeline\\Pipeline::carry():155}:156}(Object(Illuminate\\Http\\Request))
#48 /Users/minpyaesonenyein/projects/skincollection/vendor/laravel/framework/src/Illuminate/Pipeline/Pipeline.php(180): Illuminate\\Foundation\\Http\\Middleware\\PreventRequestsDuringMaintenance->handle(Object(Illuminate\\Http\\Request), Object(Closure))
#49 /Users/minpyaesonenyein/projects/skincollection/vendor/fruitcake/laravel-cors/src/HandleCors.php(38): Illuminate\\Pipeline\\Pipeline->{closure:{closure:Illuminate\\Pipeline\\Pipeline::carry():155}:156}(Object(Illuminate\\Http\\Request))
#50 /Users/minpyaesonenyein/projects/skincollection/vendor/laravel/framework/src/Illuminate/Pipeline/Pipeline.php(180): Fruitcake\\Cors\\HandleCors->handle(Object(Illuminate\\Http\\Request), Object(Closure))
#51 /Users/minpyaesonenyein/projects/skincollection/vendor/laravel/framework/src/Illuminate/Http/Middleware/TrustProxies.php(39): Illuminate\\Pipeline\\Pipeline->{closure:{closure:Illuminate\\Pipeline\\Pipeline::carry():155}:156}(Object(Illuminate\\Http\\Request))
#52 /Users/minpyaesonenyein/projects/skincollection/vendor/laravel/framework/src/Illuminate/Pipeline/Pipeline.php(180): Illuminate\\Http\\Middleware\\TrustProxies->handle(Object(Illuminate\\Http\\Request), Object(Closure))
#53 /Users/minpyaesonenyein/projects/skincollection/vendor/laravel/framework/src/Illuminate/Pipeline/Pipeline.php(116): Illuminate\\Pipeline\\Pipeline->{closure:{closure:Illuminate\\Pipeline\\Pipeline::carry():155}:156}(Object(Illuminate\\Http\\Request))
#54 /Users/minpyaesonenyein/projects/skincollection/vendor/laravel/framework/src/Illuminate/Foundation/Http/Kernel.php(165): Illuminate\\Pipeline\\Pipeline->then(Object(Closure))
#55 /Users/minpyaesonenyein/projects/skincollection/vendor/laravel/framework/src/Illuminate/Foundation/Http/Kernel.php(134): Illuminate\\Foundation\\Http\\Kernel->sendRequestThroughRouter(Object(Illuminate\\Http\\Request))
#56 /Users/minpyaesonenyein/projects/skincollection/public/index.php(51): Illuminate\\Foundation\\Http\\Kernel->handle(Object(Illuminate\\Http\\Request))
#57 /Users/minpyaesonenyein/projects/skincollection/server.php(21): require_once('/Users/minpyaes...')
#58 {main}
"} 
[2025-12-20 08:49:04] local.ERROR: SQLSTATE[42S22]: Column not found: 1054 Unknown column 'w.created_time' in 'field list' (SQL: SELECT w.id, patient.token, patient.first_name, patient.last_name, w.weight, DATE_FORMAT(w.created_time,"%d-%m-%Y") AS created_time FROM weights w LEFT JOIN patients patient on w.patient_id = patient.id ORDER BY w.created_time DESC) {"userId":1,"exception":"[object] (Illuminate\\Database\\QueryException(code: 42S22): SQLSTATE[42S22]: Column not found: 1054 Unknown column 'w.created_time' in 'field list' (SQL: SELECT w.id, patient.token, patient.first_name, patient.last_name, w.weight, DATE_FORMAT(w.created_time,\"%d-%m-%Y\") AS created_time FROM weights w LEFT JOIN patients patient on w.patient_id = patient.id ORDER BY w.created_time DESC) at /Users/minpyaesonenyein/projects/skincollection/vendor/laravel/framework/src/Illuminate/Database/Connection.php:760)
[stacktrace]
#0 /Users/minpyaesonenyein/projects/skincollection/vendor/laravel/framework/src/Illuminate/Database/Connection.php(720): Illuminate\\Database\\Connection->runQueryCallback('SELECT w.id, pa...', Array, Object(Closure))
#1 /Users/minpyaesonenyein/projects/skincollection/vendor/laravel/framework/src/Illuminate/Database/Connection.php(405): Illuminate\\Database\\Connection->run('SELECT w.id, pa...', Array, Object(Closure))
#2 /Users/minpyaesonenyein/projects/skincollection/vendor/laravel/framework/src/Illuminate/Database/DatabaseManager.php(469): Illuminate\\Database\\Connection->select('SELECT w.id, pa...')
#3 /Users/minpyaesonenyein/projects/skincollection/vendor/laravel/framework/src/Illuminate/Support/Facades/Facade.php(338): Illuminate\\Database\\DatabaseManager->__call('select', Array)
#4 /Users/minpyaesonenyein/projects/skincollection/app/Http/Controllers/WeightController.php(33): Illuminate\\Support\\Facades\\Facade::__callStatic('select', Array)
#5 /Users/minpyaesonenyein/projects/skincollection/vendor/laravel/framework/src/Illuminate/Routing/Controller.php(54): App\\Http\\Controllers\\WeightController->index()
#6 /Users/minpyaesonenyein/projects/skincollection/vendor/laravel/framework/src/Illuminate/Routing/ControllerDispatcher.php(43): Illuminate\\Routing\\Controller->callAction('index', Array)
#7 /Users/minpyaesonenyein/projects/skincollection/vendor/laravel/framework/src/Illuminate/Routing/Route.php(259): Illuminate\\Routing\\ControllerDispatcher->dispatch(Object(Illuminate\\Routing\\Route), Object(App\\Http\\Controllers\\WeightController), 'index')
#8 /Users/minpyaesonenyein/projects/skincollection/vendor/laravel/framework/src/Illuminate/Routing/Route.php(205): Illuminate\\Routing\\Route->runController()
#9 /Users/minpyaesonenyein/projects/skincollection/vendor/laravel/framework/src/Illuminate/Routing/Router.php(798): Illuminate\\Routing\\Route->run()
#10 /Users/minpyaesonenyein/projects/skincollection/vendor/laravel/framework/src/Illuminate/Pipeline/Pipeline.php(141): Illuminate\\Routing\\Router->{closure:Illuminate\\Routing\\Router::runRouteWithinStack():797}(Object(Illuminate\\Http\\Request))
#11 /Users/minpyaesonenyein/projects/skincollection/app/Http/Middleware/EnsureClinicContext.php(34): Illuminate\\Pipeline\\Pipeline->{closure:Illuminate\\Pipeline\\Pipeline::prepareDestination():139}(Object(Illuminate\\Http\\Request))
#12 /Users/minpyaesonenyein/projects/skincollection/vendor/laravel/framework/src/Illuminate/Pipeline/Pipeline.php(180): App\\Http\\Middleware\\EnsureClinicContext->handle(Object(Illuminate\\Http\\Request), Object(Closure))
#13 /Users/minpyaesonenyein/projects/skincollection/vendor/laravel/framework/src/Illuminate/Routing/Middleware/SubstituteBindings.php(50): Illuminate\\Pipeline\\Pipeline->{closure:{closure:Illuminate\\Pipeline\\Pipeline::carry():155}:156}(Object(Illuminate\\Http\\Request))
#14 /Users/minpyaesonenyein/projects/skincollection/vendor/laravel/framework/src/Illuminate/Pipeline/Pipeline.php(180): Illuminate\\Routing\\Middleware\\SubstituteBindings->handle(Object(Illuminate\\Http\\Request), Object(Closure))
#15 /Users/minpyaesonenyein/projects/skincollection/vendor/laravel/framework/src/Illuminate/Auth/Middleware/Authenticate.php(44): Illuminate\\Pipeline\\Pipeline->{closure:{closure:Illuminate\\Pipeline\\Pipeline::carry():155}:156}(Object(Illuminate\\Http\\Request))
#16 /Users/minpyaesonenyein/projects/skincollection/vendor/laravel/framework/src/Illuminate/Pipeline/Pipeline.php(180): Illuminate\\Auth\\Middleware\\Authenticate->handle(Object(Illuminate\\Http\\Request), Object(Closure))
#17 /Users/minpyaesonenyein/projects/skincollection/vendor/laravel/framework/src/Illuminate/Foundation/Http/Middleware/VerifyCsrfToken.php(78): Illuminate\\Pipeline\\Pipeline->{closure:{closure:Illuminate\\Pipeline\\Pipeline::carry():155}:156}(Object(Illuminate\\Http\\Request))
#18 /Users/minpyaesonenyein/projects/skincollection/vendor/laravel/framework/src/Illuminate/Pipeline/Pipeline.php(180): Illuminate\\Foundation\\Http\\Middleware\\VerifyCsrfToken->handle(Object(Illuminate\\Http\\Request), Object(Closure))
#19 /Users/minpyaesonenyein/projects/skincollection/vendor/laravel/framework/src/Illuminate/View/Middleware/ShareErrorsFromSession.php(49): Illuminate\\Pipeline\\Pipeline->{closure:{closure:Illuminate\\Pipeline\\Pipeline::carry():155}:156}(Object(Illuminate\\Http\\Request))
#20 /Users/minpyaesonenyein/projects/skincollection/vendor/laravel/framework/src/Illuminate/Pipeline/Pipeline.php(180): Illuminate\\View\\Middleware\\ShareErrorsFromSession->handle(Object(Illuminate\\Http\\Request), Object(Closure))
#21 /Users/minpyaesonenyein/projects/skincollection/vendor/laravel/framework/src/Illuminate/Session/Middleware/StartSession.php(121): Illuminate\\Pipeline\\Pipeline->{closure:{closure:Illuminate\\Pipeline\\Pipeline::carry():155}:156}(Object(Illuminate\\Http\\Request))
#22 /Users/minpyaesonenyein/projects/skincollection/vendor/laravel/framework/src/Illuminate/Session/Middleware/StartSession.php(64): Illuminate\\Session\\Middleware\\StartSession->handleStatefulRequest(Object(Illuminate\\Http\\Request), Object(Illuminate\\Session\\Store), Object(Closure))
#23 /Users/minpyaesonenyein/projects/skincollection/vendor/laravel/framework/src/Illuminate/Pipeline/Pipeline.php(180): Illuminate\\Session\\Middleware\\StartSession->handle(Object(Illuminate\\Http\\Request), Object(Closure))
#24 /Users/minpyaesonenyein/projects/skincollection/vendor/laravel/framework/src/Illuminate/Cookie/Middleware/AddQueuedCookiesToResponse.php(37): Illuminate\\Pipeline\\Pipeline->{closure:{closure:Illuminate\\Pipeline\\Pipeline::carry():155}:156}(Object(Illuminate\\Http\\Request))
#25 /Users/minpyaesonenyein/projects/skincollection/vendor/laravel/framework/src/Illuminate/Pipeline/Pipeline.php(180): Illuminate\\Cookie\\Middleware\\AddQueuedCookiesToResponse->handle(Object(Illuminate\\Http\\Request), Object(Closure))
#26 /Users/minpyaesonenyein/projects/skincollection/vendor/laravel/framework/src/Illuminate/Cookie/Middleware/EncryptCookies.php(67): Illuminate\\Pipeline\\Pipeline->{closure:{closure:Illuminate\\Pipeline\\Pipeline::carry():155}:156}(Object(Illuminate\\Http\\Request))
#27 /Users/minpyaesonenyein/projects/skincollection/vendor/laravel/framework/src/Illuminate/Pipeline/Pipeline.php(180): Illuminate\\Cookie\\Middleware\\EncryptCookies->handle(Object(Illuminate\\Http\\Request), Object(Closure))
#28 /Users/minpyaesonenyein/projects/skincollection/vendor/laravel/framework/src/Illuminate/Pipeline/Pipeline.php(116): Illuminate\\Pipeline\\Pipeline->{closure:{closure:Illuminate\\Pipeline\\Pipeline::carry():155}:156}(Object(Illuminate\\Http\\Request))
#29 /Users/minpyaesonenyein/projects/skincollection/vendor/laravel/framework/src/Illuminate/Routing/Router.php(797): Illuminate\\Pipeline\\Pipeline->then(Object(Closure))
#30 /Users/minpyaesonenyein/projects/skincollection/vendor/laravel/framework/src/Illuminate/Routing/Router.php(776): Illuminate\\Routing\\Router->runRouteWithinStack(Object(Illuminate\\Routing\\Route), Object(Illuminate\\Http\\Request))
#31 /Users/minpyaesonenyein/projects/skincollection/vendor/laravel/framework/src/Illuminate/Routing/Router.php(740): Illuminate\\Routing\\Router->runRoute(Object(Illuminate\\Http\\Request), Object(Illuminate\\Routing\\Route))
#32 /Users/minpyaesonenyein/projects/skincollection/vendor/laravel/framework/src/Illuminate/Routing/Router.php(729): Illuminate\\Routing\\Router->dispatchToRoute(Object(Illuminate\\Http\\Request))
#33 /Users/minpyaesonenyein/projects/skincollection/vendor/laravel/framework/src/Illuminate/Foundation/Http/Kernel.php(190): Illuminate\\Routing\\Router->dispatch(Object(Illuminate\\Http\\Request))
#34 /Users/minpyaesonenyein/projects/skincollection/vendor/laravel/framework/src/Illuminate/Pipeline/Pipeline.php(141): Illuminate\\Foundation\\Http\\Kernel->{closure:Illuminate\\Foundation\\Http\\Kernel::dispatchToRouter():187}(Object(Illuminate\\Http\\Request))
#35 /Users/minpyaesonenyein/projects/skincollection/vendor/livewire/livewire/src/Features/SupportDisablingBackButtonCache/DisableBackButtonCacheMiddleware.php(19): Illuminate\\Pipeline\\Pipeline->{closure:Illuminate\\Pipeline\\Pipeline::prepareDestination():139}(Object(Illuminate\\Http\\Request))
#36 /Users/minpyaesonenyein/projects/skincollection/vendor/laravel/framework/src/Illuminate/Pipeline/Pipeline.php(180): Livewire\\Features\\SupportDisablingBackButtonCache\\DisableBackButtonCacheMiddleware->handle(Object(Illuminate\\Http\\Request), Object(Closure))
#37 /Users/minpyaesonenyein/projects/skincollection/vendor/laravel/framework/src/Illuminate/Foundation/Http/Middleware/TransformsRequest.php(21): Illuminate\\Pipeline\\Pipeline->{closure:{closure:Illuminate\\Pipeline\\Pipeline::carry():155}:156}(Object(Illuminate\\Http\\Request))
#38 /Users/minpyaesonenyein/projects/skincollection/vendor/laravel/framework/src/Illuminate/Foundation/Http/Middleware/ConvertEmptyStringsToNull.php(31): Illuminate\\Foundation\\Http\\Middleware\\TransformsRequest->handle(Object(Illuminate\\Http\\Request), Object(Closure))
#39 /Users/minpyaesonenyein/projects/skincollection/vendor/laravel/framework/src/Illuminate/Pipeline/Pipeline.php(180): Illuminate\\Foundation\\Http\\Middleware\\ConvertEmptyStringsToNull->handle(Object(Illuminate\\Http\\Request), Object(Closure))
#40 /Users/minpyaesonenyein/projects/skincollection/vendor/laravel/framework/src/Illuminate/Foundation/Http/Middleware/TransformsRequest.php(21): Illuminate\\Pipeline\\Pipeline->{closure:{closure:Illuminate\\Pipeline\\Pipeline::carry():155}:156}(Object(Illuminate\\Http\\Request))
#41 /Users/minpyaesonenyein/projects/skincollection/vendor/laravel/framework/src/Illuminate/Foundation/Http/Middleware/TrimStrings.php(40): Illuminate\\Foundation\\Http\\Middleware\\TransformsRequest->handle(Object(Illuminate\\Http\\Request), Object(Closure))
#42 /Users/minpyaesonenyein/projects/skincollection/vendor/laravel/framework/src/Illuminate/Pipeline/Pipeline.php(180): Illuminate\\Foundation\\Http\\Middleware\\TrimStrings->handle(Object(Illuminate\\Http\\Request), Object(Closure))
#43 /Users/minpyaesonenyein/projects/skincollection/vendor/laravel/framework/src/Illuminate/Foundation/Http/Middleware/ValidatePostSize.php(27): Illuminate\\Pipeline\\Pipeline->{closure:{closure:Illuminate\\Pipeline\\Pipeline::carry():155}:156}(Object(Illuminate\\Http\\Request))
#44 /Users/minpyaesonenyein/projects/skincollection/vendor/laravel/framework/src/Illuminate/Pipeline/Pipeline.php(180): Illuminate\\Foundation\\Http\\Middleware\\ValidatePostSize->handle(Object(Illuminate\\Http\\Request), Object(Closure))
#45 /Users/minpyaesonenyein/projects/skincollection/vendor/laravel/framework/src/Illuminate/Foundation/Http/Middleware/PreventRequestsDuringMaintenance.php(86): Illuminate\\Pipeline\\Pipeline->{closure:{closure:Illuminate\\Pipeline\\Pipeline::carry():155}:156}(Object(Illuminate\\Http\\Request))
#46 /Users/minpyaesonenyein/projects/skincollection/vendor/laravel/framework/src/Illuminate/Pipeline/Pipeline.php(180): Illuminate\\Foundation\\Http\\Middleware\\PreventRequestsDuringMaintenance->handle(Object(Illuminate\\Http\\Request), Object(Closure))
#47 /Users/minpyaesonenyein/projects/skincollection/vendor/fruitcake/laravel-cors/src/HandleCors.php(38): Illuminate\\Pipeline\\Pipeline->{closure:{closure:Illuminate\\Pipeline\\Pipeline::carry():155}:156}(Object(Illuminate\\Http\\Request))
#48 /Users/minpyaesonenyein/projects/skincollection/vendor/laravel/framework/src/Illuminate/Pipeline/Pipeline.php(180): Fruitcake\\Cors\\HandleCors->handle(Object(Illuminate\\Http\\Request), Object(Closure))
#49 /Users/minpyaesonenyein/projects/skincollection/vendor/laravel/framework/src/Illuminate/Http/Middleware/TrustProxies.php(39): Illuminate\\Pipeline\\Pipeline->{closure:{closure:Illuminate\\Pipeline\\Pipeline::carry():155}:156}(Object(Illuminate\\Http\\Request))
#50 /Users/minpyaesonenyein/projects/skincollection/vendor/laravel/framework/src/Illuminate/Pipeline/Pipeline.php(180): Illuminate\\Http\\Middleware\\TrustProxies->handle(Object(Illuminate\\Http\\Request), Object(Closure))
#51 /Users/minpyaesonenyein/projects/skincollection/vendor/laravel/framework/src/Illuminate/Pipeline/Pipeline.php(116): Illuminate\\Pipeline\\Pipeline->{closure:{closure:Illuminate\\Pipeline\\Pipeline::carry():155}:156}(Object(Illuminate\\Http\\Request))
#52 /Users/minpyaesonenyein/projects/skincollection/vendor/laravel/framework/src/Illuminate/Foundation/Http/Kernel.php(165): Illuminate\\Pipeline\\Pipeline->then(Object(Closure))
#53 /Users/minpyaesonenyein/projects/skincollection/vendor/laravel/framework/src/Illuminate/Foundation/Http/Kernel.php(134): Illuminate\\Foundation\\Http\\Kernel->sendRequestThroughRouter(Object(Illuminate\\Http\\Request))
#54 /Users/minpyaesonenyein/projects/skincollection/public/index.php(51): Illuminate\\Foundation\\Http\\Kernel->handle(Object(Illuminate\\Http\\Request))
#55 /Users/minpyaesonenyein/projects/skincollection/server.php(21): require_once('/Users/minpyaes...')
#56 {main}

[previous exception] [object] (PDOException(code: 42S22): SQLSTATE[42S22]: Column not found: 1054 Unknown column 'w.created_time' in 'field list' at /Users/minpyaesonenyein/projects/skincollection/vendor/laravel/framework/src/Illuminate/Database/Connection.php:414)
[stacktrace]
#0 /Users/minpyaesonenyein/projects/skincollection/vendor/laravel/framework/src/Illuminate/Database/Connection.php(414): PDO->prepare('SELECT w.id, pa...')
#1 /Users/minpyaesonenyein/projects/skincollection/vendor/laravel/framework/src/Illuminate/Database/Connection.php(753): Illuminate\\Database\\Connection->{closure:Illuminate\\Database\\Connection::select():405}('SELECT w.id, pa...', Array)
#2 /Users/minpyaesonenyein/projects/skincollection/vendor/laravel/framework/src/Illuminate/Database/Connection.php(720): Illuminate\\Database\\Connection->runQueryCallback('SELECT w.id, pa...', Array, Object(Closure))
#3 /Users/minpyaesonenyein/projects/skincollection/vendor/laravel/framework/src/Illuminate/Database/Connection.php(405): Illuminate\\Database\\Connection->run('SELECT w.id, pa...', Array, Object(Closure))
#4 /Users/minpyaesonenyein/projects/skincollection/vendor/laravel/framework/src/Illuminate/Database/DatabaseManager.php(469): Illuminate\\Database\\Connection->select('SELECT w.id, pa...')
#5 /Users/minpyaesonenyein/projects/skincollection/vendor/laravel/framework/src/Illuminate/Support/Facades/Facade.php(338): Illuminate\\Database\\DatabaseManager->__call('select', Array)
#6 /Users/minpyaesonenyein/projects/skincollection/app/Http/Controllers/WeightController.php(33): Illuminate\\Support\\Facades\\Facade::__callStatic('select', Array)
#7 /Users/minpyaesonenyein/projects/skincollection/vendor/laravel/framework/src/Illuminate/Routing/Controller.php(54): App\\Http\\Controllers\\WeightController->index()
#8 /Users/minpyaesonenyein/projects/skincollection/vendor/laravel/framework/src/Illuminate/Routing/ControllerDispatcher.php(43): Illuminate\\Routing\\Controller->callAction('index', Array)
#9 /Users/minpyaesonenyein/projects/skincollection/vendor/laravel/framework/src/Illuminate/Routing/Route.php(259): Illuminate\\Routing\\ControllerDispatcher->dispatch(Object(Illuminate\\Routing\\Route), Object(App\\Http\\Controllers\\WeightController), 'index')
#10 /Users/minpyaesonenyein/projects/skincollection/vendor/laravel/framework/src/Illuminate/Routing/Route.php(205): Illuminate\\Routing\\Route->runController()
#11 /Users/minpyaesonenyein/projects/skincollection/vendor/laravel/framework/src/Illuminate/Routing/Router.php(798): Illuminate\\Routing\\Route->run()
#12 /Users/minpyaesonenyein/projects/skincollection/vendor/laravel/framework/src/Illuminate/Pipeline/Pipeline.php(141): Illuminate\\Routing\\Router->{closure:Illuminate\\Routing\\Router::runRouteWithinStack():797}(Object(Illuminate\\Http\\Request))
#13 /Users/minpyaesonenyein/projects/skincollection/app/Http/Middleware/EnsureClinicContext.php(34): Illuminate\\Pipeline\\Pipeline->{closure:Illuminate\\Pipeline\\Pipeline::prepareDestination():139}(Object(Illuminate\\Http\\Request))
#14 /Users/minpyaesonenyein/projects/skincollection/vendor/laravel/framework/src/Illuminate/Pipeline/Pipeline.php(180): App\\Http\\Middleware\\EnsureClinicContext->handle(Object(Illuminate\\Http\\Request), Object(Closure))
#15 /Users/minpyaesonenyein/projects/skincollection/vendor/laravel/framework/src/Illuminate/Routing/Middleware/SubstituteBindings.php(50): Illuminate\\Pipeline\\Pipeline->{closure:{closure:Illuminate\\Pipeline\\Pipeline::carry():155}:156}(Object(Illuminate\\Http\\Request))
#16 /Users/minpyaesonenyein/projects/skincollection/vendor/laravel/framework/src/Illuminate/Pipeline/Pipeline.php(180): Illuminate\\Routing\\Middleware\\SubstituteBindings->handle(Object(Illuminate\\Http\\Request), Object(Closure))
#17 /Users/minpyaesonenyein/projects/skincollection/vendor/laravel/framework/src/Illuminate/Auth/Middleware/Authenticate.php(44): Illuminate\\Pipeline\\Pipeline->{closure:{closure:Illuminate\\Pipeline\\Pipeline::carry():155}:156}(Object(Illuminate\\Http\\Request))
#18 /Users/minpyaesonenyein/projects/skincollection/vendor/laravel/framework/src/Illuminate/Pipeline/Pipeline.php(180): Illuminate\\Auth\\Middleware\\Authenticate->handle(Object(Illuminate\\Http\\Request), Object(Closure))
#19 /Users/minpyaesonenyein/projects/skincollection/vendor/laravel/framework/src/Illuminate/Foundation/Http/Middleware/VerifyCsrfToken.php(78): Illuminate\\Pipeline\\Pipeline->{closure:{closure:Illuminate\\Pipeline\\Pipeline::carry():155}:156}(Object(Illuminate\\Http\\Request))
#20 /Users/minpyaesonenyein/projects/skincollection/vendor/laravel/framework/src/Illuminate/Pipeline/Pipeline.php(180): Illuminate\\Foundation\\Http\\Middleware\\VerifyCsrfToken->handle(Object(Illuminate\\Http\\Request), Object(Closure))
#21 /Users/minpyaesonenyein/projects/skincollection/vendor/laravel/framework/src/Illuminate/View/Middleware/ShareErrorsFromSession.php(49): Illuminate\\Pipeline\\Pipeline->{closure:{closure:Illuminate\\Pipeline\\Pipeline::carry():155}:156}(Object(Illuminate\\Http\\Request))
#22 /Users/minpyaesonenyein/projects/skincollection/vendor/laravel/framework/src/Illuminate/Pipeline/Pipeline.php(180): Illuminate\\View\\Middleware\\ShareErrorsFromSession->handle(Object(Illuminate\\Http\\Request), Object(Closure))
#23 /Users/minpyaesonenyein/projects/skincollection/vendor/laravel/framework/src/Illuminate/Session/Middleware/StartSession.php(121): Illuminate\\Pipeline\\Pipeline->{closure:{closure:Illuminate\\Pipeline\\Pipeline::carry():155}:156}(Object(Illuminate\\Http\\Request))
#24 /Users/minpyaesonenyein/projects/skincollection/vendor/laravel/framework/src/Illuminate/Session/Middleware/StartSession.php(64): Illuminate\\Session\\Middleware\\StartSession->handleStatefulRequest(Object(Illuminate\\Http\\Request), Object(Illuminate\\Session\\Store), Object(Closure))
#25 /Users/minpyaesonenyein/projects/skincollection/vendor/laravel/framework/src/Illuminate/Pipeline/Pipeline.php(180): Illuminate\\Session\\Middleware\\StartSession->handle(Object(Illuminate\\Http\\Request), Object(Closure))
#26 /Users/minpyaesonenyein/projects/skincollection/vendor/laravel/framework/src/Illuminate/Cookie/Middleware/AddQueuedCookiesToResponse.php(37): Illuminate\\Pipeline\\Pipeline->{closure:{closure:Illuminate\\Pipeline\\Pipeline::carry():155}:156}(Object(Illuminate\\Http\\Request))
#27 /Users/minpyaesonenyein/projects/skincollection/vendor/laravel/framework/src/Illuminate/Pipeline/Pipeline.php(180): Illuminate\\Cookie\\Middleware\\AddQueuedCookiesToResponse->handle(Object(Illuminate\\Http\\Request), Object(Closure))
#28 /Users/minpyaesonenyein/projects/skincollection/vendor/laravel/framework/src/Illuminate/Cookie/Middleware/EncryptCookies.php(67): Illuminate\\Pipeline\\Pipeline->{closure:{closure:Illuminate\\Pipeline\\Pipeline::carry():155}:156}(Object(Illuminate\\Http\\Request))
#29 /Users/minpyaesonenyein/projects/skincollection/vendor/laravel/framework/src/Illuminate/Pipeline/Pipeline.php(180): Illuminate\\Cookie\\Middleware\\EncryptCookies->handle(Object(Illuminate\\Http\\Request), Object(Closure))
#30 /Users/minpyaesonenyein/projects/skincollection/vendor/laravel/framework/src/Illuminate/Pipeline/Pipeline.php(116): Illuminate\\Pipeline\\Pipeline->{closure:{closure:Illuminate\\Pipeline\\Pipeline::carry():155}:156}(Object(Illuminate\\Http\\Request))
#31 /Users/minpyaesonenyein/projects/skincollection/vendor/laravel/framework/src/Illuminate/Routing/Router.php(797): Illuminate\\Pipeline\\Pipeline->then(Object(Closure))
#32 /Users/minpyaesonenyein/projects/skincollection/vendor/laravel/framework/src/Illuminate/Routing/Router.php(776): Illuminate\\Routing\\Router->runRouteWithinStack(Object(Illuminate\\Routing\\Route), Object(Illuminate\\Http\\Request))
#33 /Users/minpyaesonenyein/projects/skincollection/vendor/laravel/framework/src/Illuminate/Routing/Router.php(740): Illuminate\\Routing\\Router->runRoute(Object(Illuminate\\Http\\Request), Object(Illuminate\\Routing\\Route))
#34 /Users/minpyaesonenyein/projects/skincollection/vendor/laravel/framework/src/Illuminate/Routing/Router.php(729): Illuminate\\Routing\\Router->dispatchToRoute(Object(Illuminate\\Http\\Request))
#35 /Users/minpyaesonenyein/projects/skincollection/vendor/laravel/framework/src/Illuminate/Foundation/Http/Kernel.php(190): Illuminate\\Routing\\Router->dispatch(Object(Illuminate\\Http\\Request))
#36 /Users/minpyaesonenyein/projects/skincollection/vendor/laravel/framework/src/Illuminate/Pipeline/Pipeline.php(141): Illuminate\\Foundation\\Http\\Kernel->{closure:Illuminate\\Foundation\\Http\\Kernel::dispatchToRouter():187}(Object(Illuminate\\Http\\Request))
#37 /Users/minpyaesonenyein/projects/skincollection/vendor/livewire/livewire/src/Features/SupportDisablingBackButtonCache/DisableBackButtonCacheMiddleware.php(19): Illuminate\\Pipeline\\Pipeline->{closure:Illuminate\\Pipeline\\Pipeline::prepareDestination():139}(Object(Illuminate\\Http\\Request))
#38 /Users/minpyaesonenyein/projects/skincollection/vendor/laravel/framework/src/Illuminate/Pipeline/Pipeline.php(180): Livewire\\Features\\SupportDisablingBackButtonCache\\DisableBackButtonCacheMiddleware->handle(Object(Illuminate\\Http\\Request), Object(Closure))
#39 /Users/minpyaesonenyein/projects/skincollection/vendor/laravel/framework/src/Illuminate/Foundation/Http/Middleware/TransformsRequest.php(21): Illuminate\\Pipeline\\Pipeline->{closure:{closure:Illuminate\\Pipeline\\Pipeline::carry():155}:156}(Object(Illuminate\\Http\\Request))
#40 /Users/minpyaesonenyein/projects/skincollection/vendor/laravel/framework/src/Illuminate/Foundation/Http/Middleware/ConvertEmptyStringsToNull.php(31): Illuminate\\Foundation\\Http\\Middleware\\TransformsRequest->handle(Object(Illuminate\\Http\\Request), Object(Closure))
#41 /Users/minpyaesonenyein/projects/skincollection/vendor/laravel/framework/src/Illuminate/Pipeline/Pipeline.php(180): Illuminate\\Foundation\\Http\\Middleware\\ConvertEmptyStringsToNull->handle(Object(Illuminate\\Http\\Request), Object(Closure))
#42 /Users/minpyaesonenyein/projects/skincollection/vendor/laravel/framework/src/Illuminate/Foundation/Http/Middleware/TransformsRequest.php(21): Illuminate\\Pipeline\\Pipeline->{closure:{closure:Illuminate\\Pipeline\\Pipeline::carry():155}:156}(Object(Illuminate\\Http\\Request))
#43 /Users/minpyaesonenyein/projects/skincollection/vendor/laravel/framework/src/Illuminate/Foundation/Http/Middleware/TrimStrings.php(40): Illuminate\\Foundation\\Http\\Middleware\\TransformsRequest->handle(Object(Illuminate\\Http\\Request), Object(Closure))
#44 /Users/minpyaesonenyein/projects/skincollection/vendor/laravel/framework/src/Illuminate/Pipeline/Pipeline.php(180): Illuminate\\Foundation\\Http\\Middleware\\TrimStrings->handle(Object(Illuminate\\Http\\Request), Object(Closure))
#45 /Users/minpyaesonenyein/projects/skincollection/vendor/laravel/framework/src/Illuminate/Foundation/Http/Middleware/ValidatePostSize.php(27): Illuminate\\Pipeline\\Pipeline->{closure:{closure:Illuminate\\Pipeline\\Pipeline::carry():155}:156}(Object(Illuminate\\Http\\Request))
#46 /Users/minpyaesonenyein/projects/skincollection/vendor/laravel/framework/src/Illuminate/Pipeline/Pipeline.php(180): Illuminate\\Foundation\\Http\\Middleware\\ValidatePostSize->handle(Object(Illuminate\\Http\\Request), Object(Closure))
#47 /Users/minpyaesonenyein/projects/skincollection/vendor/laravel/framework/src/Illuminate/Foundation/Http/Middleware/PreventRequestsDuringMaintenance.php(86): Illuminate\\Pipeline\\Pipeline->{closure:{closure:Illuminate\\Pipeline\\Pipeline::carry():155}:156}(Object(Illuminate\\Http\\Request))
#48 /Users/minpyaesonenyein/projects/skincollection/vendor/laravel/framework/src/Illuminate/Pipeline/Pipeline.php(180): Illuminate\\Foundation\\Http\\Middleware\\PreventRequestsDuringMaintenance->handle(Object(Illuminate\\Http\\Request), Object(Closure))
#49 /Users/minpyaesonenyein/projects/skincollection/vendor/fruitcake/laravel-cors/src/HandleCors.php(38): Illuminate\\Pipeline\\Pipeline->{closure:{closure:Illuminate\\Pipeline\\Pipeline::carry():155}:156}(Object(Illuminate\\Http\\Request))
#50 /Users/minpyaesonenyein/projects/skincollection/vendor/laravel/framework/src/Illuminate/Pipeline/Pipeline.php(180): Fruitcake\\Cors\\HandleCors->handle(Object(Illuminate\\Http\\Request), Object(Closure))
#51 /Users/minpyaesonenyein/projects/skincollection/vendor/laravel/framework/src/Illuminate/Http/Middleware/TrustProxies.php(39): Illuminate\\Pipeline\\Pipeline->{closure:{closure:Illuminate\\Pipeline\\Pipeline::carry():155}:156}(Object(Illuminate\\Http\\Request))
#52 /Users/minpyaesonenyein/projects/skincollection/vendor/laravel/framework/src/Illuminate/Pipeline/Pipeline.php(180): Illuminate\\Http\\Middleware\\TrustProxies->handle(Object(Illuminate\\Http\\Request), Object(Closure))
#53 /Users/minpyaesonenyein/projects/skincollection/vendor/laravel/framework/src/Illuminate/Pipeline/Pipeline.php(116): Illuminate\\Pipeline\\Pipeline->{closure:{closure:Illuminate\\Pipeline\\Pipeline::carry():155}:156}(Object(Illuminate\\Http\\Request))
#54 /Users/minpyaesonenyein/projects/skincollection/vendor/laravel/framework/src/Illuminate/Foundation/Http/Kernel.php(165): Illuminate\\Pipeline\\Pipeline->then(Object(Closure))
#55 /Users/minpyaesonenyein/projects/skincollection/vendor/laravel/framework/src/Illuminate/Foundation/Http/Kernel.php(134): Illuminate\\Foundation\\Http\\Kernel->sendRequestThroughRouter(Object(Illuminate\\Http\\Request))
#56 /Users/minpyaesonenyein/projects/skincollection/public/index.php(51): Illuminate\\Foundation\\Http\\Kernel->handle(Object(Illuminate\\Http\\Request))
#57 /Users/minpyaesonenyein/projects/skincollection/server.php(21): require_once('/Users/minpyaes...')
#58 {main}
"} 
[2025-12-20 08:52:51] local.ERROR: SQLSTATE[42S22]: Column not found: 1054 Unknown column 'w.created_time' in 'field list' (SQL: SELECT w.id, patient.token, patient.first_name, patient.last_name, w.weight, DATE_FORMAT(w.created_time,"%d-%m-%Y") AS created_time FROM weights w LEFT JOIN patients patient on w.patient_id = patient.id ORDER BY w.created_time DESC) {"userId":1,"exception":"[object] (Illuminate\\Database\\QueryException(code: 42S22): SQLSTATE[42S22]: Column not found: 1054 Unknown column 'w.created_time' in 'field list' (SQL: SELECT w.id, patient.token, patient.first_name, patient.last_name, w.weight, DATE_FORMAT(w.created_time,\"%d-%m-%Y\") AS created_time FROM weights w LEFT JOIN patients patient on w.patient_id = patient.id ORDER BY w.created_time DESC) at /Users/minpyaesonenyein/projects/skincollection/vendor/laravel/framework/src/Illuminate/Database/Connection.php:760)
[stacktrace]
#0 /Users/minpyaesonenyein/projects/skincollection/vendor/laravel/framework/src/Illuminate/Database/Connection.php(720): Illuminate\\Database\\Connection->runQueryCallback('SELECT w.id, pa...', Array, Object(Closure))
#1 /Users/minpyaesonenyein/projects/skincollection/vendor/laravel/framework/src/Illuminate/Database/Connection.php(405): Illuminate\\Database\\Connection->run('SELECT w.id, pa...', Array, Object(Closure))
#2 /Users/minpyaesonenyein/projects/skincollection/vendor/laravel/framework/src/Illuminate/Database/DatabaseManager.php(469): Illuminate\\Database\\Connection->select('SELECT w.id, pa...')
#3 /Users/minpyaesonenyein/projects/skincollection/vendor/laravel/framework/src/Illuminate/Support/Facades/Facade.php(338): Illuminate\\Database\\DatabaseManager->__call('select', Array)
#4 /Users/minpyaesonenyein/projects/skincollection/app/Http/Controllers/WeightController.php(33): Illuminate\\Support\\Facades\\Facade::__callStatic('select', Array)
#5 /Users/minpyaesonenyein/projects/skincollection/vendor/laravel/framework/src/Illuminate/Routing/Controller.php(54): App\\Http\\Controllers\\WeightController->index()
#6 /Users/minpyaesonenyein/projects/skincollection/vendor/laravel/framework/src/Illuminate/Routing/ControllerDispatcher.php(43): Illuminate\\Routing\\Controller->callAction('index', Array)
#7 /Users/minpyaesonenyein/projects/skincollection/vendor/laravel/framework/src/Illuminate/Routing/Route.php(259): Illuminate\\Routing\\ControllerDispatcher->dispatch(Object(Illuminate\\Routing\\Route), Object(App\\Http\\Controllers\\WeightController), 'index')
#8 /Users/minpyaesonenyein/projects/skincollection/vendor/laravel/framework/src/Illuminate/Routing/Route.php(205): Illuminate\\Routing\\Route->runController()
#9 /Users/minpyaesonenyein/projects/skincollection/vendor/laravel/framework/src/Illuminate/Routing/Router.php(798): Illuminate\\Routing\\Route->run()
#10 /Users/minpyaesonenyein/projects/skincollection/vendor/laravel/framework/src/Illuminate/Pipeline/Pipeline.php(141): Illuminate\\Routing\\Router->{closure:Illuminate\\Routing\\Router::runRouteWithinStack():797}(Object(Illuminate\\Http\\Request))
#11 /Users/minpyaesonenyein/projects/skincollection/app/Http/Middleware/EnsureClinicContext.php(34): Illuminate\\Pipeline\\Pipeline->{closure:Illuminate\\Pipeline\\Pipeline::prepareDestination():139}(Object(Illuminate\\Http\\Request))
#12 /Users/minpyaesonenyein/projects/skincollection/vendor/laravel/framework/src/Illuminate/Pipeline/Pipeline.php(180): App\\Http\\Middleware\\EnsureClinicContext->handle(Object(Illuminate\\Http\\Request), Object(Closure))
#13 /Users/minpyaesonenyein/projects/skincollection/vendor/laravel/framework/src/Illuminate/Routing/Middleware/SubstituteBindings.php(50): Illuminate\\Pipeline\\Pipeline->{closure:{closure:Illuminate\\Pipeline\\Pipeline::carry():155}:156}(Object(Illuminate\\Http\\Request))
#14 /Users/minpyaesonenyein/projects/skincollection/vendor/laravel/framework/src/Illuminate/Pipeline/Pipeline.php(180): Illuminate\\Routing\\Middleware\\SubstituteBindings->handle(Object(Illuminate\\Http\\Request), Object(Closure))
#15 /Users/minpyaesonenyein/projects/skincollection/vendor/laravel/framework/src/Illuminate/Auth/Middleware/Authenticate.php(44): Illuminate\\Pipeline\\Pipeline->{closure:{closure:Illuminate\\Pipeline\\Pipeline::carry():155}:156}(Object(Illuminate\\Http\\Request))
#16 /Users/minpyaesonenyein/projects/skincollection/vendor/laravel/framework/src/Illuminate/Pipeline/Pipeline.php(180): Illuminate\\Auth\\Middleware\\Authenticate->handle(Object(Illuminate\\Http\\Request), Object(Closure))
#17 /Users/minpyaesonenyein/projects/skincollection/vendor/laravel/framework/src/Illuminate/Foundation/Http/Middleware/VerifyCsrfToken.php(78): Illuminate\\Pipeline\\Pipeline->{closure:{closure:Illuminate\\Pipeline\\Pipeline::carry():155}:156}(Object(Illuminate\\Http\\Request))
#18 /Users/minpyaesonenyein/projects/skincollection/vendor/laravel/framework/src/Illuminate/Pipeline/Pipeline.php(180): Illuminate\\Foundation\\Http\\Middleware\\VerifyCsrfToken->handle(Object(Illuminate\\Http\\Request), Object(Closure))
#19 /Users/minpyaesonenyein/projects/skincollection/vendor/laravel/framework/src/Illuminate/View/Middleware/ShareErrorsFromSession.php(49): Illuminate\\Pipeline\\Pipeline->{closure:{closure:Illuminate\\Pipeline\\Pipeline::carry():155}:156}(Object(Illuminate\\Http\\Request))
#20 /Users/minpyaesonenyein/projects/skincollection/vendor/laravel/framework/src/Illuminate/Pipeline/Pipeline.php(180): Illuminate\\View\\Middleware\\ShareErrorsFromSession->handle(Object(Illuminate\\Http\\Request), Object(Closure))
#21 /Users/minpyaesonenyein/projects/skincollection/vendor/laravel/framework/src/Illuminate/Session/Middleware/StartSession.php(121): Illuminate\\Pipeline\\Pipeline->{closure:{closure:Illuminate\\Pipeline\\Pipeline::carry():155}:156}(Object(Illuminate\\Http\\Request))
#22 /Users/minpyaesonenyein/projects/skincollection/vendor/laravel/framework/src/Illuminate/Session/Middleware/StartSession.php(64): Illuminate\\Session\\Middleware\\StartSession->handleStatefulRequest(Object(Illuminate\\Http\\Request), Object(Illuminate\\Session\\Store), Object(Closure))
#23 /Users/minpyaesonenyein/projects/skincollection/vendor/laravel/framework/src/Illuminate/Pipeline/Pipeline.php(180): Illuminate\\Session\\Middleware\\StartSession->handle(Object(Illuminate\\Http\\Request), Object(Closure))
#24 /Users/minpyaesonenyein/projects/skincollection/vendor/laravel/framework/src/Illuminate/Cookie/Middleware/AddQueuedCookiesToResponse.php(37): Illuminate\\Pipeline\\Pipeline->{closure:{closure:Illuminate\\Pipeline\\Pipeline::carry():155}:156}(Object(Illuminate\\Http\\Request))
#25 /Users/minpyaesonenyein/projects/skincollection/vendor/laravel/framework/src/Illuminate/Pipeline/Pipeline.php(180): Illuminate\\Cookie\\Middleware\\AddQueuedCookiesToResponse->handle(Object(Illuminate\\Http\\Request), Object(Closure))
#26 /Users/minpyaesonenyein/projects/skincollection/vendor/laravel/framework/src/Illuminate/Cookie/Middleware/EncryptCookies.php(67): Illuminate\\Pipeline\\Pipeline->{closure:{closure:Illuminate\\Pipeline\\Pipeline::carry():155}:156}(Object(Illuminate\\Http\\Request))
#27 /Users/minpyaesonenyein/projects/skincollection/vendor/laravel/framework/src/Illuminate/Pipeline/Pipeline.php(180): Illuminate\\Cookie\\Middleware\\EncryptCookies->handle(Object(Illuminate\\Http\\Request), Object(Closure))
#28 /Users/minpyaesonenyein/projects/skincollection/vendor/laravel/framework/src/Illuminate/Pipeline/Pipeline.php(116): Illuminate\\Pipeline\\Pipeline->{closure:{closure:Illuminate\\Pipeline\\Pipeline::carry():155}:156}(Object(Illuminate\\Http\\Request))
#29 /Users/minpyaesonenyein/projects/skincollection/vendor/laravel/framework/src/Illuminate/Routing/Router.php(797): Illuminate\\Pipeline\\Pipeline->then(Object(Closure))
#30 /Users/minpyaesonenyein/projects/skincollection/vendor/laravel/framework/src/Illuminate/Routing/Router.php(776): Illuminate\\Routing\\Router->runRouteWithinStack(Object(Illuminate\\Routing\\Route), Object(Illuminate\\Http\\Request))
#31 /Users/minpyaesonenyein/projects/skincollection/vendor/laravel/framework/src/Illuminate/Routing/Router.php(740): Illuminate\\Routing\\Router->runRoute(Object(Illuminate\\Http\\Request), Object(Illuminate\\Routing\\Route))
#32 /Users/minpyaesonenyein/projects/skincollection/vendor/laravel/framework/src/Illuminate/Routing/Router.php(729): Illuminate\\Routing\\Router->dispatchToRoute(Object(Illuminate\\Http\\Request))
#33 /Users/minpyaesonenyein/projects/skincollection/vendor/laravel/framework/src/Illuminate/Foundation/Http/Kernel.php(190): Illuminate\\Routing\\Router->dispatch(Object(Illuminate\\Http\\Request))
#34 /Users/minpyaesonenyein/projects/skincollection/vendor/laravel/framework/src/Illuminate/Pipeline/Pipeline.php(141): Illuminate\\Foundation\\Http\\Kernel->{closure:Illuminate\\Foundation\\Http\\Kernel::dispatchToRouter():187}(Object(Illuminate\\Http\\Request))
#35 /Users/minpyaesonenyein/projects/skincollection/vendor/livewire/livewire/src/Features/SupportDisablingBackButtonCache/DisableBackButtonCacheMiddleware.php(19): Illuminate\\Pipeline\\Pipeline->{closure:Illuminate\\Pipeline\\Pipeline::prepareDestination():139}(Object(Illuminate\\Http\\Request))
#36 /Users/minpyaesonenyein/projects/skincollection/vendor/laravel/framework/src/Illuminate/Pipeline/Pipeline.php(180): Livewire\\Features\\SupportDisablingBackButtonCache\\DisableBackButtonCacheMiddleware->handle(Object(Illuminate\\Http\\Request), Object(Closure))
#37 /Users/minpyaesonenyein/projects/skincollection/vendor/laravel/framework/src/Illuminate/Foundation/Http/Middleware/TransformsRequest.php(21): Illuminate\\Pipeline\\Pipeline->{closure:{closure:Illuminate\\Pipeline\\Pipeline::carry():155}:156}(Object(Illuminate\\Http\\Request))
#38 /Users/minpyaesonenyein/projects/skincollection/vendor/laravel/framework/src/Illuminate/Foundation/Http/Middleware/ConvertEmptyStringsToNull.php(31): Illuminate\\Foundation\\Http\\Middleware\\TransformsRequest->handle(Object(Illuminate\\Http\\Request), Object(Closure))
#39 /Users/minpyaesonenyein/projects/skincollection/vendor/laravel/framework/src/Illuminate/Pipeline/Pipeline.php(180): Illuminate\\Foundation\\Http\\Middleware\\ConvertEmptyStringsToNull->handle(Object(Illuminate\\Http\\Request), Object(Closure))
#40 /Users/minpyaesonenyein/projects/skincollection/vendor/laravel/framework/src/Illuminate/Foundation/Http/Middleware/TransformsRequest.php(21): Illuminate\\Pipeline\\Pipeline->{closure:{closure:Illuminate\\Pipeline\\Pipeline::carry():155}:156}(Object(Illuminate\\Http\\Request))
#41 /Users/minpyaesonenyein/projects/skincollection/vendor/laravel/framework/src/Illuminate/Foundation/Http/Middleware/TrimStrings.php(40): Illuminate\\Foundation\\Http\\Middleware\\TransformsRequest->handle(Object(Illuminate\\Http\\Request), Object(Closure))
#42 /Users/minpyaesonenyein/projects/skincollection/vendor/laravel/framework/src/Illuminate/Pipeline/Pipeline.php(180): Illuminate\\Foundation\\Http\\Middleware\\TrimStrings->handle(Object(Illuminate\\Http\\Request), Object(Closure))
#43 /Users/minpyaesonenyein/projects/skincollection/vendor/laravel/framework/src/Illuminate/Foundation/Http/Middleware/ValidatePostSize.php(27): Illuminate\\Pipeline\\Pipeline->{closure:{closure:Illuminate\\Pipeline\\Pipeline::carry():155}:156}(Object(Illuminate\\Http\\Request))
#44 /Users/minpyaesonenyein/projects/skincollection/vendor/laravel/framework/src/Illuminate/Pipeline/Pipeline.php(180): Illuminate\\Foundation\\Http\\Middleware\\ValidatePostSize->handle(Object(Illuminate\\Http\\Request), Object(Closure))
#45 /Users/minpyaesonenyein/projects/skincollection/vendor/laravel/framework/src/Illuminate/Foundation/Http/Middleware/PreventRequestsDuringMaintenance.php(86): Illuminate\\Pipeline\\Pipeline->{closure:{closure:Illuminate\\Pipeline\\Pipeline::carry():155}:156}(Object(Illuminate\\Http\\Request))
#46 /Users/minpyaesonenyein/projects/skincollection/vendor/laravel/framework/src/Illuminate/Pipeline/Pipeline.php(180): Illuminate\\Foundation\\Http\\Middleware\\PreventRequestsDuringMaintenance->handle(Object(Illuminate\\Http\\Request), Object(Closure))
#47 /Users/minpyaesonenyein/projects/skincollection/vendor/fruitcake/laravel-cors/src/HandleCors.php(38): Illuminate\\Pipeline\\Pipeline->{closure:{closure:Illuminate\\Pipeline\\Pipeline::carry():155}:156}(Object(Illuminate\\Http\\Request))
#48 /Users/minpyaesonenyein/projects/skincollection/vendor/laravel/framework/src/Illuminate/Pipeline/Pipeline.php(180): Fruitcake\\Cors\\HandleCors->handle(Object(Illuminate\\Http\\Request), Object(Closure))
#49 /Users/minpyaesonenyein/projects/skincollection/vendor/laravel/framework/src/Illuminate/Http/Middleware/TrustProxies.php(39): Illuminate\\Pipeline\\Pipeline->{closure:{closure:Illuminate\\Pipeline\\Pipeline::carry():155}:156}(Object(Illuminate\\Http\\Request))
#50 /Users/minpyaesonenyein/projects/skincollection/vendor/laravel/framework/src/Illuminate/Pipeline/Pipeline.php(180): Illuminate\\Http\\Middleware\\TrustProxies->handle(Object(Illuminate\\Http\\Request), Object(Closure))
#51 /Users/minpyaesonenyein/projects/skincollection/vendor/laravel/framework/src/Illuminate/Pipeline/Pipeline.php(116): Illuminate\\Pipeline\\Pipeline->{closure:{closure:Illuminate\\Pipeline\\Pipeline::carry():155}:156}(Object(Illuminate\\Http\\Request))
#52 /Users/minpyaesonenyein/projects/skincollection/vendor/laravel/framework/src/Illuminate/Foundation/Http/Kernel.php(165): Illuminate\\Pipeline\\Pipeline->then(Object(Closure))
#53 /Users/minpyaesonenyein/projects/skincollection/vendor/laravel/framework/src/Illuminate/Foundation/Http/Kernel.php(134): Illuminate\\Foundation\\Http\\Kernel->sendRequestThroughRouter(Object(Illuminate\\Http\\Request))
#54 /Users/minpyaesonenyein/projects/skincollection/public/index.php(51): Illuminate\\Foundation\\Http\\Kernel->handle(Object(Illuminate\\Http\\Request))
#55 /Users/minpyaesonenyein/projects/skincollection/server.php(21): require_once('/Users/minpyaes...')
#56 {main}

[previous exception] [object] (PDOException(code: 42S22): SQLSTATE[42S22]: Column not found: 1054 Unknown column 'w.created_time' in 'field list' at /Users/minpyaesonenyein/projects/skincollection/vendor/laravel/framework/src/Illuminate/Database/Connection.php:414)
[stacktrace]
#0 /Users/minpyaesonenyein/projects/skincollection/vendor/laravel/framework/src/Illuminate/Database/Connection.php(414): PDO->prepare('SELECT w.id, pa...')
#1 /Users/minpyaesonenyein/projects/skincollection/vendor/laravel/framework/src/Illuminate/Database/Connection.php(753): Illuminate\\Database\\Connection->{closure:Illuminate\\Database\\Connection::select():405}('SELECT w.id, pa...', Array)
#2 /Users/minpyaesonenyein/projects/skincollection/vendor/laravel/framework/src/Illuminate/Database/Connection.php(720): Illuminate\\Database\\Connection->runQueryCallback('SELECT w.id, pa...', Array, Object(Closure))
#3 /Users/minpyaesonenyein/projects/skincollection/vendor/laravel/framework/src/Illuminate/Database/Connection.php(405): Illuminate\\Database\\Connection->run('SELECT w.id, pa...', Array, Object(Closure))
#4 /Users/minpyaesonenyein/projects/skincollection/vendor/laravel/framework/src/Illuminate/Database/DatabaseManager.php(469): Illuminate\\Database\\Connection->select('SELECT w.id, pa...')
#5 /Users/minpyaesonenyein/projects/skincollection/vendor/laravel/framework/src/Illuminate/Support/Facades/Facade.php(338): Illuminate\\Database\\DatabaseManager->__call('select', Array)
#6 /Users/minpyaesonenyein/projects/skincollection/app/Http/Controllers/WeightController.php(33): Illuminate\\Support\\Facades\\Facade::__callStatic('select', Array)
#7 /Users/minpyaesonenyein/projects/skincollection/vendor/laravel/framework/src/Illuminate/Routing/Controller.php(54): App\\Http\\Controllers\\WeightController->index()
#8 /Users/minpyaesonenyein/projects/skincollection/vendor/laravel/framework/src/Illuminate/Routing/ControllerDispatcher.php(43): Illuminate\\Routing\\Controller->callAction('index', Array)
#9 /Users/minpyaesonenyein/projects/skincollection/vendor/laravel/framework/src/Illuminate/Routing/Route.php(259): Illuminate\\Routing\\ControllerDispatcher->dispatch(Object(Illuminate\\Routing\\Route), Object(App\\Http\\Controllers\\WeightController), 'index')
#10 /Users/minpyaesonenyein/projects/skincollection/vendor/laravel/framework/src/Illuminate/Routing/Route.php(205): Illuminate\\Routing\\Route->runController()
#11 /Users/minpyaesonenyein/projects/skincollection/vendor/laravel/framework/src/Illuminate/Routing/Router.php(798): Illuminate\\Routing\\Route->run()
#12 /Users/minpyaesonenyein/projects/skincollection/vendor/laravel/framework/src/Illuminate/Pipeline/Pipeline.php(141): Illuminate\\Routing\\Router->{closure:Illuminate\\Routing\\Router::runRouteWithinStack():797}(Object(Illuminate\\Http\\Request))
#13 /Users/minpyaesonenyein/projects/skincollection/app/Http/Middleware/EnsureClinicContext.php(34): Illuminate\\Pipeline\\Pipeline->{closure:Illuminate\\Pipeline\\Pipeline::prepareDestination():139}(Object(Illuminate\\Http\\Request))
#14 /Users/minpyaesonenyein/projects/skincollection/vendor/laravel/framework/src/Illuminate/Pipeline/Pipeline.php(180): App\\Http\\Middleware\\EnsureClinicContext->handle(Object(Illuminate\\Http\\Request), Object(Closure))
#15 /Users/minpyaesonenyein/projects/skincollection/vendor/laravel/framework/src/Illuminate/Routing/Middleware/SubstituteBindings.php(50): Illuminate\\Pipeline\\Pipeline->{closure:{closure:Illuminate\\Pipeline\\Pipeline::carry():155}:156}(Object(Illuminate\\Http\\Request))
#16 /Users/minpyaesonenyein/projects/skincollection/vendor/laravel/framework/src/Illuminate/Pipeline/Pipeline.php(180): Illuminate\\Routing\\Middleware\\SubstituteBindings->handle(Object(Illuminate\\Http\\Request), Object(Closure))
#17 /Users/minpyaesonenyein/projects/skincollection/vendor/laravel/framework/src/Illuminate/Auth/Middleware/Authenticate.php(44): Illuminate\\Pipeline\\Pipeline->{closure:{closure:Illuminate\\Pipeline\\Pipeline::carry():155}:156}(Object(Illuminate\\Http\\Request))
#18 /Users/minpyaesonenyein/projects/skincollection/vendor/laravel/framework/src/Illuminate/Pipeline/Pipeline.php(180): Illuminate\\Auth\\Middleware\\Authenticate->handle(Object(Illuminate\\Http\\Request), Object(Closure))
#19 /Users/minpyaesonenyein/projects/skincollection/vendor/laravel/framework/src/Illuminate/Foundation/Http/Middleware/VerifyCsrfToken.php(78): Illuminate\\Pipeline\\Pipeline->{closure:{closure:Illuminate\\Pipeline\\Pipeline::carry():155}:156}(Object(Illuminate\\Http\\Request))
#20 /Users/minpyaesonenyein/projects/skincollection/vendor/laravel/framework/src/Illuminate/Pipeline/Pipeline.php(180): Illuminate\\Foundation\\Http\\Middleware\\VerifyCsrfToken->handle(Object(Illuminate\\Http\\Request), Object(Closure))
#21 /Users/minpyaesonenyein/projects/skincollection/vendor/laravel/framework/src/Illuminate/View/Middleware/ShareErrorsFromSession.php(49): Illuminate\\Pipeline\\Pipeline->{closure:{closure:Illuminate\\Pipeline\\Pipeline::carry():155}:156}(Object(Illuminate\\Http\\Request))
#22 /Users/minpyaesonenyein/projects/skincollection/vendor/laravel/framework/src/Illuminate/Pipeline/Pipeline.php(180): Illuminate\\View\\Middleware\\ShareErrorsFromSession->handle(Object(Illuminate\\Http\\Request), Object(Closure))
#23 /Users/minpyaesonenyein/projects/skincollection/vendor/laravel/framework/src/Illuminate/Session/Middleware/StartSession.php(121): Illuminate\\Pipeline\\Pipeline->{closure:{closure:Illuminate\\Pipeline\\Pipeline::carry():155}:156}(Object(Illuminate\\Http\\Request))
#24 /Users/minpyaesonenyein/projects/skincollection/vendor/laravel/framework/src/Illuminate/Session/Middleware/StartSession.php(64): Illuminate\\Session\\Middleware\\StartSession->handleStatefulRequest(Object(Illuminate\\Http\\Request), Object(Illuminate\\Session\\Store), Object(Closure))
#25 /Users/minpyaesonenyein/projects/skincollection/vendor/laravel/framework/src/Illuminate/Pipeline/Pipeline.php(180): Illuminate\\Session\\Middleware\\StartSession->handle(Object(Illuminate\\Http\\Request), Object(Closure))
#26 /Users/minpyaesonenyein/projects/skincollection/vendor/laravel/framework/src/Illuminate/Cookie/Middleware/AddQueuedCookiesToResponse.php(37): Illuminate\\Pipeline\\Pipeline->{closure:{closure:Illuminate\\Pipeline\\Pipeline::carry():155}:156}(Object(Illuminate\\Http\\Request))
#27 /Users/minpyaesonenyein/projects/skincollection/vendor/laravel/framework/src/Illuminate/Pipeline/Pipeline.php(180): Illuminate\\Cookie\\Middleware\\AddQueuedCookiesToResponse->handle(Object(Illuminate\\Http\\Request), Object(Closure))
#28 /Users/minpyaesonenyein/projects/skincollection/vendor/laravel/framework/src/Illuminate/Cookie/Middleware/EncryptCookies.php(67): Illuminate\\Pipeline\\Pipeline->{closure:{closure:Illuminate\\Pipeline\\Pipeline::carry():155}:156}(Object(Illuminate\\Http\\Request))
#29 /Users/minpyaesonenyein/projects/skincollection/vendor/laravel/framework/src/Illuminate/Pipeline/Pipeline.php(180): Illuminate\\Cookie\\Middleware\\EncryptCookies->handle(Object(Illuminate\\Http\\Request), Object(Closure))
#30 /Users/minpyaesonenyein/projects/skincollection/vendor/laravel/framework/src/Illuminate/Pipeline/Pipeline.php(116): Illuminate\\Pipeline\\Pipeline->{closure:{closure:Illuminate\\Pipeline\\Pipeline::carry():155}:156}(Object(Illuminate\\Http\\Request))
#31 /Users/minpyaesonenyein/projects/skincollection/vendor/laravel/framework/src/Illuminate/Routing/Router.php(797): Illuminate\\Pipeline\\Pipeline->then(Object(Closure))
#32 /Users/minpyaesonenyein/projects/skincollection/vendor/laravel/framework/src/Illuminate/Routing/Router.php(776): Illuminate\\Routing\\Router->runRouteWithinStack(Object(Illuminate\\Routing\\Route), Object(Illuminate\\Http\\Request))
#33 /Users/minpyaesonenyein/projects/skincollection/vendor/laravel/framework/src/Illuminate/Routing/Router.php(740): Illuminate\\Routing\\Router->runRoute(Object(Illuminate\\Http\\Request), Object(Illuminate\\Routing\\Route))
#34 /Users/minpyaesonenyein/projects/skincollection/vendor/laravel/framework/src/Illuminate/Routing/Router.php(729): Illuminate\\Routing\\Router->dispatchToRoute(Object(Illuminate\\Http\\Request))
#35 /Users/minpyaesonenyein/projects/skincollection/vendor/laravel/framework/src/Illuminate/Foundation/Http/Kernel.php(190): Illuminate\\Routing\\Router->dispatch(Object(Illuminate\\Http\\Request))
#36 /Users/minpyaesonenyein/projects/skincollection/vendor/laravel/framework/src/Illuminate/Pipeline/Pipeline.php(141): Illuminate\\Foundation\\Http\\Kernel->{closure:Illuminate\\Foundation\\Http\\Kernel::dispatchToRouter():187}(Object(Illuminate\\Http\\Request))
#37 /Users/minpyaesonenyein/projects/skincollection/vendor/livewire/livewire/src/Features/SupportDisablingBackButtonCache/DisableBackButtonCacheMiddleware.php(19): Illuminate\\Pipeline\\Pipeline->{closure:Illuminate\\Pipeline\\Pipeline::prepareDestination():139}(Object(Illuminate\\Http\\Request))
#38 /Users/minpyaesonenyein/projects/skincollection/vendor/laravel/framework/src/Illuminate/Pipeline/Pipeline.php(180): Livewire\\Features\\SupportDisablingBackButtonCache\\DisableBackButtonCacheMiddleware->handle(Object(Illuminate\\Http\\Request), Object(Closure))
#39 /Users/minpyaesonenyein/projects/skincollection/vendor/laravel/framework/src/Illuminate/Foundation/Http/Middleware/TransformsRequest.php(21): Illuminate\\Pipeline\\Pipeline->{closure:{closure:Illuminate\\Pipeline\\Pipeline::carry():155}:156}(Object(Illuminate\\Http\\Request))
#40 /Users/minpyaesonenyein/projects/skincollection/vendor/laravel/framework/src/Illuminate/Foundation/Http/Middleware/ConvertEmptyStringsToNull.php(31): Illuminate\\Foundation\\Http\\Middleware\\TransformsRequest->handle(Object(Illuminate\\Http\\Request), Object(Closure))
#41 /Users/minpyaesonenyein/projects/skincollection/vendor/laravel/framework/src/Illuminate/Pipeline/Pipeline.php(180): Illuminate\\Foundation\\Http\\Middleware\\ConvertEmptyStringsToNull->handle(Object(Illuminate\\Http\\Request), Object(Closure))
#42 /Users/minpyaesonenyein/projects/skincollection/vendor/laravel/framework/src/Illuminate/Foundation/Http/Middleware/TransformsRequest.php(21): Illuminate\\Pipeline\\Pipeline->{closure:{closure:Illuminate\\Pipeline\\Pipeline::carry():155}:156}(Object(Illuminate\\Http\\Request))
#43 /Users/minpyaesonenyein/projects/skincollection/vendor/laravel/framework/src/Illuminate/Foundation/Http/Middleware/TrimStrings.php(40): Illuminate\\Foundation\\Http\\Middleware\\TransformsRequest->handle(Object(Illuminate\\Http\\Request), Object(Closure))
#44 /Users/minpyaesonenyein/projects/skincollection/vendor/laravel/framework/src/Illuminate/Pipeline/Pipeline.php(180): Illuminate\\Foundation\\Http\\Middleware\\TrimStrings->handle(Object(Illuminate\\Http\\Request), Object(Closure))
#45 /Users/minpyaesonenyein/projects/skincollection/vendor/laravel/framework/src/Illuminate/Foundation/Http/Middleware/ValidatePostSize.php(27): Illuminate\\Pipeline\\Pipeline->{closure:{closure:Illuminate\\Pipeline\\Pipeline::carry():155}:156}(Object(Illuminate\\Http\\Request))
#46 /Users/minpyaesonenyein/projects/skincollection/vendor/laravel/framework/src/Illuminate/Pipeline/Pipeline.php(180): Illuminate\\Foundation\\Http\\Middleware\\ValidatePostSize->handle(Object(Illuminate\\Http\\Request), Object(Closure))
#47 /Users/minpyaesonenyein/projects/skincollection/vendor/laravel/framework/src/Illuminate/Foundation/Http/Middleware/PreventRequestsDuringMaintenance.php(86): Illuminate\\Pipeline\\Pipeline->{closure:{closure:Illuminate\\Pipeline\\Pipeline::carry():155}:156}(Object(Illuminate\\Http\\Request))
#48 /Users/minpyaesonenyein/projects/skincollection/vendor/laravel/framework/src/Illuminate/Pipeline/Pipeline.php(180): Illuminate\\Foundation\\Http\\Middleware\\PreventRequestsDuringMaintenance->handle(Object(Illuminate\\Http\\Request), Object(Closure))
#49 /Users/minpyaesonenyein/projects/skincollection/vendor/fruitcake/laravel-cors/src/HandleCors.php(38): Illuminate\\Pipeline\\Pipeline->{closure:{closure:Illuminate\\Pipeline\\Pipeline::carry():155}:156}(Object(Illuminate\\Http\\Request))
#50 /Users/minpyaesonenyein/projects/skincollection/vendor/laravel/framework/src/Illuminate/Pipeline/Pipeline.php(180): Fruitcake\\Cors\\HandleCors->handle(Object(Illuminate\\Http\\Request), Object(Closure))
#51 /Users/minpyaesonenyein/projects/skincollection/vendor/laravel/framework/src/Illuminate/Http/Middleware/TrustProxies.php(39): Illuminate\\Pipeline\\Pipeline->{closure:{closure:Illuminate\\Pipeline\\Pipeline::carry():155}:156}(Object(Illuminate\\Http\\Request))
#52 /Users/minpyaesonenyein/projects/skincollection/vendor/laravel/framework/src/Illuminate/Pipeline/Pipeline.php(180): Illuminate\\Http\\Middleware\\TrustProxies->handle(Object(Illuminate\\Http\\Request), Object(Closure))
#53 /Users/minpyaesonenyein/projects/skincollection/vendor/laravel/framework/src/Illuminate/Pipeline/Pipeline.php(116): Illuminate\\Pipeline\\Pipeline->{closure:{closure:Illuminate\\Pipeline\\Pipeline::carry():155}:156}(Object(Illuminate\\Http\\Request))
#54 /Users/minpyaesonenyein/projects/skincollection/vendor/laravel/framework/src/Illuminate/Foundation/Http/Kernel.php(165): Illuminate\\Pipeline\\Pipeline->then(Object(Closure))
#55 /Users/minpyaesonenyein/projects/skincollection/vendor/laravel/framework/src/Illuminate/Foundation/Http/Kernel.php(134): Illuminate\\Foundation\\Http\\Kernel->sendRequestThroughRouter(Object(Illuminate\\Http\\Request))
#56 /Users/minpyaesonenyein/projects/skincollection/public/index.php(51): Illuminate\\Foundation\\Http\\Kernel->handle(Object(Illuminate\\Http\\Request))
#57 /Users/minpyaesonenyein/projects/skincollection/server.php(21): require_once('/Users/minpyaes...')
#58 {main}
"} 
[2025-12-20 08:54:06] local.ERROR: SQLSTATE[42S22]: Column not found: 1054 Unknown column 'w.created_time' in 'field list' (SQL: SELECT w.id, patient.token, patient.first_name, patient.last_name, w.weight, DATE_FORMAT(w.created_time,"%d-%m-%Y") AS created_time FROM weights w LEFT JOIN patients patient on w.patient_id = patient.id ORDER BY w.created_time DESC) {"userId":1,"exception":"[object] (Illuminate\\Database\\QueryException(code: 42S22): SQLSTATE[42S22]: Column not found: 1054 Unknown column 'w.created_time' in 'field list' (SQL: SELECT w.id, patient.token, patient.first_name, patient.last_name, w.weight, DATE_FORMAT(w.created_time,\"%d-%m-%Y\") AS created_time FROM weights w LEFT JOIN patients patient on w.patient_id = patient.id ORDER BY w.created_time DESC) at /Users/minpyaesonenyein/projects/skincollection/vendor/laravel/framework/src/Illuminate/Database/Connection.php:760)
[stacktrace]
#0 /Users/minpyaesonenyein/projects/skincollection/vendor/laravel/framework/src/Illuminate/Database/Connection.php(720): Illuminate\\Database\\Connection->runQueryCallback('SELECT w.id, pa...', Array, Object(Closure))
#1 /Users/minpyaesonenyein/projects/skincollection/vendor/laravel/framework/src/Illuminate/Database/Connection.php(405): Illuminate\\Database\\Connection->run('SELECT w.id, pa...', Array, Object(Closure))
#2 /Users/minpyaesonenyein/projects/skincollection/vendor/laravel/framework/src/Illuminate/Database/DatabaseManager.php(469): Illuminate\\Database\\Connection->select('SELECT w.id, pa...')
#3 /Users/minpyaesonenyein/projects/skincollection/vendor/laravel/framework/src/Illuminate/Support/Facades/Facade.php(338): Illuminate\\Database\\DatabaseManager->__call('select', Array)
#4 /Users/minpyaesonenyein/projects/skincollection/app/Http/Controllers/WeightController.php(33): Illuminate\\Support\\Facades\\Facade::__callStatic('select', Array)
#5 /Users/minpyaesonenyein/projects/skincollection/vendor/laravel/framework/src/Illuminate/Routing/Controller.php(54): App\\Http\\Controllers\\WeightController->index()
#6 /Users/minpyaesonenyein/projects/skincollection/vendor/laravel/framework/src/Illuminate/Routing/ControllerDispatcher.php(43): Illuminate\\Routing\\Controller->callAction('index', Array)
#7 /Users/minpyaesonenyein/projects/skincollection/vendor/laravel/framework/src/Illuminate/Routing/Route.php(259): Illuminate\\Routing\\ControllerDispatcher->dispatch(Object(Illuminate\\Routing\\Route), Object(App\\Http\\Controllers\\WeightController), 'index')
#8 /Users/minpyaesonenyein/projects/skincollection/vendor/laravel/framework/src/Illuminate/Routing/Route.php(205): Illuminate\\Routing\\Route->runController()
#9 /Users/minpyaesonenyein/projects/skincollection/vendor/laravel/framework/src/Illuminate/Routing/Router.php(798): Illuminate\\Routing\\Route->run()
#10 /Users/minpyaesonenyein/projects/skincollection/vendor/laravel/framework/src/Illuminate/Pipeline/Pipeline.php(141): Illuminate\\Routing\\Router->{closure:Illuminate\\Routing\\Router::runRouteWithinStack():797}(Object(Illuminate\\Http\\Request))
#11 /Users/minpyaesonenyein/projects/skincollection/app/Http/Middleware/EnsureClinicContext.php(34): Illuminate\\Pipeline\\Pipeline->{closure:Illuminate\\Pipeline\\Pipeline::prepareDestination():139}(Object(Illuminate\\Http\\Request))
#12 /Users/minpyaesonenyein/projects/skincollection/vendor/laravel/framework/src/Illuminate/Pipeline/Pipeline.php(180): App\\Http\\Middleware\\EnsureClinicContext->handle(Object(Illuminate\\Http\\Request), Object(Closure))
#13 /Users/minpyaesonenyein/projects/skincollection/vendor/laravel/framework/src/Illuminate/Routing/Middleware/SubstituteBindings.php(50): Illuminate\\Pipeline\\Pipeline->{closure:{closure:Illuminate\\Pipeline\\Pipeline::carry():155}:156}(Object(Illuminate\\Http\\Request))
#14 /Users/minpyaesonenyein/projects/skincollection/vendor/laravel/framework/src/Illuminate/Pipeline/Pipeline.php(180): Illuminate\\Routing\\Middleware\\SubstituteBindings->handle(Object(Illuminate\\Http\\Request), Object(Closure))
#15 /Users/minpyaesonenyein/projects/skincollection/vendor/laravel/framework/src/Illuminate/Auth/Middleware/Authenticate.php(44): Illuminate\\Pipeline\\Pipeline->{closure:{closure:Illuminate\\Pipeline\\Pipeline::carry():155}:156}(Object(Illuminate\\Http\\Request))
#16 /Users/minpyaesonenyein/projects/skincollection/vendor/laravel/framework/src/Illuminate/Pipeline/Pipeline.php(180): Illuminate\\Auth\\Middleware\\Authenticate->handle(Object(Illuminate\\Http\\Request), Object(Closure))
#17 /Users/minpyaesonenyein/projects/skincollection/vendor/laravel/framework/src/Illuminate/Foundation/Http/Middleware/VerifyCsrfToken.php(78): Illuminate\\Pipeline\\Pipeline->{closure:{closure:Illuminate\\Pipeline\\Pipeline::carry():155}:156}(Object(Illuminate\\Http\\Request))
#18 /Users/minpyaesonenyein/projects/skincollection/vendor/laravel/framework/src/Illuminate/Pipeline/Pipeline.php(180): Illuminate\\Foundation\\Http\\Middleware\\VerifyCsrfToken->handle(Object(Illuminate\\Http\\Request), Object(Closure))
#19 /Users/minpyaesonenyein/projects/skincollection/vendor/laravel/framework/src/Illuminate/View/Middleware/ShareErrorsFromSession.php(49): Illuminate\\Pipeline\\Pipeline->{closure:{closure:Illuminate\\Pipeline\\Pipeline::carry():155}:156}(Object(Illuminate\\Http\\Request))
#20 /Users/minpyaesonenyein/projects/skincollection/vendor/laravel/framework/src/Illuminate/Pipeline/Pipeline.php(180): Illuminate\\View\\Middleware\\ShareErrorsFromSession->handle(Object(Illuminate\\Http\\Request), Object(Closure))
#21 /Users/minpyaesonenyein/projects/skincollection/vendor/laravel/framework/src/Illuminate/Session/Middleware/StartSession.php(121): Illuminate\\Pipeline\\Pipeline->{closure:{closure:Illuminate\\Pipeline\\Pipeline::carry():155}:156}(Object(Illuminate\\Http\\Request))
#22 /Users/minpyaesonenyein/projects/skincollection/vendor/laravel/framework/src/Illuminate/Session/Middleware/StartSession.php(64): Illuminate\\Session\\Middleware\\StartSession->handleStatefulRequest(Object(Illuminate\\Http\\Request), Object(Illuminate\\Session\\Store), Object(Closure))
#23 /Users/minpyaesonenyein/projects/skincollection/vendor/laravel/framework/src/Illuminate/Pipeline/Pipeline.php(180): Illuminate\\Session\\Middleware\\StartSession->handle(Object(Illuminate\\Http\\Request), Object(Closure))
#24 /Users/minpyaesonenyein/projects/skincollection/vendor/laravel/framework/src/Illuminate/Cookie/Middleware/AddQueuedCookiesToResponse.php(37): Illuminate\\Pipeline\\Pipeline->{closure:{closure:Illuminate\\Pipeline\\Pipeline::carry():155}:156}(Object(Illuminate\\Http\\Request))
#25 /Users/minpyaesonenyein/projects/skincollection/vendor/laravel/framework/src/Illuminate/Pipeline/Pipeline.php(180): Illuminate\\Cookie\\Middleware\\AddQueuedCookiesToResponse->handle(Object(Illuminate\\Http\\Request), Object(Closure))
#26 /Users/minpyaesonenyein/projects/skincollection/vendor/laravel/framework/src/Illuminate/Cookie/Middleware/EncryptCookies.php(67): Illuminate\\Pipeline\\Pipeline->{closure:{closure:Illuminate\\Pipeline\\Pipeline::carry():155}:156}(Object(Illuminate\\Http\\Request))
#27 /Users/minpyaesonenyein/projects/skincollection/vendor/laravel/framework/src/Illuminate/Pipeline/Pipeline.php(180): Illuminate\\Cookie\\Middleware\\EncryptCookies->handle(Object(Illuminate\\Http\\Request), Object(Closure))
#28 /Users/minpyaesonenyein/projects/skincollection/vendor/laravel/framework/src/Illuminate/Pipeline/Pipeline.php(116): Illuminate\\Pipeline\\Pipeline->{closure:{closure:Illuminate\\Pipeline\\Pipeline::carry():155}:156}(Object(Illuminate\\Http\\Request))
#29 /Users/minpyaesonenyein/projects/skincollection/vendor/laravel/framework/src/Illuminate/Routing/Router.php(797): Illuminate\\Pipeline\\Pipeline->then(Object(Closure))
#30 /Users/minpyaesonenyein/projects/skincollection/vendor/laravel/framework/src/Illuminate/Routing/Router.php(776): Illuminate\\Routing\\Router->runRouteWithinStack(Object(Illuminate\\Routing\\Route), Object(Illuminate\\Http\\Request))
#31 /Users/minpyaesonenyein/projects/skincollection/vendor/laravel/framework/src/Illuminate/Routing/Router.php(740): Illuminate\\Routing\\Router->runRoute(Object(Illuminate\\Http\\Request), Object(Illuminate\\Routing\\Route))
#32 /Users/minpyaesonenyein/projects/skincollection/vendor/laravel/framework/src/Illuminate/Routing/Router.php(729): Illuminate\\Routing\\Router->dispatchToRoute(Object(Illuminate\\Http\\Request))
#33 /Users/minpyaesonenyein/projects/skincollection/vendor/laravel/framework/src/Illuminate/Foundation/Http/Kernel.php(190): Illuminate\\Routing\\Router->dispatch(Object(Illuminate\\Http\\Request))
#34 /Users/minpyaesonenyein/projects/skincollection/vendor/laravel/framework/src/Illuminate/Pipeline/Pipeline.php(141): Illuminate\\Foundation\\Http\\Kernel->{closure:Illuminate\\Foundation\\Http\\Kernel::dispatchToRouter():187}(Object(Illuminate\\Http\\Request))
#35 /Users/minpyaesonenyein/projects/skincollection/vendor/livewire/livewire/src/Features/SupportDisablingBackButtonCache/DisableBackButtonCacheMiddleware.php(19): Illuminate\\Pipeline\\Pipeline->{closure:Illuminate\\Pipeline\\Pipeline::prepareDestination():139}(Object(Illuminate\\Http\\Request))
#36 /Users/minpyaesonenyein/projects/skincollection/vendor/laravel/framework/src/Illuminate/Pipeline/Pipeline.php(180): Livewire\\Features\\SupportDisablingBackButtonCache\\DisableBackButtonCacheMiddleware->handle(Object(Illuminate\\Http\\Request), Object(Closure))
#37 /Users/minpyaesonenyein/projects/skincollection/vendor/laravel/framework/src/Illuminate/Foundation/Http/Middleware/TransformsRequest.php(21): Illuminate\\Pipeline\\Pipeline->{closure:{closure:Illuminate\\Pipeline\\Pipeline::carry():155}:156}(Object(Illuminate\\Http\\Request))
#38 /Users/minpyaesonenyein/projects/skincollection/vendor/laravel/framework/src/Illuminate/Foundation/Http/Middleware/ConvertEmptyStringsToNull.php(31): Illuminate\\Foundation\\Http\\Middleware\\TransformsRequest->handle(Object(Illuminate\\Http\\Request), Object(Closure))
#39 /Users/minpyaesonenyein/projects/skincollection/vendor/laravel/framework/src/Illuminate/Pipeline/Pipeline.php(180): Illuminate\\Foundation\\Http\\Middleware\\ConvertEmptyStringsToNull->handle(Object(Illuminate\\Http\\Request), Object(Closure))
#40 /Users/minpyaesonenyein/projects/skincollection/vendor/laravel/framework/src/Illuminate/Foundation/Http/Middleware/TransformsRequest.php(21): Illuminate\\Pipeline\\Pipeline->{closure:{closure:Illuminate\\Pipeline\\Pipeline::carry():155}:156}(Object(Illuminate\\Http\\Request))
#41 /Users/minpyaesonenyein/projects/skincollection/vendor/laravel/framework/src/Illuminate/Foundation/Http/Middleware/TrimStrings.php(40): Illuminate\\Foundation\\Http\\Middleware\\TransformsRequest->handle(Object(Illuminate\\Http\\Request), Object(Closure))
#42 /Users/minpyaesonenyein/projects/skincollection/vendor/laravel/framework/src/Illuminate/Pipeline/Pipeline.php(180): Illuminate\\Foundation\\Http\\Middleware\\TrimStrings->handle(Object(Illuminate\\Http\\Request), Object(Closure))
#43 /Users/minpyaesonenyein/projects/skincollection/vendor/laravel/framework/src/Illuminate/Foundation/Http/Middleware/ValidatePostSize.php(27): Illuminate\\Pipeline\\Pipeline->{closure:{closure:Illuminate\\Pipeline\\Pipeline::carry():155}:156}(Object(Illuminate\\Http\\Request))
#44 /Users/minpyaesonenyein/projects/skincollection/vendor/laravel/framework/src/Illuminate/Pipeline/Pipeline.php(180): Illuminate\\Foundation\\Http\\Middleware\\ValidatePostSize->handle(Object(Illuminate\\Http\\Request), Object(Closure))
#45 /Users/minpyaesonenyein/projects/skincollection/vendor/laravel/framework/src/Illuminate/Foundation/Http/Middleware/PreventRequestsDuringMaintenance.php(86): Illuminate\\Pipeline\\Pipeline->{closure:{closure:Illuminate\\Pipeline\\Pipeline::carry():155}:156}(Object(Illuminate\\Http\\Request))
#46 /Users/minpyaesonenyein/projects/skincollection/vendor/laravel/framework/src/Illuminate/Pipeline/Pipeline.php(180): Illuminate\\Foundation\\Http\\Middleware\\PreventRequestsDuringMaintenance->handle(Object(Illuminate\\Http\\Request), Object(Closure))
#47 /Users/minpyaesonenyein/projects/skincollection/vendor/fruitcake/laravel-cors/src/HandleCors.php(38): Illuminate\\Pipeline\\Pipeline->{closure:{closure:Illuminate\\Pipeline\\Pipeline::carry():155}:156}(Object(Illuminate\\Http\\Request))
#48 /Users/minpyaesonenyein/projects/skincollection/vendor/laravel/framework/src/Illuminate/Pipeline/Pipeline.php(180): Fruitcake\\Cors\\HandleCors->handle(Object(Illuminate\\Http\\Request), Object(Closure))
#49 /Users/minpyaesonenyein/projects/skincollection/vendor/laravel/framework/src/Illuminate/Http/Middleware/TrustProxies.php(39): Illuminate\\Pipeline\\Pipeline->{closure:{closure:Illuminate\\Pipeline\\Pipeline::carry():155}:156}(Object(Illuminate\\Http\\Request))
#50 /Users/minpyaesonenyein/projects/skincollection/vendor/laravel/framework/src/Illuminate/Pipeline/Pipeline.php(180): Illuminate\\Http\\Middleware\\TrustProxies->handle(Object(Illuminate\\Http\\Request), Object(Closure))
#51 /Users/minpyaesonenyein/projects/skincollection/vendor/laravel/framework/src/Illuminate/Pipeline/Pipeline.php(116): Illuminate\\Pipeline\\Pipeline->{closure:{closure:Illuminate\\Pipeline\\Pipeline::carry():155}:156}(Object(Illuminate\\Http\\Request))
#52 /Users/minpyaesonenyein/projects/skincollection/vendor/laravel/framework/src/Illuminate/Foundation/Http/Kernel.php(165): Illuminate\\Pipeline\\Pipeline->then(Object(Closure))
#53 /Users/minpyaesonenyein/projects/skincollection/vendor/laravel/framework/src/Illuminate/Foundation/Http/Kernel.php(134): Illuminate\\Foundation\\Http\\Kernel->sendRequestThroughRouter(Object(Illuminate\\Http\\Request))
#54 /Users/minpyaesonenyein/projects/skincollection/public/index.php(51): Illuminate\\Foundation\\Http\\Kernel->handle(Object(Illuminate\\Http\\Request))
#55 /Users/minpyaesonenyein/projects/skincollection/server.php(21): require_once('/Users/minpyaes...')
#56 {main}

[previous exception] [object] (PDOException(code: 42S22): SQLSTATE[42S22]: Column not found: 1054 Unknown column 'w.created_time' in 'field list' at /Users/minpyaesonenyein/projects/skincollection/vendor/laravel/framework/src/Illuminate/Database/Connection.php:414)
[stacktrace]
#0 /Users/minpyaesonenyein/projects/skincollection/vendor/laravel/framework/src/Illuminate/Database/Connection.php(414): PDO->prepare('SELECT w.id, pa...')
#1 /Users/minpyaesonenyein/projects/skincollection/vendor/laravel/framework/src/Illuminate/Database/Connection.php(753): Illuminate\\Database\\Connection->{closure:Illuminate\\Database\\Connection::select():405}('SELECT w.id, pa...', Array)
#2 /Users/minpyaesonenyein/projects/skincollection/vendor/laravel/framework/src/Illuminate/Database/Connection.php(720): Illuminate\\Database\\Connection->runQueryCallback('SELECT w.id, pa...', Array, Object(Closure))
#3 /Users/minpyaesonenyein/projects/skincollection/vendor/laravel/framework/src/Illuminate/Database/Connection.php(405): Illuminate\\Database\\Connection->run('SELECT w.id, pa...', Array, Object(Closure))
#4 /Users/minpyaesonenyein/projects/skincollection/vendor/laravel/framework/src/Illuminate/Database/DatabaseManager.php(469): Illuminate\\Database\\Connection->select('SELECT w.id, pa...')
#5 /Users/minpyaesonenyein/projects/skincollection/vendor/laravel/framework/src/Illuminate/Support/Facades/Facade.php(338): Illuminate\\Database\\DatabaseManager->__call('select', Array)
#6 /Users/minpyaesonenyein/projects/skincollection/app/Http/Controllers/WeightController.php(33): Illuminate\\Support\\Facades\\Facade::__callStatic('select', Array)
#7 /Users/minpyaesonenyein/projects/skincollection/vendor/laravel/framework/src/Illuminate/Routing/Controller.php(54): App\\Http\\Controllers\\WeightController->index()
#8 /Users/minpyaesonenyein/projects/skincollection/vendor/laravel/framework/src/Illuminate/Routing/ControllerDispatcher.php(43): Illuminate\\Routing\\Controller->callAction('index', Array)
#9 /Users/minpyaesonenyein/projects/skincollection/vendor/laravel/framework/src/Illuminate/Routing/Route.php(259): Illuminate\\Routing\\ControllerDispatcher->dispatch(Object(Illuminate\\Routing\\Route), Object(App\\Http\\Controllers\\WeightController), 'index')
#10 /Users/minpyaesonenyein/projects/skincollection/vendor/laravel/framework/src/Illuminate/Routing/Route.php(205): Illuminate\\Routing\\Route->runController()
#11 /Users/minpyaesonenyein/projects/skincollection/vendor/laravel/framework/src/Illuminate/Routing/Router.php(798): Illuminate\\Routing\\Route->run()
#12 /Users/minpyaesonenyein/projects/skincollection/vendor/laravel/framework/src/Illuminate/Pipeline/Pipeline.php(141): Illuminate\\Routing\\Router->{closure:Illuminate\\Routing\\Router::runRouteWithinStack():797}(Object(Illuminate\\Http\\Request))
#13 /Users/minpyaesonenyein/projects/skincollection/app/Http/Middleware/EnsureClinicContext.php(34): Illuminate\\Pipeline\\Pipeline->{closure:Illuminate\\Pipeline\\Pipeline::prepareDestination():139}(Object(Illuminate\\Http\\Request))
#14 /Users/minpyaesonenyein/projects/skincollection/vendor/laravel/framework/src/Illuminate/Pipeline/Pipeline.php(180): App\\Http\\Middleware\\EnsureClinicContext->handle(Object(Illuminate\\Http\\Request), Object(Closure))
#15 /Users/minpyaesonenyein/projects/skincollection/vendor/laravel/framework/src/Illuminate/Routing/Middleware/SubstituteBindings.php(50): Illuminate\\Pipeline\\Pipeline->{closure:{closure:Illuminate\\Pipeline\\Pipeline::carry():155}:156}(Object(Illuminate\\Http\\Request))
#16 /Users/minpyaesonenyein/projects/skincollection/vendor/laravel/framework/src/Illuminate/Pipeline/Pipeline.php(180): Illuminate\\Routing\\Middleware\\SubstituteBindings->handle(Object(Illuminate\\Http\\Request), Object(Closure))
#17 /Users/minpyaesonenyein/projects/skincollection/vendor/laravel/framework/src/Illuminate/Auth/Middleware/Authenticate.php(44): Illuminate\\Pipeline\\Pipeline->{closure:{closure:Illuminate\\Pipeline\\Pipeline::carry():155}:156}(Object(Illuminate\\Http\\Request))
#18 /Users/minpyaesonenyein/projects/skincollection/vendor/laravel/framework/src/Illuminate/Pipeline/Pipeline.php(180): Illuminate\\Auth\\Middleware\\Authenticate->handle(Object(Illuminate\\Http\\Request), Object(Closure))
#19 /Users/minpyaesonenyein/projects/skincollection/vendor/laravel/framework/src/Illuminate/Foundation/Http/Middleware/VerifyCsrfToken.php(78): Illuminate\\Pipeline\\Pipeline->{closure:{closure:Illuminate\\Pipeline\\Pipeline::carry():155}:156}(Object(Illuminate\\Http\\Request))
#20 /Users/minpyaesonenyein/projects/skincollection/vendor/laravel/framework/src/Illuminate/Pipeline/Pipeline.php(180): Illuminate\\Foundation\\Http\\Middleware\\VerifyCsrfToken->handle(Object(Illuminate\\Http\\Request), Object(Closure))
#21 /Users/minpyaesonenyein/projects/skincollection/vendor/laravel/framework/src/Illuminate/View/Middleware/ShareErrorsFromSession.php(49): Illuminate\\Pipeline\\Pipeline->{closure:{closure:Illuminate\\Pipeline\\Pipeline::carry():155}:156}(Object(Illuminate\\Http\\Request))
#22 /Users/minpyaesonenyein/projects/skincollection/vendor/laravel/framework/src/Illuminate/Pipeline/Pipeline.php(180): Illuminate\\View\\Middleware\\ShareErrorsFromSession->handle(Object(Illuminate\\Http\\Request), Object(Closure))
#23 /Users/minpyaesonenyein/projects/skincollection/vendor/laravel/framework/src/Illuminate/Session/Middleware/StartSession.php(121): Illuminate\\Pipeline\\Pipeline->{closure:{closure:Illuminate\\Pipeline\\Pipeline::carry():155}:156}(Object(Illuminate\\Http\\Request))
#24 /Users/minpyaesonenyein/projects/skincollection/vendor/laravel/framework/src/Illuminate/Session/Middleware/StartSession.php(64): Illuminate\\Session\\Middleware\\StartSession->handleStatefulRequest(Object(Illuminate\\Http\\Request), Object(Illuminate\\Session\\Store), Object(Closure))
#25 /Users/minpyaesonenyein/projects/skincollection/vendor/laravel/framework/src/Illuminate/Pipeline/Pipeline.php(180): Illuminate\\Session\\Middleware\\StartSession->handle(Object(Illuminate\\Http\\Request), Object(Closure))
#26 /Users/minpyaesonenyein/projects/skincollection/vendor/laravel/framework/src/Illuminate/Cookie/Middleware/AddQueuedCookiesToResponse.php(37): Illuminate\\Pipeline\\Pipeline->{closure:{closure:Illuminate\\Pipeline\\Pipeline::carry():155}:156}(Object(Illuminate\\Http\\Request))
#27 /Users/minpyaesonenyein/projects/skincollection/vendor/laravel/framework/src/Illuminate/Pipeline/Pipeline.php(180): Illuminate\\Cookie\\Middleware\\AddQueuedCookiesToResponse->handle(Object(Illuminate\\Http\\Request), Object(Closure))
#28 /Users/minpyaesonenyein/projects/skincollection/vendor/laravel/framework/src/Illuminate/Cookie/Middleware/EncryptCookies.php(67): Illuminate\\Pipeline\\Pipeline->{closure:{closure:Illuminate\\Pipeline\\Pipeline::carry():155}:156}(Object(Illuminate\\Http\\Request))
#29 /Users/minpyaesonenyein/projects/skincollection/vendor/laravel/framework/src/Illuminate/Pipeline/Pipeline.php(180): Illuminate\\Cookie\\Middleware\\EncryptCookies->handle(Object(Illuminate\\Http\\Request), Object(Closure))
#30 /Users/minpyaesonenyein/projects/skincollection/vendor/laravel/framework/src/Illuminate/Pipeline/Pipeline.php(116): Illuminate\\Pipeline\\Pipeline->{closure:{closure:Illuminate\\Pipeline\\Pipeline::carry():155}:156}(Object(Illuminate\\Http\\Request))
#31 /Users/minpyaesonenyein/projects/skincollection/vendor/laravel/framework/src/Illuminate/Routing/Router.php(797): Illuminate\\Pipeline\\Pipeline->then(Object(Closure))
#32 /Users/minpyaesonenyein/projects/skincollection/vendor/laravel/framework/src/Illuminate/Routing/Router.php(776): Illuminate\\Routing\\Router->runRouteWithinStack(Object(Illuminate\\Routing\\Route), Object(Illuminate\\Http\\Request))
#33 /Users/minpyaesonenyein/projects/skincollection/vendor/laravel/framework/src/Illuminate/Routing/Router.php(740): Illuminate\\Routing\\Router->runRoute(Object(Illuminate\\Http\\Request), Object(Illuminate\\Routing\\Route))
#34 /Users/minpyaesonenyein/projects/skincollection/vendor/laravel/framework/src/Illuminate/Routing/Router.php(729): Illuminate\\Routing\\Router->dispatchToRoute(Object(Illuminate\\Http\\Request))
#35 /Users/minpyaesonenyein/projects/skincollection/vendor/laravel/framework/src/Illuminate/Foundation/Http/Kernel.php(190): Illuminate\\Routing\\Router->dispatch(Object(Illuminate\\Http\\Request))
#36 /Users/minpyaesonenyein/projects/skincollection/vendor/laravel/framework/src/Illuminate/Pipeline/Pipeline.php(141): Illuminate\\Foundation\\Http\\Kernel->{closure:Illuminate\\Foundation\\Http\\Kernel::dispatchToRouter():187}(Object(Illuminate\\Http\\Request))
#37 /Users/minpyaesonenyein/projects/skincollection/vendor/livewire/livewire/src/Features/SupportDisablingBackButtonCache/DisableBackButtonCacheMiddleware.php(19): Illuminate\\Pipeline\\Pipeline->{closure:Illuminate\\Pipeline\\Pipeline::prepareDestination():139}(Object(Illuminate\\Http\\Request))
#38 /Users/minpyaesonenyein/projects/skincollection/vendor/laravel/framework/src/Illuminate/Pipeline/Pipeline.php(180): Livewire\\Features\\SupportDisablingBackButtonCache\\DisableBackButtonCacheMiddleware->handle(Object(Illuminate\\Http\\Request), Object(Closure))
#39 /Users/minpyaesonenyein/projects/skincollection/vendor/laravel/framework/src/Illuminate/Foundation/Http/Middleware/TransformsRequest.php(21): Illuminate\\Pipeline\\Pipeline->{closure:{closure:Illuminate\\Pipeline\\Pipeline::carry():155}:156}(Object(Illuminate\\Http\\Request))
#40 /Users/minpyaesonenyein/projects/skincollection/vendor/laravel/framework/src/Illuminate/Foundation/Http/Middleware/ConvertEmptyStringsToNull.php(31): Illuminate\\Foundation\\Http\\Middleware\\TransformsRequest->handle(Object(Illuminate\\Http\\Request), Object(Closure))
#41 /Users/minpyaesonenyein/projects/skincollection/vendor/laravel/framework/src/Illuminate/Pipeline/Pipeline.php(180): Illuminate\\Foundation\\Http\\Middleware\\ConvertEmptyStringsToNull->handle(Object(Illuminate\\Http\\Request), Object(Closure))
#42 /Users/minpyaesonenyein/projects/skincollection/vendor/laravel/framework/src/Illuminate/Foundation/Http/Middleware/TransformsRequest.php(21): Illuminate\\Pipeline\\Pipeline->{closure:{closure:Illuminate\\Pipeline\\Pipeline::carry():155}:156}(Object(Illuminate\\Http\\Request))
#43 /Users/minpyaesonenyein/projects/skincollection/vendor/laravel/framework/src/Illuminate/Foundation/Http/Middleware/TrimStrings.php(40): Illuminate\\Foundation\\Http\\Middleware\\TransformsRequest->handle(Object(Illuminate\\Http\\Request), Object(Closure))
#44 /Users/minpyaesonenyein/projects/skincollection/vendor/laravel/framework/src/Illuminate/Pipeline/Pipeline.php(180): Illuminate\\Foundation\\Http\\Middleware\\TrimStrings->handle(Object(Illuminate\\Http\\Request), Object(Closure))
#45 /Users/minpyaesonenyein/projects/skincollection/vendor/laravel/framework/src/Illuminate/Foundation/Http/Middleware/ValidatePostSize.php(27): Illuminate\\Pipeline\\Pipeline->{closure:{closure:Illuminate\\Pipeline\\Pipeline::carry():155}:156}(Object(Illuminate\\Http\\Request))
#46 /Users/minpyaesonenyein/projects/skincollection/vendor/laravel/framework/src/Illuminate/Pipeline/Pipeline.php(180): Illuminate\\Foundation\\Http\\Middleware\\ValidatePostSize->handle(Object(Illuminate\\Http\\Request), Object(Closure))
#47 /Users/minpyaesonenyein/projects/skincollection/vendor/laravel/framework/src/Illuminate/Foundation/Http/Middleware/PreventRequestsDuringMaintenance.php(86): Illuminate\\Pipeline\\Pipeline->{closure:{closure:Illuminate\\Pipeline\\Pipeline::carry():155}:156}(Object(Illuminate\\Http\\Request))
#48 /Users/minpyaesonenyein/projects/skincollection/vendor/laravel/framework/src/Illuminate/Pipeline/Pipeline.php(180): Illuminate\\Foundation\\Http\\Middleware\\PreventRequestsDuringMaintenance->handle(Object(Illuminate\\Http\\Request), Object(Closure))
#49 /Users/minpyaesonenyein/projects/skincollection/vendor/fruitcake/laravel-cors/src/HandleCors.php(38): Illuminate\\Pipeline\\Pipeline->{closure:{closure:Illuminate\\Pipeline\\Pipeline::carry():155}:156}(Object(Illuminate\\Http\\Request))
#50 /Users/minpyaesonenyein/projects/skincollection/vendor/laravel/framework/src/Illuminate/Pipeline/Pipeline.php(180): Fruitcake\\Cors\\HandleCors->handle(Object(Illuminate\\Http\\Request), Object(Closure))
#51 /Users/minpyaesonenyein/projects/skincollection/vendor/laravel/framework/src/Illuminate/Http/Middleware/TrustProxies.php(39): Illuminate\\Pipeline\\Pipeline->{closure:{closure:Illuminate\\Pipeline\\Pipeline::carry():155}:156}(Object(Illuminate\\Http\\Request))
#52 /Users/minpyaesonenyein/projects/skincollection/vendor/laravel/framework/src/Illuminate/Pipeline/Pipeline.php(180): Illuminate\\Http\\Middleware\\TrustProxies->handle(Object(Illuminate\\Http\\Request), Object(Closure))
#53 /Users/minpyaesonenyein/projects/skincollection/vendor/laravel/framework/src/Illuminate/Pipeline/Pipeline.php(116): Illuminate\\Pipeline\\Pipeline->{closure:{closure:Illuminate\\Pipeline\\Pipeline::carry():155}:156}(Object(Illuminate\\Http\\Request))
#54 /Users/minpyaesonenyein/projects/skincollection/vendor/laravel/framework/src/Illuminate/Foundation/Http/Kernel.php(165): Illuminate\\Pipeline\\Pipeline->then(Object(Closure))
#55 /Users/minpyaesonenyein/projects/skincollection/vendor/laravel/framework/src/Illuminate/Foundation/Http/Kernel.php(134): Illuminate\\Foundation\\Http\\Kernel->sendRequestThroughRouter(Object(Illuminate\\Http\\Request))
#56 /Users/minpyaesonenyein/projects/skincollection/public/index.php(51): Illuminate\\Foundation\\Http\\Kernel->handle(Object(Illuminate\\Http\\Request))
#57 /Users/minpyaesonenyein/projects/skincollection/server.php(21): require_once('/Users/minpyaes...')
#58 {main}
"} 
[2025-12-20 08:55:04] local.ERROR: SQLSTATE[42S22]: Column not found: 1054 Unknown column 'w.created_time' in 'field list' (SQL: SELECT w.id, patient.token, patient.first_name, patient.last_name, w.weight, DATE_FORMAT(w.created_time,"%d-%m-%Y") AS created_time FROM weights w LEFT JOIN patients patient on w.patient_id = patient.id ORDER BY w.created_time DESC) {"userId":1,"exception":"[object] (Illuminate\\Database\\QueryException(code: 42S22): SQLSTATE[42S22]: Column not found: 1054 Unknown column 'w.created_time' in 'field list' (SQL: SELECT w.id, patient.token, patient.first_name, patient.last_name, w.weight, DATE_FORMAT(w.created_time,\"%d-%m-%Y\") AS created_time FROM weights w LEFT JOIN patients patient on w.patient_id = patient.id ORDER BY w.created_time DESC) at /Users/minpyaesonenyein/projects/skincollection/vendor/laravel/framework/src/Illuminate/Database/Connection.php:760)
[stacktrace]
#0 /Users/minpyaesonenyein/projects/skincollection/vendor/laravel/framework/src/Illuminate/Database/Connection.php(720): Illuminate\\Database\\Connection->runQueryCallback('SELECT w.id, pa...', Array, Object(Closure))
#1 /Users/minpyaesonenyein/projects/skincollection/vendor/laravel/framework/src/Illuminate/Database/Connection.php(405): Illuminate\\Database\\Connection->run('SELECT w.id, pa...', Array, Object(Closure))
#2 /Users/minpyaesonenyein/projects/skincollection/vendor/laravel/framework/src/Illuminate/Database/DatabaseManager.php(469): Illuminate\\Database\\Connection->select('SELECT w.id, pa...')
#3 /Users/minpyaesonenyein/projects/skincollection/vendor/laravel/framework/src/Illuminate/Support/Facades/Facade.php(338): Illuminate\\Database\\DatabaseManager->__call('select', Array)
#4 /Users/minpyaesonenyein/projects/skincollection/app/Http/Controllers/WeightController.php(33): Illuminate\\Support\\Facades\\Facade::__callStatic('select', Array)
#5 /Users/minpyaesonenyein/projects/skincollection/vendor/laravel/framework/src/Illuminate/Routing/Controller.php(54): App\\Http\\Controllers\\WeightController->index()
#6 /Users/minpyaesonenyein/projects/skincollection/vendor/laravel/framework/src/Illuminate/Routing/ControllerDispatcher.php(43): Illuminate\\Routing\\Controller->callAction('index', Array)
#7 /Users/minpyaesonenyein/projects/skincollection/vendor/laravel/framework/src/Illuminate/Routing/Route.php(259): Illuminate\\Routing\\ControllerDispatcher->dispatch(Object(Illuminate\\Routing\\Route), Object(App\\Http\\Controllers\\WeightController), 'index')
#8 /Users/minpyaesonenyein/projects/skincollection/vendor/laravel/framework/src/Illuminate/Routing/Route.php(205): Illuminate\\Routing\\Route->runController()
#9 /Users/minpyaesonenyein/projects/skincollection/vendor/laravel/framework/src/Illuminate/Routing/Router.php(798): Illuminate\\Routing\\Route->run()
#10 /Users/minpyaesonenyein/projects/skincollection/vendor/laravel/framework/src/Illuminate/Pipeline/Pipeline.php(141): Illuminate\\Routing\\Router->{closure:Illuminate\\Routing\\Router::runRouteWithinStack():797}(Object(Illuminate\\Http\\Request))
#11 /Users/minpyaesonenyein/projects/skincollection/app/Http/Middleware/EnsureClinicContext.php(34): Illuminate\\Pipeline\\Pipeline->{closure:Illuminate\\Pipeline\\Pipeline::prepareDestination():139}(Object(Illuminate\\Http\\Request))
#12 /Users/minpyaesonenyein/projects/skincollection/vendor/laravel/framework/src/Illuminate/Pipeline/Pipeline.php(180): App\\Http\\Middleware\\EnsureClinicContext->handle(Object(Illuminate\\Http\\Request), Object(Closure))
#13 /Users/minpyaesonenyein/projects/skincollection/vendor/laravel/framework/src/Illuminate/Routing/Middleware/SubstituteBindings.php(50): Illuminate\\Pipeline\\Pipeline->{closure:{closure:Illuminate\\Pipeline\\Pipeline::carry():155}:156}(Object(Illuminate\\Http\\Request))
#14 /Users/minpyaesonenyein/projects/skincollection/vendor/laravel/framework/src/Illuminate/Pipeline/Pipeline.php(180): Illuminate\\Routing\\Middleware\\SubstituteBindings->handle(Object(Illuminate\\Http\\Request), Object(Closure))
#15 /Users/minpyaesonenyein/projects/skincollection/vendor/laravel/framework/src/Illuminate/Auth/Middleware/Authenticate.php(44): Illuminate\\Pipeline\\Pipeline->{closure:{closure:Illuminate\\Pipeline\\Pipeline::carry():155}:156}(Object(Illuminate\\Http\\Request))
#16 /Users/minpyaesonenyein/projects/skincollection/vendor/laravel/framework/src/Illuminate/Pipeline/Pipeline.php(180): Illuminate\\Auth\\Middleware\\Authenticate->handle(Object(Illuminate\\Http\\Request), Object(Closure))
#17 /Users/minpyaesonenyein/projects/skincollection/vendor/laravel/framework/src/Illuminate/Foundation/Http/Middleware/VerifyCsrfToken.php(78): Illuminate\\Pipeline\\Pipeline->{closure:{closure:Illuminate\\Pipeline\\Pipeline::carry():155}:156}(Object(Illuminate\\Http\\Request))
#18 /Users/minpyaesonenyein/projects/skincollection/vendor/laravel/framework/src/Illuminate/Pipeline/Pipeline.php(180): Illuminate\\Foundation\\Http\\Middleware\\VerifyCsrfToken->handle(Object(Illuminate\\Http\\Request), Object(Closure))
#19 /Users/minpyaesonenyein/projects/skincollection/vendor/laravel/framework/src/Illuminate/View/Middleware/ShareErrorsFromSession.php(49): Illuminate\\Pipeline\\Pipeline->{closure:{closure:Illuminate\\Pipeline\\Pipeline::carry():155}:156}(Object(Illuminate\\Http\\Request))
#20 /Users/minpyaesonenyein/projects/skincollection/vendor/laravel/framework/src/Illuminate/Pipeline/Pipeline.php(180): Illuminate\\View\\Middleware\\ShareErrorsFromSession->handle(Object(Illuminate\\Http\\Request), Object(Closure))
#21 /Users/minpyaesonenyein/projects/skincollection/vendor/laravel/framework/src/Illuminate/Session/Middleware/StartSession.php(121): Illuminate\\Pipeline\\Pipeline->{closure:{closure:Illuminate\\Pipeline\\Pipeline::carry():155}:156}(Object(Illuminate\\Http\\Request))
#22 /Users/minpyaesonenyein/projects/skincollection/vendor/laravel/framework/src/Illuminate/Session/Middleware/StartSession.php(64): Illuminate\\Session\\Middleware\\StartSession->handleStatefulRequest(Object(Illuminate\\Http\\Request), Object(Illuminate\\Session\\Store), Object(Closure))
#23 /Users/minpyaesonenyein/projects/skincollection/vendor/laravel/framework/src/Illuminate/Pipeline/Pipeline.php(180): Illuminate\\Session\\Middleware\\StartSession->handle(Object(Illuminate\\Http\\Request), Object(Closure))
#24 /Users/minpyaesonenyein/projects/skincollection/vendor/laravel/framework/src/Illuminate/Cookie/Middleware/AddQueuedCookiesToResponse.php(37): Illuminate\\Pipeline\\Pipeline->{closure:{closure:Illuminate\\Pipeline\\Pipeline::carry():155}:156}(Object(Illuminate\\Http\\Request))
#25 /Users/minpyaesonenyein/projects/skincollection/vendor/laravel/framework/src/Illuminate/Pipeline/Pipeline.php(180): Illuminate\\Cookie\\Middleware\\AddQueuedCookiesToResponse->handle(Object(Illuminate\\Http\\Request), Object(Closure))
#26 /Users/minpyaesonenyein/projects/skincollection/vendor/laravel/framework/src/Illuminate/Cookie/Middleware/EncryptCookies.php(67): Illuminate\\Pipeline\\Pipeline->{closure:{closure:Illuminate\\Pipeline\\Pipeline::carry():155}:156}(Object(Illuminate\\Http\\Request))
#27 /Users/minpyaesonenyein/projects/skincollection/vendor/laravel/framework/src/Illuminate/Pipeline/Pipeline.php(180): Illuminate\\Cookie\\Middleware\\EncryptCookies->handle(Object(Illuminate\\Http\\Request), Object(Closure))
#28 /Users/minpyaesonenyein/projects/skincollection/vendor/laravel/framework/src/Illuminate/Pipeline/Pipeline.php(116): Illuminate\\Pipeline\\Pipeline->{closure:{closure:Illuminate\\Pipeline\\Pipeline::carry():155}:156}(Object(Illuminate\\Http\\Request))
#29 /Users/minpyaesonenyein/projects/skincollection/vendor/laravel/framework/src/Illuminate/Routing/Router.php(797): Illuminate\\Pipeline\\Pipeline->then(Object(Closure))
#30 /Users/minpyaesonenyein/projects/skincollection/vendor/laravel/framework/src/Illuminate/Routing/Router.php(776): Illuminate\\Routing\\Router->runRouteWithinStack(Object(Illuminate\\Routing\\Route), Object(Illuminate\\Http\\Request))
#31 /Users/minpyaesonenyein/projects/skincollection/vendor/laravel/framework/src/Illuminate/Routing/Router.php(740): Illuminate\\Routing\\Router->runRoute(Object(Illuminate\\Http\\Request), Object(Illuminate\\Routing\\Route))
#32 /Users/minpyaesonenyein/projects/skincollection/vendor/laravel/framework/src/Illuminate/Routing/Router.php(729): Illuminate\\Routing\\Router->dispatchToRoute(Object(Illuminate\\Http\\Request))
#33 /Users/minpyaesonenyein/projects/skincollection/vendor/laravel/framework/src/Illuminate/Foundation/Http/Kernel.php(190): Illuminate\\Routing\\Router->dispatch(Object(Illuminate\\Http\\Request))
#34 /Users/minpyaesonenyein/projects/skincollection/vendor/laravel/framework/src/Illuminate/Pipeline/Pipeline.php(141): Illuminate\\Foundation\\Http\\Kernel->{closure:Illuminate\\Foundation\\Http\\Kernel::dispatchToRouter():187}(Object(Illuminate\\Http\\Request))
#35 /Users/minpyaesonenyein/projects/skincollection/vendor/livewire/livewire/src/Features/SupportDisablingBackButtonCache/DisableBackButtonCacheMiddleware.php(19): Illuminate\\Pipeline\\Pipeline->{closure:Illuminate\\Pipeline\\Pipeline::prepareDestination():139}(Object(Illuminate\\Http\\Request))
#36 /Users/minpyaesonenyein/projects/skincollection/vendor/laravel/framework/src/Illuminate/Pipeline/Pipeline.php(180): Livewire\\Features\\SupportDisablingBackButtonCache\\DisableBackButtonCacheMiddleware->handle(Object(Illuminate\\Http\\Request), Object(Closure))
#37 /Users/minpyaesonenyein/projects/skincollection/vendor/laravel/framework/src/Illuminate/Foundation/Http/Middleware/TransformsRequest.php(21): Illuminate\\Pipeline\\Pipeline->{closure:{closure:Illuminate\\Pipeline\\Pipeline::carry():155}:156}(Object(Illuminate\\Http\\Request))
#38 /Users/minpyaesonenyein/projects/skincollection/vendor/laravel/framework/src/Illuminate/Foundation/Http/Middleware/ConvertEmptyStringsToNull.php(31): Illuminate\\Foundation\\Http\\Middleware\\TransformsRequest->handle(Object(Illuminate\\Http\\Request), Object(Closure))
#39 /Users/minpyaesonenyein/projects/skincollection/vendor/laravel/framework/src/Illuminate/Pipeline/Pipeline.php(180): Illuminate\\Foundation\\Http\\Middleware\\ConvertEmptyStringsToNull->handle(Object(Illuminate\\Http\\Request), Object(Closure))
#40 /Users/minpyaesonenyein/projects/skincollection/vendor/laravel/framework/src/Illuminate/Foundation/Http/Middleware/TransformsRequest.php(21): Illuminate\\Pipeline\\Pipeline->{closure:{closure:Illuminate\\Pipeline\\Pipeline::carry():155}:156}(Object(Illuminate\\Http\\Request))
#41 /Users/minpyaesonenyein/projects/skincollection/vendor/laravel/framework/src/Illuminate/Foundation/Http/Middleware/TrimStrings.php(40): Illuminate\\Foundation\\Http\\Middleware\\TransformsRequest->handle(Object(Illuminate\\Http\\Request), Object(Closure))
#42 /Users/minpyaesonenyein/projects/skincollection/vendor/laravel/framework/src/Illuminate/Pipeline/Pipeline.php(180): Illuminate\\Foundation\\Http\\Middleware\\TrimStrings->handle(Object(Illuminate\\Http\\Request), Object(Closure))
#43 /Users/minpyaesonenyein/projects/skincollection/vendor/laravel/framework/src/Illuminate/Foundation/Http/Middleware/ValidatePostSize.php(27): Illuminate\\Pipeline\\Pipeline->{closure:{closure:Illuminate\\Pipeline\\Pipeline::carry():155}:156}(Object(Illuminate\\Http\\Request))
#44 /Users/minpyaesonenyein/projects/skincollection/vendor/laravel/framework/src/Illuminate/Pipeline/Pipeline.php(180): Illuminate\\Foundation\\Http\\Middleware\\ValidatePostSize->handle(Object(Illuminate\\Http\\Request), Object(Closure))
#45 /Users/minpyaesonenyein/projects/skincollection/vendor/laravel/framework/src/Illuminate/Foundation/Http/Middleware/PreventRequestsDuringMaintenance.php(86): Illuminate\\Pipeline\\Pipeline->{closure:{closure:Illuminate\\Pipeline\\Pipeline::carry():155}:156}(Object(Illuminate\\Http\\Request))
#46 /Users/minpyaesonenyein/projects/skincollection/vendor/laravel/framework/src/Illuminate/Pipeline/Pipeline.php(180): Illuminate\\Foundation\\Http\\Middleware\\PreventRequestsDuringMaintenance->handle(Object(Illuminate\\Http\\Request), Object(Closure))
#47 /Users/minpyaesonenyein/projects/skincollection/vendor/fruitcake/laravel-cors/src/HandleCors.php(38): Illuminate\\Pipeline\\Pipeline->{closure:{closure:Illuminate\\Pipeline\\Pipeline::carry():155}:156}(Object(Illuminate\\Http\\Request))
#48 /Users/minpyaesonenyein/projects/skincollection/vendor/laravel/framework/src/Illuminate/Pipeline/Pipeline.php(180): Fruitcake\\Cors\\HandleCors->handle(Object(Illuminate\\Http\\Request), Object(Closure))
#49 /Users/minpyaesonenyein/projects/skincollection/vendor/laravel/framework/src/Illuminate/Http/Middleware/TrustProxies.php(39): Illuminate\\Pipeline\\Pipeline->{closure:{closure:Illuminate\\Pipeline\\Pipeline::carry():155}:156}(Object(Illuminate\\Http\\Request))
#50 /Users/minpyaesonenyein/projects/skincollection/vendor/laravel/framework/src/Illuminate/Pipeline/Pipeline.php(180): Illuminate\\Http\\Middleware\\TrustProxies->handle(Object(Illuminate\\Http\\Request), Object(Closure))
#51 /Users/minpyaesonenyein/projects/skincollection/vendor/laravel/framework/src/Illuminate/Pipeline/Pipeline.php(116): Illuminate\\Pipeline\\Pipeline->{closure:{closure:Illuminate\\Pipeline\\Pipeline::carry():155}:156}(Object(Illuminate\\Http\\Request))
#52 /Users/minpyaesonenyein/projects/skincollection/vendor/laravel/framework/src/Illuminate/Foundation/Http/Kernel.php(165): Illuminate\\Pipeline\\Pipeline->then(Object(Closure))
#53 /Users/minpyaesonenyein/projects/skincollection/vendor/laravel/framework/src/Illuminate/Foundation/Http/Kernel.php(134): Illuminate\\Foundation\\Http\\Kernel->sendRequestThroughRouter(Object(Illuminate\\Http\\Request))
#54 /Users/minpyaesonenyein/projects/skincollection/public/index.php(51): Illuminate\\Foundation\\Http\\Kernel->handle(Object(Illuminate\\Http\\Request))
#55 /Users/minpyaesonenyein/projects/skincollection/server.php(21): require_once('/Users/minpyaes...')
#56 {main}

[previous exception] [object] (PDOException(code: 42S22): SQLSTATE[42S22]: Column not found: 1054 Unknown column 'w.created_time' in 'field list' at /Users/minpyaesonenyein/projects/skincollection/vendor/laravel/framework/src/Illuminate/Database/Connection.php:414)
[stacktrace]
#0 /Users/minpyaesonenyein/projects/skincollection/vendor/laravel/framework/src/Illuminate/Database/Connection.php(414): PDO->prepare('SELECT w.id, pa...')
#1 /Users/minpyaesonenyein/projects/skincollection/vendor/laravel/framework/src/Illuminate/Database/Connection.php(753): Illuminate\\Database\\Connection->{closure:Illuminate\\Database\\Connection::select():405}('SELECT w.id, pa...', Array)
#2 /Users/minpyaesonenyein/projects/skincollection/vendor/laravel/framework/src/Illuminate/Database/Connection.php(720): Illuminate\\Database\\Connection->runQueryCallback('SELECT w.id, pa...', Array, Object(Closure))
#3 /Users/minpyaesonenyein/projects/skincollection/vendor/laravel/framework/src/Illuminate/Database/Connection.php(405): Illuminate\\Database\\Connection->run('SELECT w.id, pa...', Array, Object(Closure))
#4 /Users/minpyaesonenyein/projects/skincollection/vendor/laravel/framework/src/Illuminate/Database/DatabaseManager.php(469): Illuminate\\Database\\Connection->select('SELECT w.id, pa...')
#5 /Users/minpyaesonenyein/projects/skincollection/vendor/laravel/framework/src/Illuminate/Support/Facades/Facade.php(338): Illuminate\\Database\\DatabaseManager->__call('select', Array)
#6 /Users/minpyaesonenyein/projects/skincollection/app/Http/Controllers/WeightController.php(33): Illuminate\\Support\\Facades\\Facade::__callStatic('select', Array)
#7 /Users/minpyaesonenyein/projects/skincollection/vendor/laravel/framework/src/Illuminate/Routing/Controller.php(54): App\\Http\\Controllers\\WeightController->index()
#8 /Users/minpyaesonenyein/projects/skincollection/vendor/laravel/framework/src/Illuminate/Routing/ControllerDispatcher.php(43): Illuminate\\Routing\\Controller->callAction('index', Array)
#9 /Users/minpyaesonenyein/projects/skincollection/vendor/laravel/framework/src/Illuminate/Routing/Route.php(259): Illuminate\\Routing\\ControllerDispatcher->dispatch(Object(Illuminate\\Routing\\Route), Object(App\\Http\\Controllers\\WeightController), 'index')
#10 /Users/minpyaesonenyein/projects/skincollection/vendor/laravel/framework/src/Illuminate/Routing/Route.php(205): Illuminate\\Routing\\Route->runController()
#11 /Users/minpyaesonenyein/projects/skincollection/vendor/laravel/framework/src/Illuminate/Routing/Router.php(798): Illuminate\\Routing\\Route->run()
#12 /Users/minpyaesonenyein/projects/skincollection/vendor/laravel/framework/src/Illuminate/Pipeline/Pipeline.php(141): Illuminate\\Routing\\Router->{closure:Illuminate\\Routing\\Router::runRouteWithinStack():797}(Object(Illuminate\\Http\\Request))
#13 /Users/minpyaesonenyein/projects/skincollection/app/Http/Middleware/EnsureClinicContext.php(34): Illuminate\\Pipeline\\Pipeline->{closure:Illuminate\\Pipeline\\Pipeline::prepareDestination():139}(Object(Illuminate\\Http\\Request))
#14 /Users/minpyaesonenyein/projects/skincollection/vendor/laravel/framework/src/Illuminate/Pipeline/Pipeline.php(180): App\\Http\\Middleware\\EnsureClinicContext->handle(Object(Illuminate\\Http\\Request), Object(Closure))
#15 /Users/minpyaesonenyein/projects/skincollection/vendor/laravel/framework/src/Illuminate/Routing/Middleware/SubstituteBindings.php(50): Illuminate\\Pipeline\\Pipeline->{closure:{closure:Illuminate\\Pipeline\\Pipeline::carry():155}:156}(Object(Illuminate\\Http\\Request))
#16 /Users/minpyaesonenyein/projects/skincollection/vendor/laravel/framework/src/Illuminate/Pipeline/Pipeline.php(180): Illuminate\\Routing\\Middleware\\SubstituteBindings->handle(Object(Illuminate\\Http\\Request), Object(Closure))
#17 /Users/minpyaesonenyein/projects/skincollection/vendor/laravel/framework/src/Illuminate/Auth/Middleware/Authenticate.php(44): Illuminate\\Pipeline\\Pipeline->{closure:{closure:Illuminate\\Pipeline\\Pipeline::carry():155}:156}(Object(Illuminate\\Http\\Request))
#18 /Users/minpyaesonenyein/projects/skincollection/vendor/laravel/framework/src/Illuminate/Pipeline/Pipeline.php(180): Illuminate\\Auth\\Middleware\\Authenticate->handle(Object(Illuminate\\Http\\Request), Object(Closure))
#19 /Users/minpyaesonenyein/projects/skincollection/vendor/laravel/framework/src/Illuminate/Foundation/Http/Middleware/VerifyCsrfToken.php(78): Illuminate\\Pipeline\\Pipeline->{closure:{closure:Illuminate\\Pipeline\\Pipeline::carry():155}:156}(Object(Illuminate\\Http\\Request))
#20 /Users/minpyaesonenyein/projects/skincollection/vendor/laravel/framework/src/Illuminate/Pipeline/Pipeline.php(180): Illuminate\\Foundation\\Http\\Middleware\\VerifyCsrfToken->handle(Object(Illuminate\\Http\\Request), Object(Closure))
#21 /Users/minpyaesonenyein/projects/skincollection/vendor/laravel/framework/src/Illuminate/View/Middleware/ShareErrorsFromSession.php(49): Illuminate\\Pipeline\\Pipeline->{closure:{closure:Illuminate\\Pipeline\\Pipeline::carry():155}:156}(Object(Illuminate\\Http\\Request))
#22 /Users/minpyaesonenyein/projects/skincollection/vendor/laravel/framework/src/Illuminate/Pipeline/Pipeline.php(180): Illuminate\\View\\Middleware\\ShareErrorsFromSession->handle(Object(Illuminate\\Http\\Request), Object(Closure))
#23 /Users/minpyaesonenyein/projects/skincollection/vendor/laravel/framework/src/Illuminate/Session/Middleware/StartSession.php(121): Illuminate\\Pipeline\\Pipeline->{closure:{closure:Illuminate\\Pipeline\\Pipeline::carry():155}:156}(Object(Illuminate\\Http\\Request))
#24 /Users/minpyaesonenyein/projects/skincollection/vendor/laravel/framework/src/Illuminate/Session/Middleware/StartSession.php(64): Illuminate\\Session\\Middleware\\StartSession->handleStatefulRequest(Object(Illuminate\\Http\\Request), Object(Illuminate\\Session\\Store), Object(Closure))
#25 /Users/minpyaesonenyein/projects/skincollection/vendor/laravel/framework/src/Illuminate/Pipeline/Pipeline.php(180): Illuminate\\Session\\Middleware\\StartSession->handle(Object(Illuminate\\Http\\Request), Object(Closure))
#26 /Users/minpyaesonenyein/projects/skincollection/vendor/laravel/framework/src/Illuminate/Cookie/Middleware/AddQueuedCookiesToResponse.php(37): Illuminate\\Pipeline\\Pipeline->{closure:{closure:Illuminate\\Pipeline\\Pipeline::carry():155}:156}(Object(Illuminate\\Http\\Request))
#27 /Users/minpyaesonenyein/projects/skincollection/vendor/laravel/framework/src/Illuminate/Pipeline/Pipeline.php(180): Illuminate\\Cookie\\Middleware\\AddQueuedCookiesToResponse->handle(Object(Illuminate\\Http\\Request), Object(Closure))
#28 /Users/minpyaesonenyein/projects/skincollection/vendor/laravel/framework/src/Illuminate/Cookie/Middleware/EncryptCookies.php(67): Illuminate\\Pipeline\\Pipeline->{closure:{closure:Illuminate\\Pipeline\\Pipeline::carry():155}:156}(Object(Illuminate\\Http\\Request))
#29 /Users/minpyaesonenyein/projects/skincollection/vendor/laravel/framework/src/Illuminate/Pipeline/Pipeline.php(180): Illuminate\\Cookie\\Middleware\\EncryptCookies->handle(Object(Illuminate\\Http\\Request), Object(Closure))
#30 /Users/minpyaesonenyein/projects/skincollection/vendor/laravel/framework/src/Illuminate/Pipeline/Pipeline.php(116): Illuminate\\Pipeline\\Pipeline->{closure:{closure:Illuminate\\Pipeline\\Pipeline::carry():155}:156}(Object(Illuminate\\Http\\Request))
#31 /Users/minpyaesonenyein/projects/skincollection/vendor/laravel/framework/src/Illuminate/Routing/Router.php(797): Illuminate\\Pipeline\\Pipeline->then(Object(Closure))
#32 /Users/minpyaesonenyein/projects/skincollection/vendor/laravel/framework/src/Illuminate/Routing/Router.php(776): Illuminate\\Routing\\Router->runRouteWithinStack(Object(Illuminate\\Routing\\Route), Object(Illuminate\\Http\\Request))
#33 /Users/minpyaesonenyein/projects/skincollection/vendor/laravel/framework/src/Illuminate/Routing/Router.php(740): Illuminate\\Routing\\Router->runRoute(Object(Illuminate\\Http\\Request), Object(Illuminate\\Routing\\Route))
#34 /Users/minpyaesonenyein/projects/skincollection/vendor/laravel/framework/src/Illuminate/Routing/Router.php(729): Illuminate\\Routing\\Router->dispatchToRoute(Object(Illuminate\\Http\\Request))
#35 /Users/minpyaesonenyein/projects/skincollection/vendor/laravel/framework/src/Illuminate/Foundation/Http/Kernel.php(190): Illuminate\\Routing\\Router->dispatch(Object(Illuminate\\Http\\Request))
#36 /Users/minpyaesonenyein/projects/skincollection/vendor/laravel/framework/src/Illuminate/Pipeline/Pipeline.php(141): Illuminate\\Foundation\\Http\\Kernel->{closure:Illuminate\\Foundation\\Http\\Kernel::dispatchToRouter():187}(Object(Illuminate\\Http\\Request))
#37 /Users/minpyaesonenyein/projects/skincollection/vendor/livewire/livewire/src/Features/SupportDisablingBackButtonCache/DisableBackButtonCacheMiddleware.php(19): Illuminate\\Pipeline\\Pipeline->{closure:Illuminate\\Pipeline\\Pipeline::prepareDestination():139}(Object(Illuminate\\Http\\Request))
#38 /Users/minpyaesonenyein/projects/skincollection/vendor/laravel/framework/src/Illuminate/Pipeline/Pipeline.php(180): Livewire\\Features\\SupportDisablingBackButtonCache\\DisableBackButtonCacheMiddleware->handle(Object(Illuminate\\Http\\Request), Object(Closure))
#39 /Users/minpyaesonenyein/projects/skincollection/vendor/laravel/framework/src/Illuminate/Foundation/Http/Middleware/TransformsRequest.php(21): Illuminate\\Pipeline\\Pipeline->{closure:{closure:Illuminate\\Pipeline\\Pipeline::carry():155}:156}(Object(Illuminate\\Http\\Request))
#40 /Users/minpyaesonenyein/projects/skincollection/vendor/laravel/framework/src/Illuminate/Foundation/Http/Middleware/ConvertEmptyStringsToNull.php(31): Illuminate\\Foundation\\Http\\Middleware\\TransformsRequest->handle(Object(Illuminate\\Http\\Request), Object(Closure))
#41 /Users/minpyaesonenyein/projects/skincollection/vendor/laravel/framework/src/Illuminate/Pipeline/Pipeline.php(180): Illuminate\\Foundation\\Http\\Middleware\\ConvertEmptyStringsToNull->handle(Object(Illuminate\\Http\\Request), Object(Closure))
#42 /Users/minpyaesonenyein/projects/skincollection/vendor/laravel/framework/src/Illuminate/Foundation/Http/Middleware/TransformsRequest.php(21): Illuminate\\Pipeline\\Pipeline->{closure:{closure:Illuminate\\Pipeline\\Pipeline::carry():155}:156}(Object(Illuminate\\Http\\Request))
#43 /Users/minpyaesonenyein/projects/skincollection/vendor/laravel/framework/src/Illuminate/Foundation/Http/Middleware/TrimStrings.php(40): Illuminate\\Foundation\\Http\\Middleware\\TransformsRequest->handle(Object(Illuminate\\Http\\Request), Object(Closure))
#44 /Users/minpyaesonenyein/projects/skincollection/vendor/laravel/framework/src/Illuminate/Pipeline/Pipeline.php(180): Illuminate\\Foundation\\Http\\Middleware\\TrimStrings->handle(Object(Illuminate\\Http\\Request), Object(Closure))
#45 /Users/minpyaesonenyein/projects/skincollection/vendor/laravel/framework/src/Illuminate/Foundation/Http/Middleware/ValidatePostSize.php(27): Illuminate\\Pipeline\\Pipeline->{closure:{closure:Illuminate\\Pipeline\\Pipeline::carry():155}:156}(Object(Illuminate\\Http\\Request))
#46 /Users/minpyaesonenyein/projects/skincollection/vendor/laravel/framework/src/Illuminate/Pipeline/Pipeline.php(180): Illuminate\\Foundation\\Http\\Middleware\\ValidatePostSize->handle(Object(Illuminate\\Http\\Request), Object(Closure))
#47 /Users/minpyaesonenyein/projects/skincollection/vendor/laravel/framework/src/Illuminate/Foundation/Http/Middleware/PreventRequestsDuringMaintenance.php(86): Illuminate\\Pipeline\\Pipeline->{closure:{closure:Illuminate\\Pipeline\\Pipeline::carry():155}:156}(Object(Illuminate\\Http\\Request))
#48 /Users/minpyaesonenyein/projects/skincollection/vendor/laravel/framework/src/Illuminate/Pipeline/Pipeline.php(180): Illuminate\\Foundation\\Http\\Middleware\\PreventRequestsDuringMaintenance->handle(Object(Illuminate\\Http\\Request), Object(Closure))
#49 /Users/minpyaesonenyein/projects/skincollection/vendor/fruitcake/laravel-cors/src/HandleCors.php(38): Illuminate\\Pipeline\\Pipeline->{closure:{closure:Illuminate\\Pipeline\\Pipeline::carry():155}:156}(Object(Illuminate\\Http\\Request))
#50 /Users/minpyaesonenyein/projects/skincollection/vendor/laravel/framework/src/Illuminate/Pipeline/Pipeline.php(180): Fruitcake\\Cors\\HandleCors->handle(Object(Illuminate\\Http\\Request), Object(Closure))
#51 /Users/minpyaesonenyein/projects/skincollection/vendor/laravel/framework/src/Illuminate/Http/Middleware/TrustProxies.php(39): Illuminate\\Pipeline\\Pipeline->{closure:{closure:Illuminate\\Pipeline\\Pipeline::carry():155}:156}(Object(Illuminate\\Http\\Request))
#52 /Users/minpyaesonenyein/projects/skincollection/vendor/laravel/framework/src/Illuminate/Pipeline/Pipeline.php(180): Illuminate\\Http\\Middleware\\TrustProxies->handle(Object(Illuminate\\Http\\Request), Object(Closure))
#53 /Users/minpyaesonenyein/projects/skincollection/vendor/laravel/framework/src/Illuminate/Pipeline/Pipeline.php(116): Illuminate\\Pipeline\\Pipeline->{closure:{closure:Illuminate\\Pipeline\\Pipeline::carry():155}:156}(Object(Illuminate\\Http\\Request))
#54 /Users/minpyaesonenyein/projects/skincollection/vendor/laravel/framework/src/Illuminate/Foundation/Http/Kernel.php(165): Illuminate\\Pipeline\\Pipeline->then(Object(Closure))
#55 /Users/minpyaesonenyein/projects/skincollection/vendor/laravel/framework/src/Illuminate/Foundation/Http/Kernel.php(134): Illuminate\\Foundation\\Http\\Kernel->sendRequestThroughRouter(Object(Illuminate\\Http\\Request))
#56 /Users/minpyaesonenyein/projects/skincollection/public/index.php(51): Illuminate\\Foundation\\Http\\Kernel->handle(Object(Illuminate\\Http\\Request))
#57 /Users/minpyaesonenyein/projects/skincollection/server.php(21): require_once('/Users/minpyaes...')
#58 {main}
"} 
[2025-12-20 09:04:36] local.ERROR: Undefined property: stdClass::$arm_contract {"view":{"view":"/Users/minpyaesonenyein/projects/skincollection/resources/views/weight/view.blade.php","data":{"errors":"<pre class=sf-dump id=sf-dump-571043071 data-indent-pad=\"  \"><span class=sf-dump-note>Illuminate\\Support\\ViewErrorBag</span> {<a class=sf-dump-ref>#1314</a><samp data-depth=1 class=sf-dump-expanded>
  #<span class=sf-dump-protected title=\"Protected property\">bags</span>: []
</samp>}
</pre><script>Sfdump(\"sf-dump-571043071\", {\"maxDepth\":3,\"maxStringLength\":160})</script>
","activeClinic":"<pre class=sf-dump id=sf-dump-590929484 data-indent-pad=\"  \"><span class=sf-dump-note>App\\Models\\Clinic</span> {<a class=sf-dump-ref>#1368</a><samp data-depth=1 class=sf-dump-expanded>
  #<span class=sf-dump-protected title=\"Protected property\">connection</span>: \"<span class=sf-dump-str title=\"5 characters\">mysql</span>\"
  #<span class=sf-dump-protected title=\"Protected property\">table</span>: \"<span class=sf-dump-str title=\"7 characters\">clinics</span>\"
  #<span class=sf-dump-protected title=\"Protected property\">primaryKey</span>: \"<span class=sf-dump-str title=\"2 characters\">id</span>\"
  #<span class=sf-dump-protected title=\"Protected property\">keyType</span>: \"<span class=sf-dump-str title=\"3 characters\">int</span>\"
  +<span class=sf-dump-public title=\"Public property\">incrementing</span>: <span class=sf-dump-const>true</span>
  #<span class=sf-dump-protected title=\"Protected property\">with</span>: []
  #<span class=sf-dump-protected title=\"Protected property\">withCount</span>: []
  +<span class=sf-dump-public title=\"Public property\">preventsLazyLoading</span>: <span class=sf-dump-const>false</span>
  #<span class=sf-dump-protected title=\"Protected property\">perPage</span>: <span class=sf-dump-num>15</span>
  +<span class=sf-dump-public title=\"Public property\">exists</span>: <span class=sf-dump-const>true</span>
  +<span class=sf-dump-public title=\"Public property\">wasRecentlyCreated</span>: <span class=sf-dump-const>false</span>
  #<span class=sf-dump-protected title=\"Protected property\">escapeWhenCastingToString</span>: <span class=sf-dump-const>false</span>
  #<span class=sf-dump-protected title=\"Protected property\">attributes</span>: <span class=sf-dump-note>array:9</span> [<samp data-depth=2 class=sf-dump-compact>
    \"<span class=sf-dump-key>id</span>\" => <span class=sf-dump-num>1</span>
    \"<span class=sf-dump-key>name</span>\" => \"<span class=sf-dump-str title=\"11 characters\">Main Clinic</span>\"
    \"<span class=sf-dump-key>prefix</span>\" => \"<span class=sf-dump-str title=\"4 characters\">MAIN</span>\"
    \"<span class=sf-dump-key>email</span>\" => <span class=sf-dump-const>null</span>
    \"<span class=sf-dump-key>phone</span>\" => <span class=sf-dump-const>null</span>
    \"<span class=sf-dump-key>address</span>\" => <span class=sf-dump-const>null</span>
    \"<span class=sf-dump-key>status</span>\" => <span class=sf-dump-num>1</span>
    \"<span class=sf-dump-key>created_at</span>\" => \"<span class=sf-dump-str title=\"19 characters\">2025-12-20 08:16:02</span>\"
    \"<span class=sf-dump-key>updated_at</span>\" => \"<span class=sf-dump-str title=\"19 characters\">2025-12-20 08:16:02</span>\"
  </samp>]
  #<span class=sf-dump-protected title=\"Protected property\">original</span>: <span class=sf-dump-note>array:9</span> [<samp data-depth=2 class=sf-dump-compact>
    \"<span class=sf-dump-key>id</span>\" => <span class=sf-dump-num>1</span>
    \"<span class=sf-dump-key>name</span>\" => \"<span class=sf-dump-str title=\"11 characters\">Main Clinic</span>\"
    \"<span class=sf-dump-key>prefix</span>\" => \"<span class=sf-dump-str title=\"4 characters\">MAIN</span>\"
    \"<span class=sf-dump-key>email</span>\" => <span class=sf-dump-const>null</span>
    \"<span class=sf-dump-key>phone</span>\" => <span class=sf-dump-const>null</span>
    \"<span class=sf-dump-key>address</span>\" => <span class=sf-dump-const>null</span>
    \"<span class=sf-dump-key>status</span>\" => <span class=sf-dump-num>1</span>
    \"<span class=sf-dump-key>created_at</span>\" => \"<span class=sf-dump-str title=\"19 characters\">2025-12-20 08:16:02</span>\"
    \"<span class=sf-dump-key>updated_at</span>\" => \"<span class=sf-dump-str title=\"19 characters\">2025-12-20 08:16:02</span>\"
  </samp>]
  #<span class=sf-dump-protected title=\"Protected property\">changes</span>: []
  #<span class=sf-dump-protected title=\"Protected property\">casts</span>: []
  #<span class=sf-dump-protected title=\"Protected property\">classCastCache</span>: []
  #<span class=sf-dump-protected title=\"Protected property\">attributeCastCache</span>: []
  #<span class=sf-dump-protected title=\"Protected property\">dates</span>: []
  #<span class=sf-dump-protected title=\"Protected property\">dateFormat</span>: <span class=sf-dump-const>null</span>
  #<span class=sf-dump-protected title=\"Protected property\">appends</span>: []
  #<span class=sf-dump-protected title=\"Protected property\">dispatchesEvents</span>: []
  #<span class=sf-dump-protected title=\"Protected property\">observables</span>: []
  #<span class=sf-dump-protected title=\"Protected property\">relations</span>: []
  #<span class=sf-dump-protected title=\"Protected property\">touches</span>: []
  +<span class=sf-dump-public title=\"Public property\">timestamps</span>: <span class=sf-dump-const>true</span>
  #<span class=sf-dump-protected title=\"Protected property\">hidden</span>: []
  #<span class=sf-dump-protected title=\"Protected property\">visible</span>: []
  #<span class=sf-dump-protected title=\"Protected property\">fillable</span>: <span class=sf-dump-note>array:6</span> [<samp data-depth=2 class=sf-dump-compact>
    <span class=sf-dump-index>0</span> => \"<span class=sf-dump-str title=\"4 characters\">name</span>\"
    <span class=sf-dump-index>1</span> => \"<span class=sf-dump-str title=\"6 characters\">prefix</span>\"
    <span class=sf-dump-index>2</span> => \"<span class=sf-dump-str title=\"7 characters\">address</span>\"
    <span class=sf-dump-index>3</span> => \"<span class=sf-dump-str title=\"5 characters\">phone</span>\"
    <span class=sf-dump-index>4</span> => \"<span class=sf-dump-str title=\"5 characters\">email</span>\"
    <span class=sf-dump-index>5</span> => \"<span class=sf-dump-str title=\"6 characters\">status</span>\"
  </samp>]
  #<span class=sf-dump-protected title=\"Protected property\">guarded</span>: <span class=sf-dump-note>array:1</span> [<samp data-depth=2 class=sf-dump-compact>
    <span class=sf-dump-index>0</span> => \"<span class=sf-dump-str>*</span>\"
  </samp>]
</samp>}
</pre><script>Sfdump(\"sf-dump-590929484\", {\"maxDepth\":3,\"maxStringLength\":160})</script>
","viewingAllClinics":"<pre class=sf-dump id=sf-dump-841673447 data-indent-pad=\"  \"><span class=sf-dump-const>false</span>
</pre><script>Sfdump(\"sf-dump-841673447\", {\"maxDepth\":3,\"maxStringLength\":160})</script>
","availableClinics":"<pre class=sf-dump id=sf-dump-839985474 data-indent-pad=\"  \"><span class=sf-dump-note>Illuminate\\Database\\Eloquent\\Collection</span> {<a class=sf-dump-ref>#1358</a><samp data-depth=1 class=sf-dump-expanded>
  #<span class=sf-dump-protected title=\"Protected property\">items</span>: <span class=sf-dump-note>array:1</span> [<samp data-depth=2 class=sf-dump-compact>
    <span class=sf-dump-index>0</span> => <span class=\"sf-dump-note sf-dump-ellipsization\" title=\"App\\Models\\Clinic
\"><span class=\"sf-dump-ellipsis sf-dump-ellipsis-note\">App\\Models</span><span class=\"sf-dump-ellipsis sf-dump-ellipsis-note\">\\</span><span class=\"sf-dump-ellipsis-tail\">Clinic</span></span> {<a class=sf-dump-ref>#1361</a><samp data-depth=3 class=sf-dump-compact>
      #<span class=sf-dump-protected title=\"Protected property\">connection</span>: \"<span class=sf-dump-str title=\"5 characters\">mysql</span>\"
      #<span class=sf-dump-protected title=\"Protected property\">table</span>: \"<span class=sf-dump-str title=\"7 characters\">clinics</span>\"
      #<span class=sf-dump-protected title=\"Protected property\">primaryKey</span>: \"<span class=sf-dump-str title=\"2 characters\">id</span>\"
      #<span class=sf-dump-protected title=\"Protected property\">keyType</span>: \"<span class=sf-dump-str title=\"3 characters\">int</span>\"
      +<span class=sf-dump-public title=\"Public property\">incrementing</span>: <span class=sf-dump-const>true</span>
      #<span class=sf-dump-protected title=\"Protected property\">with</span>: []
      #<span class=sf-dump-protected title=\"Protected property\">withCount</span>: []
      +<span class=sf-dump-public title=\"Public property\">preventsLazyLoading</span>: <span class=sf-dump-const>false</span>
      #<span class=sf-dump-protected title=\"Protected property\">perPage</span>: <span class=sf-dump-num>15</span>
      +<span class=sf-dump-public title=\"Public property\">exists</span>: <span class=sf-dump-const>true</span>
      +<span class=sf-dump-public title=\"Public property\">wasRecentlyCreated</span>: <span class=sf-dump-const>false</span>
      #<span class=sf-dump-protected title=\"Protected property\">escapeWhenCastingToString</span>: <span class=sf-dump-const>false</span>
      #<span class=sf-dump-protected title=\"Protected property\">attributes</span>: <span class=sf-dump-note>array:9</span> [ &#8230;9]
      #<span class=sf-dump-protected title=\"Protected property\">original</span>: <span class=sf-dump-note>array:9</span> [ &#8230;9]
      #<span class=sf-dump-protected title=\"Protected property\">changes</span>: []
      #<span class=sf-dump-protected title=\"Protected property\">casts</span>: []
      #<span class=sf-dump-protected title=\"Protected property\">classCastCache</span>: []
      #<span class=sf-dump-protected title=\"Protected property\">attributeCastCache</span>: []
      #<span class=sf-dump-protected title=\"Protected property\">dates</span>: []
      #<span class=sf-dump-protected title=\"Protected property\">dateFormat</span>: <span class=sf-dump-const>null</span>
      #<span class=sf-dump-protected title=\"Protected property\">appends</span>: []
      #<span class=sf-dump-protected title=\"Protected property\">dispatchesEvents</span>: []
      #<span class=sf-dump-protected title=\"Protected property\">observables</span>: []
      #<span class=sf-dump-protected title=\"Protected property\">relations</span>: []
      #<span class=sf-dump-protected title=\"Protected property\">touches</span>: []
      +<span class=sf-dump-public title=\"Public property\">timestamps</span>: <span class=sf-dump-const>true</span>
      #<span class=sf-dump-protected title=\"Protected property\">hidden</span>: []
      #<span class=sf-dump-protected title=\"Protected property\">visible</span>: []
      #<span class=sf-dump-protected title=\"Protected property\">fillable</span>: <span class=sf-dump-note>array:6</span> [ &#8230;6]
      #<span class=sf-dump-protected title=\"Protected property\">guarded</span>: <span class=sf-dump-note>array:1</span> [ &#8230;1]
    </samp>}
  </samp>]
  #<span class=sf-dump-protected title=\"Protected property\">escapeWhenCastingToString</span>: <span class=sf-dump-const>false</span>
</samp>}
</pre><script>Sfdump(\"sf-dump-839985474\", {\"maxDepth\":3,\"maxStringLength\":160})</script>
","weight":"<pre class=sf-dump id=sf-dump-405346479 data-indent-pad=\"  \"><span class=sf-dump-note>array:1</span> [<samp data-depth=1 class=sf-dump-expanded>
  <span class=sf-dump-index>0</span> => {<a class=sf-dump-ref>#1357</a><samp data-depth=2 class=sf-dump-compact>
    +\"<span class=sf-dump-public title=\"Runtime added dynamic property\">id</span>\": <span class=sf-dump-num>1</span>
    +\"<span class=sf-dump-public title=\"Runtime added dynamic property\">clinic_id</span>\": <span class=sf-dump-const>null</span>
    +\"<span class=sf-dump-public title=\"Runtime added dynamic property\">patient_id</span>\": <span class=sf-dump-num>1</span>
    +\"<span class=sf-dump-public title=\"Runtime added dynamic property\">weight</span>\": \"<span class=sf-dump-str title=\"6 characters\">102.00</span>\"
    +\"<span class=sf-dump-public title=\"Runtime added dynamic property\">weight_date</span>\": \"<span class=sf-dump-str title=\"10 characters\">2025-12-20</span>\"
    +\"<span class=sf-dump-public title=\"Runtime added dynamic property\">notes</span>\": \"<span class=sf-dump-str title=\"244 characters\">{&quot;arm_contract&quot;:null,&quot;arm_relax&quot;:null,&quot;arm_middle&quot;:null,&quot;arm_lower&quot;:null,&quot;waist_upper&quot;:null,&quot;waist_middle&quot;:null,&quot;waist_lower&quot;:null,&quot;thigh_upper&quot;:null,&quot;thigh_middle&quot;:null,&quot;thigh_lower&quot;:null,&quot;calf_upper&quot;:null,&quot;calf_middle&quot;:null,&quot;calf_lower&quot;:null}</span>\"
    +\"<span class=sf-dump-public title=\"Runtime added dynamic property\">created_at</span>\": \"<span class=sf-dump-str title=\"10 characters\">20-12-2025</span>\"
    +\"<span class=sf-dump-public title=\"Runtime added dynamic property\">updated_at</span>\": \"<span class=sf-dump-str title=\"19 characters\">2025-12-20 09:04:29</span>\"
    +\"<span class=sf-dump-public title=\"Runtime added dynamic property\">token</span>\": \"<span class=sf-dump-str title=\"8 characters\">MAIN0001</span>\"
    +\"<span class=sf-dump-public title=\"Runtime added dynamic property\">first_name</span>\": \"<span class=sf-dump-str title=\"5 characters\">first</span>\"
    +\"<span class=sf-dump-public title=\"Runtime added dynamic property\">last_name</span>\": \"<span class=sf-dump-str title=\"7 characters\">patient</span>\"
  </samp>}
</samp>]
</pre><script>Sfdump(\"sf-dump-405346479\", {\"maxDepth\":3,\"maxStringLength\":160})</script>
","patients":"<pre class=sf-dump id=sf-dump-1897559259 data-indent-pad=\"  \"><span class=sf-dump-note>Illuminate\\Database\\Eloquent\\Collection</span> {<a class=sf-dump-ref>#1367</a><samp data-depth=1 class=sf-dump-expanded>
  #<span class=sf-dump-protected title=\"Protected property\">items</span>: <span class=sf-dump-note>array:1</span> [<samp data-depth=2 class=sf-dump-compact>
    <span class=sf-dump-index>0</span> => <span class=\"sf-dump-note sf-dump-ellipsization\" title=\"App\\Models\\Patient
\"><span class=\"sf-dump-ellipsis sf-dump-ellipsis-note\">App\\Models</span><span class=\"sf-dump-ellipsis sf-dump-ellipsis-note\">\\</span><span class=\"sf-dump-ellipsis-tail\">Patient</span></span> {<a class=sf-dump-ref>#1369</a><samp data-depth=3 class=sf-dump-compact>
      #<span class=sf-dump-protected title=\"Protected property\">connection</span>: \"<span class=sf-dump-str title=\"5 characters\">mysql</span>\"
      #<span class=sf-dump-protected title=\"Protected property\">table</span>: \"<span class=sf-dump-str title=\"8 characters\">patients</span>\"
      #<span class=sf-dump-protected title=\"Protected property\">primaryKey</span>: \"<span class=sf-dump-str title=\"2 characters\">id</span>\"
      #<span class=sf-dump-protected title=\"Protected property\">keyType</span>: \"<span class=sf-dump-str title=\"3 characters\">int</span>\"
      +<span class=sf-dump-public title=\"Public property\">incrementing</span>: <span class=sf-dump-const>true</span>
      #<span class=sf-dump-protected title=\"Protected property\">with</span>: []
      #<span class=sf-dump-protected title=\"Protected property\">withCount</span>: []
      +<span class=sf-dump-public title=\"Public property\">preventsLazyLoading</span>: <span class=sf-dump-const>false</span>
      #<span class=sf-dump-protected title=\"Protected property\">perPage</span>: <span class=sf-dump-num>15</span>
      +<span class=sf-dump-public title=\"Public property\">exists</span>: <span class=sf-dump-const>true</span>
      +<span class=sf-dump-public title=\"Public property\">wasRecentlyCreated</span>: <span class=sf-dump-const>false</span>
      #<span class=sf-dump-protected title=\"Protected property\">escapeWhenCastingToString</span>: <span class=sf-dump-const>false</span>
      #<span class=sf-dump-protected title=\"Protected property\">attributes</span>: <span class=sf-dump-note>array:18</span> [ &#8230;18]
      #<span class=sf-dump-protected title=\"Protected property\">original</span>: <span class=sf-dump-note>array:18</span> [ &#8230;18]
      #<span class=sf-dump-protected title=\"Protected property\">changes</span>: []
      #<span class=sf-dump-protected title=\"Protected property\">casts</span>: []
      #<span class=sf-dump-protected title=\"Protected property\">classCastCache</span>: []
      #<span class=sf-dump-protected title=\"Protected property\">attributeCastCache</span>: []
      #<span class=sf-dump-protected title=\"Protected property\">dates</span>: []
      #<span class=sf-dump-protected title=\"Protected property\">dateFormat</span>: <span class=sf-dump-const>null</span>
      #<span class=sf-dump-protected title=\"Protected property\">appends</span>: []
      #<span class=sf-dump-protected title=\"Protected property\">dispatchesEvents</span>: []
      #<span class=sf-dump-protected title=\"Protected property\">observables</span>: []
      #<span class=sf-dump-protected title=\"Protected property\">relations</span>: []
      #<span class=sf-dump-protected title=\"Protected property\">touches</span>: []
      +<span class=sf-dump-public title=\"Public property\">timestamps</span>: <span class=sf-dump-const>true</span>
      #<span class=sf-dump-protected title=\"Protected property\">hidden</span>: []
      #<span class=sf-dump-protected title=\"Protected property\">visible</span>: []
      #<span class=sf-dump-protected title=\"Protected property\">fillable</span>: []
      #<span class=sf-dump-protected title=\"Protected property\">guarded</span>: []
    </samp>}
  </samp>]
  #<span class=sf-dump-protected title=\"Protected property\">escapeWhenCastingToString</span>: <span class=sf-dump-const>false</span>
</samp>}
</pre><script>Sfdump(\"sf-dump-1897559259\", {\"maxDepth\":3,\"maxStringLength\":160})</script>
"}},"userId":1,"exception":"[object] (Spatie\\LaravelIgnition\\Exceptions\\ViewException(code: 0): Undefined property: stdClass::$arm_contract at /Users/minpyaesonenyein/projects/skincollection/resources/views/weight/view.blade.php:59)
[stacktrace]
#0 /Users/minpyaesonenyein/projects/skincollection/vendor/laravel/framework/src/Illuminate/Foundation/Bootstrap/HandleExceptions.php(270): Illuminate\\Foundation\\Bootstrap\\HandleExceptions->handleError(2, 'Undefined prope...', '/Users/minpyaes...', 57)
#1 /Users/minpyaesonenyein/projects/skincollection/resources/views/weight/view.blade.php(59): Illuminate\\Foundation\\Bootstrap\\HandleExceptions->{closure:Illuminate\\Foundation\\Bootstrap\\HandleExceptions::forwardsTo():269}(2, 'Undefined prope...', '/Users/minpyaes...', 57)
#2 /Users/minpyaesonenyein/projects/skincollection/vendor/laravel/framework/src/Illuminate/Filesystem/Filesystem.php(109): require('/Users/minpyaes...')
#3 /Users/minpyaesonenyein/projects/skincollection/vendor/laravel/framework/src/Illuminate/Filesystem/Filesystem.php(110): Illuminate\\Filesystem\\Filesystem::{closure:Illuminate\\Filesystem\\Filesystem::getRequire():106}()
#4 /Users/minpyaesonenyein/projects/skincollection/vendor/laravel/framework/src/Illuminate/View/Engines/PhpEngine.php(58): Illuminate\\Filesystem\\Filesystem->getRequire('/Users/minpyaes...', Array)
#5 /Users/minpyaesonenyein/projects/skincollection/vendor/livewire/livewire/src/Mechanisms/ExtendBlade/ExtendedCompilerEngine.php(22): Illuminate\\View\\Engines\\PhpEngine->evaluatePath('/Users/minpyaes...', Array)
#6 /Users/minpyaesonenyein/projects/skincollection/vendor/laravel/framework/src/Illuminate/View/Engines/CompilerEngine.php(70): Livewire\\Mechanisms\\ExtendBlade\\ExtendedCompilerEngine->evaluatePath('/Users/minpyaes...', Array)
#7 /Users/minpyaesonenyein/projects/skincollection/vendor/livewire/livewire/src/Mechanisms/ExtendBlade/ExtendedCompilerEngine.php(10): Illuminate\\View\\Engines\\CompilerEngine->get('/Users/minpyaes...', Array)
#8 /Users/minpyaesonenyein/projects/skincollection/vendor/laravel/framework/src/Illuminate/View/View.php(195): Livewire\\Mechanisms\\ExtendBlade\\ExtendedCompilerEngine->get('/Users/minpyaes...', Array)
#9 /Users/minpyaesonenyein/projects/skincollection/vendor/laravel/framework/src/Illuminate/View/View.php(178): Illuminate\\View\\View->getContents()
#10 /Users/minpyaesonenyein/projects/skincollection/vendor/laravel/framework/src/Illuminate/View/View.php(147): Illuminate\\View\\View->renderContents()
#11 /Users/minpyaesonenyein/projects/skincollection/vendor/laravel/framework/src/Illuminate/Http/Response.php(69): Illuminate\\View\\View->render()
#12 /Users/minpyaesonenyein/projects/skincollection/vendor/laravel/framework/src/Illuminate/Http/Response.php(35): Illuminate\\Http\\Response->setContent(Object(Illuminate\\View\\View))
#13 /Users/minpyaesonenyein/projects/skincollection/vendor/laravel/framework/src/Illuminate/Routing/Router.php(906): Illuminate\\Http\\Response->__construct(Object(Illuminate\\View\\View), 200, Array)
#14 /Users/minpyaesonenyein/projects/skincollection/vendor/laravel/framework/src/Illuminate/Routing/Router.php(875): Illuminate\\Routing\\Router::toResponse(Object(Illuminate\\Http\\Request), Object(Illuminate\\View\\View))
#15 /Users/minpyaesonenyein/projects/skincollection/vendor/laravel/framework/src/Illuminate/Routing/Router.php(797): Illuminate\\Routing\\Router->prepareResponse(Object(Illuminate\\Http\\Request), Object(Illuminate\\View\\View))
#16 /Users/minpyaesonenyein/projects/skincollection/vendor/laravel/framework/src/Illuminate/Pipeline/Pipeline.php(141): Illuminate\\Routing\\Router->{closure:Illuminate\\Routing\\Router::runRouteWithinStack():797}(Object(Illuminate\\Http\\Request))
#17 /Users/minpyaesonenyein/projects/skincollection/app/Http/Middleware/EnsureClinicContext.php(34): Illuminate\\Pipeline\\Pipeline->{closure:Illuminate\\Pipeline\\Pipeline::prepareDestination():139}(Object(Illuminate\\Http\\Request))
#18 /Users/minpyaesonenyein/projects/skincollection/vendor/laravel/framework/src/Illuminate/Pipeline/Pipeline.php(180): App\\Http\\Middleware\\EnsureClinicContext->handle(Object(Illuminate\\Http\\Request), Object(Closure))
#19 /Users/minpyaesonenyein/projects/skincollection/vendor/laravel/framework/src/Illuminate/Routing/Middleware/SubstituteBindings.php(50): Illuminate\\Pipeline\\Pipeline->{closure:{closure:Illuminate\\Pipeline\\Pipeline::carry():155}:156}(Object(Illuminate\\Http\\Request))
#20 /Users/minpyaesonenyein/projects/skincollection/vendor/laravel/framework/src/Illuminate/Pipeline/Pipeline.php(180): Illuminate\\Routing\\Middleware\\SubstituteBindings->handle(Object(Illuminate\\Http\\Request), Object(Closure))
#21 /Users/minpyaesonenyein/projects/skincollection/vendor/laravel/framework/src/Illuminate/Auth/Middleware/Authenticate.php(44): Illuminate\\Pipeline\\Pipeline->{closure:{closure:Illuminate\\Pipeline\\Pipeline::carry():155}:156}(Object(Illuminate\\Http\\Request))
#22 /Users/minpyaesonenyein/projects/skincollection/vendor/laravel/framework/src/Illuminate/Pipeline/Pipeline.php(180): Illuminate\\Auth\\Middleware\\Authenticate->handle(Object(Illuminate\\Http\\Request), Object(Closure))
#23 /Users/minpyaesonenyein/projects/skincollection/vendor/laravel/framework/src/Illuminate/Foundation/Http/Middleware/VerifyCsrfToken.php(78): Illuminate\\Pipeline\\Pipeline->{closure:{closure:Illuminate\\Pipeline\\Pipeline::carry():155}:156}(Object(Illuminate\\Http\\Request))
#24 /Users/minpyaesonenyein/projects/skincollection/vendor/laravel/framework/src/Illuminate/Pipeline/Pipeline.php(180): Illuminate\\Foundation\\Http\\Middleware\\VerifyCsrfToken->handle(Object(Illuminate\\Http\\Request), Object(Closure))
#25 /Users/minpyaesonenyein/projects/skincollection/vendor/laravel/framework/src/Illuminate/View/Middleware/ShareErrorsFromSession.php(49): Illuminate\\Pipeline\\Pipeline->{closure:{closure:Illuminate\\Pipeline\\Pipeline::carry():155}:156}(Object(Illuminate\\Http\\Request))
#26 /Users/minpyaesonenyein/projects/skincollection/vendor/laravel/framework/src/Illuminate/Pipeline/Pipeline.php(180): Illuminate\\View\\Middleware\\ShareErrorsFromSession->handle(Object(Illuminate\\Http\\Request), Object(Closure))
#27 /Users/minpyaesonenyein/projects/skincollection/vendor/laravel/framework/src/Illuminate/Session/Middleware/StartSession.php(121): Illuminate\\Pipeline\\Pipeline->{closure:{closure:Illuminate\\Pipeline\\Pipeline::carry():155}:156}(Object(Illuminate\\Http\\Request))
#28 /Users/minpyaesonenyein/projects/skincollection/vendor/laravel/framework/src/Illuminate/Session/Middleware/StartSession.php(64): Illuminate\\Session\\Middleware\\StartSession->handleStatefulRequest(Object(Illuminate\\Http\\Request), Object(Illuminate\\Session\\Store), Object(Closure))
#29 /Users/minpyaesonenyein/projects/skincollection/vendor/laravel/framework/src/Illuminate/Pipeline/Pipeline.php(180): Illuminate\\Session\\Middleware\\StartSession->handle(Object(Illuminate\\Http\\Request), Object(Closure))
#30 /Users/minpyaesonenyein/projects/skincollection/vendor/laravel/framework/src/Illuminate/Cookie/Middleware/AddQueuedCookiesToResponse.php(37): Illuminate\\Pipeline\\Pipeline->{closure:{closure:Illuminate\\Pipeline\\Pipeline::carry():155}:156}(Object(Illuminate\\Http\\Request))
#31 /Users/minpyaesonenyein/projects/skincollection/vendor/laravel/framework/src/Illuminate/Pipeline/Pipeline.php(180): Illuminate\\Cookie\\Middleware\\AddQueuedCookiesToResponse->handle(Object(Illuminate\\Http\\Request), Object(Closure))
#32 /Users/minpyaesonenyein/projects/skincollection/vendor/laravel/framework/src/Illuminate/Cookie/Middleware/EncryptCookies.php(67): Illuminate\\Pipeline\\Pipeline->{closure:{closure:Illuminate\\Pipeline\\Pipeline::carry():155}:156}(Object(Illuminate\\Http\\Request))
#33 /Users/minpyaesonenyein/projects/skincollection/vendor/laravel/framework/src/Illuminate/Pipeline/Pipeline.php(180): Illuminate\\Cookie\\Middleware\\EncryptCookies->handle(Object(Illuminate\\Http\\Request), Object(Closure))
#34 /Users/minpyaesonenyein/projects/skincollection/vendor/laravel/framework/src/Illuminate/Pipeline/Pipeline.php(116): Illuminate\\Pipeline\\Pipeline->{closure:{closure:Illuminate\\Pipeline\\Pipeline::carry():155}:156}(Object(Illuminate\\Http\\Request))
#35 /Users/minpyaesonenyein/projects/skincollection/vendor/laravel/framework/src/Illuminate/Routing/Router.php(797): Illuminate\\Pipeline\\Pipeline->then(Object(Closure))
#36 /Users/minpyaesonenyein/projects/skincollection/vendor/laravel/framework/src/Illuminate/Routing/Router.php(776): Illuminate\\Routing\\Router->runRouteWithinStack(Object(Illuminate\\Routing\\Route), Object(Illuminate\\Http\\Request))
#37 /Users/minpyaesonenyein/projects/skincollection/vendor/laravel/framework/src/Illuminate/Routing/Router.php(740): Illuminate\\Routing\\Router->runRoute(Object(Illuminate\\Http\\Request), Object(Illuminate\\Routing\\Route))
#38 /Users/minpyaesonenyein/projects/skincollection/vendor/laravel/framework/src/Illuminate/Routing/Router.php(729): Illuminate\\Routing\\Router->dispatchToRoute(Object(Illuminate\\Http\\Request))
#39 /Users/minpyaesonenyein/projects/skincollection/vendor/laravel/framework/src/Illuminate/Foundation/Http/Kernel.php(190): Illuminate\\Routing\\Router->dispatch(Object(Illuminate\\Http\\Request))
#40 /Users/minpyaesonenyein/projects/skincollection/vendor/laravel/framework/src/Illuminate/Pipeline/Pipeline.php(141): Illuminate\\Foundation\\Http\\Kernel->{closure:Illuminate\\Foundation\\Http\\Kernel::dispatchToRouter():187}(Object(Illuminate\\Http\\Request))
#41 /Users/minpyaesonenyein/projects/skincollection/vendor/livewire/livewire/src/Features/SupportDisablingBackButtonCache/DisableBackButtonCacheMiddleware.php(19): Illuminate\\Pipeline\\Pipeline->{closure:Illuminate\\Pipeline\\Pipeline::prepareDestination():139}(Object(Illuminate\\Http\\Request))
#42 /Users/minpyaesonenyein/projects/skincollection/vendor/laravel/framework/src/Illuminate/Pipeline/Pipeline.php(180): Livewire\\Features\\SupportDisablingBackButtonCache\\DisableBackButtonCacheMiddleware->handle(Object(Illuminate\\Http\\Request), Object(Closure))
#43 /Users/minpyaesonenyein/projects/skincollection/vendor/laravel/framework/src/Illuminate/Foundation/Http/Middleware/TransformsRequest.php(21): Illuminate\\Pipeline\\Pipeline->{closure:{closure:Illuminate\\Pipeline\\Pipeline::carry():155}:156}(Object(Illuminate\\Http\\Request))
#44 /Users/minpyaesonenyein/projects/skincollection/vendor/laravel/framework/src/Illuminate/Foundation/Http/Middleware/ConvertEmptyStringsToNull.php(31): Illuminate\\Foundation\\Http\\Middleware\\TransformsRequest->handle(Object(Illuminate\\Http\\Request), Object(Closure))
#45 /Users/minpyaesonenyein/projects/skincollection/vendor/laravel/framework/src/Illuminate/Pipeline/Pipeline.php(180): Illuminate\\Foundation\\Http\\Middleware\\ConvertEmptyStringsToNull->handle(Object(Illuminate\\Http\\Request), Object(Closure))
#46 /Users/minpyaesonenyein/projects/skincollection/vendor/laravel/framework/src/Illuminate/Foundation/Http/Middleware/TransformsRequest.php(21): Illuminate\\Pipeline\\Pipeline->{closure:{closure:Illuminate\\Pipeline\\Pipeline::carry():155}:156}(Object(Illuminate\\Http\\Request))
#47 /Users/minpyaesonenyein/projects/skincollection/vendor/laravel/framework/src/Illuminate/Foundation/Http/Middleware/TrimStrings.php(40): Illuminate\\Foundation\\Http\\Middleware\\TransformsRequest->handle(Object(Illuminate\\Http\\Request), Object(Closure))
#48 /Users/minpyaesonenyein/projects/skincollection/vendor/laravel/framework/src/Illuminate/Pipeline/Pipeline.php(180): Illuminate\\Foundation\\Http\\Middleware\\TrimStrings->handle(Object(Illuminate\\Http\\Request), Object(Closure))
#49 /Users/minpyaesonenyein/projects/skincollection/vendor/laravel/framework/src/Illuminate/Foundation/Http/Middleware/ValidatePostSize.php(27): Illuminate\\Pipeline\\Pipeline->{closure:{closure:Illuminate\\Pipeline\\Pipeline::carry():155}:156}(Object(Illuminate\\Http\\Request))
#50 /Users/minpyaesonenyein/projects/skincollection/vendor/laravel/framework/src/Illuminate/Pipeline/Pipeline.php(180): Illuminate\\Foundation\\Http\\Middleware\\ValidatePostSize->handle(Object(Illuminate\\Http\\Request), Object(Closure))
#51 /Users/minpyaesonenyein/projects/skincollection/vendor/laravel/framework/src/Illuminate/Foundation/Http/Middleware/PreventRequestsDuringMaintenance.php(86): Illuminate\\Pipeline\\Pipeline->{closure:{closure:Illuminate\\Pipeline\\Pipeline::carry():155}:156}(Object(Illuminate\\Http\\Request))
#52 /Users/minpyaesonenyein/projects/skincollection/vendor/laravel/framework/src/Illuminate/Pipeline/Pipeline.php(180): Illuminate\\Foundation\\Http\\Middleware\\PreventRequestsDuringMaintenance->handle(Object(Illuminate\\Http\\Request), Object(Closure))
#53 /Users/minpyaesonenyein/projects/skincollection/vendor/fruitcake/laravel-cors/src/HandleCors.php(38): Illuminate\\Pipeline\\Pipeline->{closure:{closure:Illuminate\\Pipeline\\Pipeline::carry():155}:156}(Object(Illuminate\\Http\\Request))
#54 /Users/minpyaesonenyein/projects/skincollection/vendor/laravel/framework/src/Illuminate/Pipeline/Pipeline.php(180): Fruitcake\\Cors\\HandleCors->handle(Object(Illuminate\\Http\\Request), Object(Closure))
#55 /Users/minpyaesonenyein/projects/skincollection/vendor/laravel/framework/src/Illuminate/Http/Middleware/TrustProxies.php(39): Illuminate\\Pipeline\\Pipeline->{closure:{closure:Illuminate\\Pipeline\\Pipeline::carry():155}:156}(Object(Illuminate\\Http\\Request))
#56 /Users/minpyaesonenyein/projects/skincollection/vendor/laravel/framework/src/Illuminate/Pipeline/Pipeline.php(180): Illuminate\\Http\\Middleware\\TrustProxies->handle(Object(Illuminate\\Http\\Request), Object(Closure))
#57 /Users/minpyaesonenyein/projects/skincollection/vendor/laravel/framework/src/Illuminate/Pipeline/Pipeline.php(116): Illuminate\\Pipeline\\Pipeline->{closure:{closure:Illuminate\\Pipeline\\Pipeline::carry():155}:156}(Object(Illuminate\\Http\\Request))
#58 /Users/minpyaesonenyein/projects/skincollection/vendor/laravel/framework/src/Illuminate/Foundation/Http/Kernel.php(165): Illuminate\\Pipeline\\Pipeline->then(Object(Closure))
#59 /Users/minpyaesonenyein/projects/skincollection/vendor/laravel/framework/src/Illuminate/Foundation/Http/Kernel.php(134): Illuminate\\Foundation\\Http\\Kernel->sendRequestThroughRouter(Object(Illuminate\\Http\\Request))
#60 /Users/minpyaesonenyein/projects/skincollection/public/index.php(51): Illuminate\\Foundation\\Http\\Kernel->handle(Object(Illuminate\\Http\\Request))
#61 /Users/minpyaesonenyein/projects/skincollection/server.php(21): require_once('/Users/minpyaes...')
#62 {main}

[previous exception] [object] (ErrorException(code: 0): Undefined property: stdClass::$arm_contract at /Users/minpyaesonenyein/projects/skincollection/storage/framework/views/ffe21a276ee43a9af3bffd6d5e9f8fbb0fcd7222.php:57)
[stacktrace]
#0 /Users/minpyaesonenyein/projects/skincollection/vendor/laravel/framework/src/Illuminate/Foundation/Bootstrap/HandleExceptions.php(270): Illuminate\\Foundation\\Bootstrap\\HandleExceptions->handleError(2, 'Undefined prope...', '/Users/minpyaes...', 57)
#1 /Users/minpyaesonenyein/projects/skincollection/storage/framework/views/ffe21a276ee43a9af3bffd6d5e9f8fbb0fcd7222.php(57): Illuminate\\Foundation\\Bootstrap\\HandleExceptions->{closure:Illuminate\\Foundation\\Bootstrap\\HandleExceptions::forwardsTo():269}(2, 'Undefined prope...', '/Users/minpyaes...', 57)
#2 /Users/minpyaesonenyein/projects/skincollection/vendor/laravel/framework/src/Illuminate/Filesystem/Filesystem.php(109): require('/Users/minpyaes...')
#3 /Users/minpyaesonenyein/projects/skincollection/vendor/laravel/framework/src/Illuminate/Filesystem/Filesystem.php(110): Illuminate\\Filesystem\\Filesystem::{closure:Illuminate\\Filesystem\\Filesystem::getRequire():106}()
#4 /Users/minpyaesonenyein/projects/skincollection/vendor/laravel/framework/src/Illuminate/View/Engines/PhpEngine.php(58): Illuminate\\Filesystem\\Filesystem->getRequire('/Users/minpyaes...', Array)
#5 /Users/minpyaesonenyein/projects/skincollection/vendor/livewire/livewire/src/Mechanisms/ExtendBlade/ExtendedCompilerEngine.php(22): Illuminate\\View\\Engines\\PhpEngine->evaluatePath('/Users/minpyaes...', Array)
#6 /Users/minpyaesonenyein/projects/skincollection/vendor/laravel/framework/src/Illuminate/View/Engines/CompilerEngine.php(70): Livewire\\Mechanisms\\ExtendBlade\\ExtendedCompilerEngine->evaluatePath('/Users/minpyaes...', Array)
#7 /Users/minpyaesonenyein/projects/skincollection/vendor/livewire/livewire/src/Mechanisms/ExtendBlade/ExtendedCompilerEngine.php(10): Illuminate\\View\\Engines\\CompilerEngine->get('/Users/minpyaes...', Array)
#8 /Users/minpyaesonenyein/projects/skincollection/vendor/laravel/framework/src/Illuminate/View/View.php(195): Livewire\\Mechanisms\\ExtendBlade\\ExtendedCompilerEngine->get('/Users/minpyaes...', Array)
#9 /Users/minpyaesonenyein/projects/skincollection/vendor/laravel/framework/src/Illuminate/View/View.php(178): Illuminate\\View\\View->getContents()
#10 /Users/minpyaesonenyein/projects/skincollection/vendor/laravel/framework/src/Illuminate/View/View.php(147): Illuminate\\View\\View->renderContents()
#11 /Users/minpyaesonenyein/projects/skincollection/vendor/laravel/framework/src/Illuminate/Http/Response.php(69): Illuminate\\View\\View->render()
#12 /Users/minpyaesonenyein/projects/skincollection/vendor/laravel/framework/src/Illuminate/Http/Response.php(35): Illuminate\\Http\\Response->setContent(Object(Illuminate\\View\\View))
#13 /Users/minpyaesonenyein/projects/skincollection/vendor/laravel/framework/src/Illuminate/Routing/Router.php(906): Illuminate\\Http\\Response->__construct(Object(Illuminate\\View\\View), 200, Array)
#14 /Users/minpyaesonenyein/projects/skincollection/vendor/laravel/framework/src/Illuminate/Routing/Router.php(875): Illuminate\\Routing\\Router::toResponse(Object(Illuminate\\Http\\Request), Object(Illuminate\\View\\View))
#15 /Users/minpyaesonenyein/projects/skincollection/vendor/laravel/framework/src/Illuminate/Routing/Router.php(797): Illuminate\\Routing\\Router->prepareResponse(Object(Illuminate\\Http\\Request), Object(Illuminate\\View\\View))
#16 /Users/minpyaesonenyein/projects/skincollection/vendor/laravel/framework/src/Illuminate/Pipeline/Pipeline.php(141): Illuminate\\Routing\\Router->{closure:Illuminate\\Routing\\Router::runRouteWithinStack():797}(Object(Illuminate\\Http\\Request))
#17 /Users/minpyaesonenyein/projects/skincollection/app/Http/Middleware/EnsureClinicContext.php(34): Illuminate\\Pipeline\\Pipeline->{closure:Illuminate\\Pipeline\\Pipeline::prepareDestination():139}(Object(Illuminate\\Http\\Request))
#18 /Users/minpyaesonenyein/projects/skincollection/vendor/laravel/framework/src/Illuminate/Pipeline/Pipeline.php(180): App\\Http\\Middleware\\EnsureClinicContext->handle(Object(Illuminate\\Http\\Request), Object(Closure))
#19 /Users/minpyaesonenyein/projects/skincollection/vendor/laravel/framework/src/Illuminate/Routing/Middleware/SubstituteBindings.php(50): Illuminate\\Pipeline\\Pipeline->{closure:{closure:Illuminate\\Pipeline\\Pipeline::carry():155}:156}(Object(Illuminate\\Http\\Request))
#20 /Users/minpyaesonenyein/projects/skincollection/vendor/laravel/framework/src/Illuminate/Pipeline/Pipeline.php(180): Illuminate\\Routing\\Middleware\\SubstituteBindings->handle(Object(Illuminate\\Http\\Request), Object(Closure))
#21 /Users/minpyaesonenyein/projects/skincollection/vendor/laravel/framework/src/Illuminate/Auth/Middleware/Authenticate.php(44): Illuminate\\Pipeline\\Pipeline->{closure:{closure:Illuminate\\Pipeline\\Pipeline::carry():155}:156}(Object(Illuminate\\Http\\Request))
#22 /Users/minpyaesonenyein/projects/skincollection/vendor/laravel/framework/src/Illuminate/Pipeline/Pipeline.php(180): Illuminate\\Auth\\Middleware\\Authenticate->handle(Object(Illuminate\\Http\\Request), Object(Closure))
#23 /Users/minpyaesonenyein/projects/skincollection/vendor/laravel/framework/src/Illuminate/Foundation/Http/Middleware/VerifyCsrfToken.php(78): Illuminate\\Pipeline\\Pipeline->{closure:{closure:Illuminate\\Pipeline\\Pipeline::carry():155}:156}(Object(Illuminate\\Http\\Request))
#24 /Users/minpyaesonenyein/projects/skincollection/vendor/laravel/framework/src/Illuminate/Pipeline/Pipeline.php(180): Illuminate\\Foundation\\Http\\Middleware\\VerifyCsrfToken->handle(Object(Illuminate\\Http\\Request), Object(Closure))
#25 /Users/minpyaesonenyein/projects/skincollection/vendor/laravel/framework/src/Illuminate/View/Middleware/ShareErrorsFromSession.php(49): Illuminate\\Pipeline\\Pipeline->{closure:{closure:Illuminate\\Pipeline\\Pipeline::carry():155}:156}(Object(Illuminate\\Http\\Request))
#26 /Users/minpyaesonenyein/projects/skincollection/vendor/laravel/framework/src/Illuminate/Pipeline/Pipeline.php(180): Illuminate\\View\\Middleware\\ShareErrorsFromSession->handle(Object(Illuminate\\Http\\Request), Object(Closure))
#27 /Users/minpyaesonenyein/projects/skincollection/vendor/laravel/framework/src/Illuminate/Session/Middleware/StartSession.php(121): Illuminate\\Pipeline\\Pipeline->{closure:{closure:Illuminate\\Pipeline\\Pipeline::carry():155}:156}(Object(Illuminate\\Http\\Request))
#28 /Users/minpyaesonenyein/projects/skincollection/vendor/laravel/framework/src/Illuminate/Session/Middleware/StartSession.php(64): Illuminate\\Session\\Middleware\\StartSession->handleStatefulRequest(Object(Illuminate\\Http\\Request), Object(Illuminate\\Session\\Store), Object(Closure))
#29 /Users/minpyaesonenyein/projects/skincollection/vendor/laravel/framework/src/Illuminate/Pipeline/Pipeline.php(180): Illuminate\\Session\\Middleware\\StartSession->handle(Object(Illuminate\\Http\\Request), Object(Closure))
#30 /Users/minpyaesonenyein/projects/skincollection/vendor/laravel/framework/src/Illuminate/Cookie/Middleware/AddQueuedCookiesToResponse.php(37): Illuminate\\Pipeline\\Pipeline->{closure:{closure:Illuminate\\Pipeline\\Pipeline::carry():155}:156}(Object(Illuminate\\Http\\Request))
#31 /Users/minpyaesonenyein/projects/skincollection/vendor/laravel/framework/src/Illuminate/Pipeline/Pipeline.php(180): Illuminate\\Cookie\\Middleware\\AddQueuedCookiesToResponse->handle(Object(Illuminate\\Http\\Request), Object(Closure))
#32 /Users/minpyaesonenyein/projects/skincollection/vendor/laravel/framework/src/Illuminate/Cookie/Middleware/EncryptCookies.php(67): Illuminate\\Pipeline\\Pipeline->{closure:{closure:Illuminate\\Pipeline\\Pipeline::carry():155}:156}(Object(Illuminate\\Http\\Request))
#33 /Users/minpyaesonenyein/projects/skincollection/vendor/laravel/framework/src/Illuminate/Pipeline/Pipeline.php(180): Illuminate\\Cookie\\Middleware\\EncryptCookies->handle(Object(Illuminate\\Http\\Request), Object(Closure))
#34 /Users/minpyaesonenyein/projects/skincollection/vendor/laravel/framework/src/Illuminate/Pipeline/Pipeline.php(116): Illuminate\\Pipeline\\Pipeline->{closure:{closure:Illuminate\\Pipeline\\Pipeline::carry():155}:156}(Object(Illuminate\\Http\\Request))
#35 /Users/minpyaesonenyein/projects/skincollection/vendor/laravel/framework/src/Illuminate/Routing/Router.php(797): Illuminate\\Pipeline\\Pipeline->then(Object(Closure))
#36 /Users/minpyaesonenyein/projects/skincollection/vendor/laravel/framework/src/Illuminate/Routing/Router.php(776): Illuminate\\Routing\\Router->runRouteWithinStack(Object(Illuminate\\Routing\\Route), Object(Illuminate\\Http\\Request))
#37 /Users/minpyaesonenyein/projects/skincollection/vendor/laravel/framework/src/Illuminate/Routing/Router.php(740): Illuminate\\Routing\\Router->runRoute(Object(Illuminate\\Http\\Request), Object(Illuminate\\Routing\\Route))
#38 /Users/minpyaesonenyein/projects/skincollection/vendor/laravel/framework/src/Illuminate/Routing/Router.php(729): Illuminate\\Routing\\Router->dispatchToRoute(Object(Illuminate\\Http\\Request))
#39 /Users/minpyaesonenyein/projects/skincollection/vendor/laravel/framework/src/Illuminate/Foundation/Http/Kernel.php(190): Illuminate\\Routing\\Router->dispatch(Object(Illuminate\\Http\\Request))
#40 /Users/minpyaesonenyein/projects/skincollection/vendor/laravel/framework/src/Illuminate/Pipeline/Pipeline.php(141): Illuminate\\Foundation\\Http\\Kernel->{closure:Illuminate\\Foundation\\Http\\Kernel::dispatchToRouter():187}(Object(Illuminate\\Http\\Request))
#41 /Users/minpyaesonenyein/projects/skincollection/vendor/livewire/livewire/src/Features/SupportDisablingBackButtonCache/DisableBackButtonCacheMiddleware.php(19): Illuminate\\Pipeline\\Pipeline->{closure:Illuminate\\Pipeline\\Pipeline::prepareDestination():139}(Object(Illuminate\\Http\\Request))
#42 /Users/minpyaesonenyein/projects/skincollection/vendor/laravel/framework/src/Illuminate/Pipeline/Pipeline.php(180): Livewire\\Features\\SupportDisablingBackButtonCache\\DisableBackButtonCacheMiddleware->handle(Object(Illuminate\\Http\\Request), Object(Closure))
#43 /Users/minpyaesonenyein/projects/skincollection/vendor/laravel/framework/src/Illuminate/Foundation/Http/Middleware/TransformsRequest.php(21): Illuminate\\Pipeline\\Pipeline->{closure:{closure:Illuminate\\Pipeline\\Pipeline::carry():155}:156}(Object(Illuminate\\Http\\Request))
#44 /Users/minpyaesonenyein/projects/skincollection/vendor/laravel/framework/src/Illuminate/Foundation/Http/Middleware/ConvertEmptyStringsToNull.php(31): Illuminate\\Foundation\\Http\\Middleware\\TransformsRequest->handle(Object(Illuminate\\Http\\Request), Object(Closure))
#45 /Users/minpyaesonenyein/projects/skincollection/vendor/laravel/framework/src/Illuminate/Pipeline/Pipeline.php(180): Illuminate\\Foundation\\Http\\Middleware\\ConvertEmptyStringsToNull->handle(Object(Illuminate\\Http\\Request), Object(Closure))
#46 /Users/minpyaesonenyein/projects/skincollection/vendor/laravel/framework/src/Illuminate/Foundation/Http/Middleware/TransformsRequest.php(21): Illuminate\\Pipeline\\Pipeline->{closure:{closure:Illuminate\\Pipeline\\Pipeline::carry():155}:156}(Object(Illuminate\\Http\\Request))
#47 /Users/minpyaesonenyein/projects/skincollection/vendor/laravel/framework/src/Illuminate/Foundation/Http/Middleware/TrimStrings.php(40): Illuminate\\Foundation\\Http\\Middleware\\TransformsRequest->handle(Object(Illuminate\\Http\\Request), Object(Closure))
#48 /Users/minpyaesonenyein/projects/skincollection/vendor/laravel/framework/src/Illuminate/Pipeline/Pipeline.php(180): Illuminate\\Foundation\\Http\\Middleware\\TrimStrings->handle(Object(Illuminate\\Http\\Request), Object(Closure))
#49 /Users/minpyaesonenyein/projects/skincollection/vendor/laravel/framework/src/Illuminate/Foundation/Http/Middleware/ValidatePostSize.php(27): Illuminate\\Pipeline\\Pipeline->{closure:{closure:Illuminate\\Pipeline\\Pipeline::carry():155}:156}(Object(Illuminate\\Http\\Request))
#50 /Users/minpyaesonenyein/projects/skincollection/vendor/laravel/framework/src/Illuminate/Pipeline/Pipeline.php(180): Illuminate\\Foundation\\Http\\Middleware\\ValidatePostSize->handle(Object(Illuminate\\Http\\Request), Object(Closure))
#51 /Users/minpyaesonenyein/projects/skincollection/vendor/laravel/framework/src/Illuminate/Foundation/Http/Middleware/PreventRequestsDuringMaintenance.php(86): Illuminate\\Pipeline\\Pipeline->{closure:{closure:Illuminate\\Pipeline\\Pipeline::carry():155}:156}(Object(Illuminate\\Http\\Request))
#52 /Users/minpyaesonenyein/projects/skincollection/vendor/laravel/framework/src/Illuminate/Pipeline/Pipeline.php(180): Illuminate\\Foundation\\Http\\Middleware\\PreventRequestsDuringMaintenance->handle(Object(Illuminate\\Http\\Request), Object(Closure))
#53 /Users/minpyaesonenyein/projects/skincollection/vendor/fruitcake/laravel-cors/src/HandleCors.php(38): Illuminate\\Pipeline\\Pipeline->{closure:{closure:Illuminate\\Pipeline\\Pipeline::carry():155}:156}(Object(Illuminate\\Http\\Request))
#54 /Users/minpyaesonenyein/projects/skincollection/vendor/laravel/framework/src/Illuminate/Pipeline/Pipeline.php(180): Fruitcake\\Cors\\HandleCors->handle(Object(Illuminate\\Http\\Request), Object(Closure))
#55 /Users/minpyaesonenyein/projects/skincollection/vendor/laravel/framework/src/Illuminate/Http/Middleware/TrustProxies.php(39): Illuminate\\Pipeline\\Pipeline->{closure:{closure:Illuminate\\Pipeline\\Pipeline::carry():155}:156}(Object(Illuminate\\Http\\Request))
#56 /Users/minpyaesonenyein/projects/skincollection/vendor/laravel/framework/src/Illuminate/Pipeline/Pipeline.php(180): Illuminate\\Http\\Middleware\\TrustProxies->handle(Object(Illuminate\\Http\\Request), Object(Closure))
#57 /Users/minpyaesonenyein/projects/skincollection/vendor/laravel/framework/src/Illuminate/Pipeline/Pipeline.php(116): Illuminate\\Pipeline\\Pipeline->{closure:{closure:Illuminate\\Pipeline\\Pipeline::carry():155}:156}(Object(Illuminate\\Http\\Request))
#58 /Users/minpyaesonenyein/projects/skincollection/vendor/laravel/framework/src/Illuminate/Foundation/Http/Kernel.php(165): Illuminate\\Pipeline\\Pipeline->then(Object(Closure))
#59 /Users/minpyaesonenyein/projects/skincollection/vendor/laravel/framework/src/Illuminate/Foundation/Http/Kernel.php(134): Illuminate\\Foundation\\Http\\Kernel->sendRequestThroughRouter(Object(Illuminate\\Http\\Request))
#60 /Users/minpyaesonenyein/projects/skincollection/public/index.php(51): Illuminate\\Foundation\\Http\\Kernel->handle(Object(Illuminate\\Http\\Request))
#61 /Users/minpyaesonenyein/projects/skincollection/server.php(21): require_once('/Users/minpyaes...')
#62 {main}
"} 
[2025-12-20 09:23:13] local.ERROR: Call to a member function format() on null {"view":{"view":"/Users/minpyaesonenyein/projects/skincollection/resources/views/patient-photo/edit.blade.php","data":{"errors":"<pre class=sf-dump id=sf-dump-430200466 data-indent-pad=\"  \"><span class=sf-dump-note>Illuminate\\Support\\ViewErrorBag</span> {<a class=sf-dump-ref>#1319</a><samp data-depth=1 class=sf-dump-expanded>
  #<span class=sf-dump-protected title=\"Protected property\">bags</span>: []
</samp>}
</pre><script>Sfdump(\"sf-dump-430200466\", {\"maxDepth\":3,\"maxStringLength\":160})</script>
","activeClinic":"<pre class=sf-dump id=sf-dump-599131477 data-indent-pad=\"  \"><span class=sf-dump-note>App\\Models\\Clinic</span> {<a class=sf-dump-ref>#1375</a><samp data-depth=1 class=sf-dump-expanded>
  #<span class=sf-dump-protected title=\"Protected property\">connection</span>: \"<span class=sf-dump-str title=\"5 characters\">mysql</span>\"
  #<span class=sf-dump-protected title=\"Protected property\">table</span>: \"<span class=sf-dump-str title=\"7 characters\">clinics</span>\"
  #<span class=sf-dump-protected title=\"Protected property\">primaryKey</span>: \"<span class=sf-dump-str title=\"2 characters\">id</span>\"
  #<span class=sf-dump-protected title=\"Protected property\">keyType</span>: \"<span class=sf-dump-str title=\"3 characters\">int</span>\"
  +<span class=sf-dump-public title=\"Public property\">incrementing</span>: <span class=sf-dump-const>true</span>
  #<span class=sf-dump-protected title=\"Protected property\">with</span>: []
  #<span class=sf-dump-protected title=\"Protected property\">withCount</span>: []
  +<span class=sf-dump-public title=\"Public property\">preventsLazyLoading</span>: <span class=sf-dump-const>false</span>
  #<span class=sf-dump-protected title=\"Protected property\">perPage</span>: <span class=sf-dump-num>15</span>
  +<span class=sf-dump-public title=\"Public property\">exists</span>: <span class=sf-dump-const>true</span>
  +<span class=sf-dump-public title=\"Public property\">wasRecentlyCreated</span>: <span class=sf-dump-const>false</span>
  #<span class=sf-dump-protected title=\"Protected property\">escapeWhenCastingToString</span>: <span class=sf-dump-const>false</span>
  #<span class=sf-dump-protected title=\"Protected property\">attributes</span>: <span class=sf-dump-note>array:9</span> [<samp data-depth=2 class=sf-dump-compact>
    \"<span class=sf-dump-key>id</span>\" => <span class=sf-dump-num>1</span>
    \"<span class=sf-dump-key>name</span>\" => \"<span class=sf-dump-str title=\"11 characters\">Main Clinic</span>\"
    \"<span class=sf-dump-key>prefix</span>\" => \"<span class=sf-dump-str title=\"4 characters\">MAIN</span>\"
    \"<span class=sf-dump-key>email</span>\" => <span class=sf-dump-const>null</span>
    \"<span class=sf-dump-key>phone</span>\" => <span class=sf-dump-const>null</span>
    \"<span class=sf-dump-key>address</span>\" => <span class=sf-dump-const>null</span>
    \"<span class=sf-dump-key>status</span>\" => <span class=sf-dump-num>1</span>
    \"<span class=sf-dump-key>created_at</span>\" => \"<span class=sf-dump-str title=\"19 characters\">2025-12-20 08:16:02</span>\"
    \"<span class=sf-dump-key>updated_at</span>\" => \"<span class=sf-dump-str title=\"19 characters\">2025-12-20 08:16:02</span>\"
  </samp>]
  #<span class=sf-dump-protected title=\"Protected property\">original</span>: <span class=sf-dump-note>array:9</span> [<samp data-depth=2 class=sf-dump-compact>
    \"<span class=sf-dump-key>id</span>\" => <span class=sf-dump-num>1</span>
    \"<span class=sf-dump-key>name</span>\" => \"<span class=sf-dump-str title=\"11 characters\">Main Clinic</span>\"
    \"<span class=sf-dump-key>prefix</span>\" => \"<span class=sf-dump-str title=\"4 characters\">MAIN</span>\"
    \"<span class=sf-dump-key>email</span>\" => <span class=sf-dump-const>null</span>
    \"<span class=sf-dump-key>phone</span>\" => <span class=sf-dump-const>null</span>
    \"<span class=sf-dump-key>address</span>\" => <span class=sf-dump-const>null</span>
    \"<span class=sf-dump-key>status</span>\" => <span class=sf-dump-num>1</span>
    \"<span class=sf-dump-key>created_at</span>\" => \"<span class=sf-dump-str title=\"19 characters\">2025-12-20 08:16:02</span>\"
    \"<span class=sf-dump-key>updated_at</span>\" => \"<span class=sf-dump-str title=\"19 characters\">2025-12-20 08:16:02</span>\"
  </samp>]
  #<span class=sf-dump-protected title=\"Protected property\">changes</span>: []
  #<span class=sf-dump-protected title=\"Protected property\">casts</span>: []
  #<span class=sf-dump-protected title=\"Protected property\">classCastCache</span>: []
  #<span class=sf-dump-protected title=\"Protected property\">attributeCastCache</span>: []
  #<span class=sf-dump-protected title=\"Protected property\">dates</span>: []
  #<span class=sf-dump-protected title=\"Protected property\">dateFormat</span>: <span class=sf-dump-const>null</span>
  #<span class=sf-dump-protected title=\"Protected property\">appends</span>: []
  #<span class=sf-dump-protected title=\"Protected property\">dispatchesEvents</span>: []
  #<span class=sf-dump-protected title=\"Protected property\">observables</span>: []
  #<span class=sf-dump-protected title=\"Protected property\">relations</span>: []
  #<span class=sf-dump-protected title=\"Protected property\">touches</span>: []
  +<span class=sf-dump-public title=\"Public property\">timestamps</span>: <span class=sf-dump-const>true</span>
  #<span class=sf-dump-protected title=\"Protected property\">hidden</span>: []
  #<span class=sf-dump-protected title=\"Protected property\">visible</span>: []
  #<span class=sf-dump-protected title=\"Protected property\">fillable</span>: <span class=sf-dump-note>array:6</span> [<samp data-depth=2 class=sf-dump-compact>
    <span class=sf-dump-index>0</span> => \"<span class=sf-dump-str title=\"4 characters\">name</span>\"
    <span class=sf-dump-index>1</span> => \"<span class=sf-dump-str title=\"6 characters\">prefix</span>\"
    <span class=sf-dump-index>2</span> => \"<span class=sf-dump-str title=\"7 characters\">address</span>\"
    <span class=sf-dump-index>3</span> => \"<span class=sf-dump-str title=\"5 characters\">phone</span>\"
    <span class=sf-dump-index>4</span> => \"<span class=sf-dump-str title=\"5 characters\">email</span>\"
    <span class=sf-dump-index>5</span> => \"<span class=sf-dump-str title=\"6 characters\">status</span>\"
  </samp>]
  #<span class=sf-dump-protected title=\"Protected property\">guarded</span>: <span class=sf-dump-note>array:1</span> [<samp data-depth=2 class=sf-dump-compact>
    <span class=sf-dump-index>0</span> => \"<span class=sf-dump-str>*</span>\"
  </samp>]
</samp>}
</pre><script>Sfdump(\"sf-dump-599131477\", {\"maxDepth\":3,\"maxStringLength\":160})</script>
","viewingAllClinics":"<pre class=sf-dump id=sf-dump-1173363033 data-indent-pad=\"  \"><span class=sf-dump-const>false</span>
</pre><script>Sfdump(\"sf-dump-1173363033\", {\"maxDepth\":3,\"maxStringLength\":160})</script>
","availableClinics":"<pre class=sf-dump id=sf-dump-185718436 data-indent-pad=\"  \"><span class=sf-dump-note>Illuminate\\Database\\Eloquent\\Collection</span> {<a class=sf-dump-ref>#1365</a><samp data-depth=1 class=sf-dump-expanded>
  #<span class=sf-dump-protected title=\"Protected property\">items</span>: <span class=sf-dump-note>array:1</span> [<samp data-depth=2 class=sf-dump-compact>
    <span class=sf-dump-index>0</span> => <span class=\"sf-dump-note sf-dump-ellipsization\" title=\"App\\Models\\Clinic
\"><span class=\"sf-dump-ellipsis sf-dump-ellipsis-note\">App\\Models</span><span class=\"sf-dump-ellipsis sf-dump-ellipsis-note\">\\</span><span class=\"sf-dump-ellipsis-tail\">Clinic</span></span> {<a class=sf-dump-ref>#1368</a><samp data-depth=3 class=sf-dump-compact>
      #<span class=sf-dump-protected title=\"Protected property\">connection</span>: \"<span class=sf-dump-str title=\"5 characters\">mysql</span>\"
      #<span class=sf-dump-protected title=\"Protected property\">table</span>: \"<span class=sf-dump-str title=\"7 characters\">clinics</span>\"
      #<span class=sf-dump-protected title=\"Protected property\">primaryKey</span>: \"<span class=sf-dump-str title=\"2 characters\">id</span>\"
      #<span class=sf-dump-protected title=\"Protected property\">keyType</span>: \"<span class=sf-dump-str title=\"3 characters\">int</span>\"
      +<span class=sf-dump-public title=\"Public property\">incrementing</span>: <span class=sf-dump-const>true</span>
      #<span class=sf-dump-protected title=\"Protected property\">with</span>: []
      #<span class=sf-dump-protected title=\"Protected property\">withCount</span>: []
      +<span class=sf-dump-public title=\"Public property\">preventsLazyLoading</span>: <span class=sf-dump-const>false</span>
      #<span class=sf-dump-protected title=\"Protected property\">perPage</span>: <span class=sf-dump-num>15</span>
      +<span class=sf-dump-public title=\"Public property\">exists</span>: <span class=sf-dump-const>true</span>
      +<span class=sf-dump-public title=\"Public property\">wasRecentlyCreated</span>: <span class=sf-dump-const>false</span>
      #<span class=sf-dump-protected title=\"Protected property\">escapeWhenCastingToString</span>: <span class=sf-dump-const>false</span>
      #<span class=sf-dump-protected title=\"Protected property\">attributes</span>: <span class=sf-dump-note>array:9</span> [ &#8230;9]
      #<span class=sf-dump-protected title=\"Protected property\">original</span>: <span class=sf-dump-note>array:9</span> [ &#8230;9]
      #<span class=sf-dump-protected title=\"Protected property\">changes</span>: []
      #<span class=sf-dump-protected title=\"Protected property\">casts</span>: []
      #<span class=sf-dump-protected title=\"Protected property\">classCastCache</span>: []
      #<span class=sf-dump-protected title=\"Protected property\">attributeCastCache</span>: []
      #<span class=sf-dump-protected title=\"Protected property\">dates</span>: []
      #<span class=sf-dump-protected title=\"Protected property\">dateFormat</span>: <span class=sf-dump-const>null</span>
      #<span class=sf-dump-protected title=\"Protected property\">appends</span>: []
      #<span class=sf-dump-protected title=\"Protected property\">dispatchesEvents</span>: []
      #<span class=sf-dump-protected title=\"Protected property\">observables</span>: []
      #<span class=sf-dump-protected title=\"Protected property\">relations</span>: []
      #<span class=sf-dump-protected title=\"Protected property\">touches</span>: []
      +<span class=sf-dump-public title=\"Public property\">timestamps</span>: <span class=sf-dump-const>true</span>
      #<span class=sf-dump-protected title=\"Protected property\">hidden</span>: []
      #<span class=sf-dump-protected title=\"Protected property\">visible</span>: []
      #<span class=sf-dump-protected title=\"Protected property\">fillable</span>: <span class=sf-dump-note>array:6</span> [ &#8230;6]
      #<span class=sf-dump-protected title=\"Protected property\">guarded</span>: <span class=sf-dump-note>array:1</span> [ &#8230;1]
    </samp>}
  </samp>]
  #<span class=sf-dump-protected title=\"Protected property\">escapeWhenCastingToString</span>: <span class=sf-dump-const>false</span>
</samp>}
</pre><script>Sfdump(\"sf-dump-185718436\", {\"maxDepth\":3,\"maxStringLength\":160})</script>
","photo":"<pre class=sf-dump id=sf-dump-607598449 data-indent-pad=\"  \"><span class=sf-dump-note>App\\Models\\Photo</span> {<a class=sf-dump-ref>#1354</a><samp data-depth=1 class=sf-dump-expanded>
  #<span class=sf-dump-protected title=\"Protected property\">connection</span>: \"<span class=sf-dump-str title=\"5 characters\">mysql</span>\"
  #<span class=sf-dump-protected title=\"Protected property\">table</span>: \"<span class=sf-dump-str title=\"6 characters\">photos</span>\"
  #<span class=sf-dump-protected title=\"Protected property\">primaryKey</span>: \"<span class=sf-dump-str title=\"2 characters\">id</span>\"
  #<span class=sf-dump-protected title=\"Protected property\">keyType</span>: \"<span class=sf-dump-str title=\"3 characters\">int</span>\"
  +<span class=sf-dump-public title=\"Public property\">incrementing</span>: <span class=sf-dump-const>true</span>
  #<span class=sf-dump-protected title=\"Protected property\">with</span>: []
  #<span class=sf-dump-protected title=\"Protected property\">withCount</span>: []
  +<span class=sf-dump-public title=\"Public property\">preventsLazyLoading</span>: <span class=sf-dump-const>false</span>
  #<span class=sf-dump-protected title=\"Protected property\">perPage</span>: <span class=sf-dump-num>15</span>
  +<span class=sf-dump-public title=\"Public property\">exists</span>: <span class=sf-dump-const>true</span>
  +<span class=sf-dump-public title=\"Public property\">wasRecentlyCreated</span>: <span class=sf-dump-const>false</span>
  #<span class=sf-dump-protected title=\"Protected property\">escapeWhenCastingToString</span>: <span class=sf-dump-const>false</span>
  #<span class=sf-dump-protected title=\"Protected property\">attributes</span>: <span class=sf-dump-note>array:11</span> [<samp data-depth=2 class=sf-dump-compact>
    \"<span class=sf-dump-key>id</span>\" => <span class=sf-dump-num>1</span>
    \"<span class=sf-dump-key>clinic_id</span>\" => <span class=sf-dump-num>1</span>
    \"<span class=sf-dump-key>patient_id</span>\" => <span class=sf-dump-num>1</span>
    \"<span class=sf-dump-key>filename</span>\" => \"<span class=sf-dump-str title=\"39 characters\">20251220091137_CC91OQd9_clear-image.jpg</span>\"
    \"<span class=sf-dump-key>original_name</span>\" => \"<span class=sf-dump-str title=\"15 characters\">clear-image.jpg</span>\"
    \"<span class=sf-dump-key>file_path</span>\" => \"<span class=sf-dump-str title=\"59 characters\">patient-photos/MAIN/20251220091137_CC91OQd9_clear-image.jpg</span>\"
    \"<span class=sf-dump-key>file_type</span>\" => \"<span class=sf-dump-str title=\"10 characters\">image/jpeg</span>\"
    \"<span class=sf-dump-key>file_size</span>\" => <span class=sf-dump-num>232888</span>
    \"<span class=sf-dump-key>description</span>\" => <span class=sf-dump-const>null</span>
    \"<span class=sf-dump-key>created_at</span>\" => \"<span class=sf-dump-str title=\"19 characters\">2025-12-20 00:00:00</span>\"
    \"<span class=sf-dump-key>updated_at</span>\" => \"<span class=sf-dump-str title=\"19 characters\">2025-12-20 09:11:38</span>\"
  </samp>]
  #<span class=sf-dump-protected title=\"Protected property\">original</span>: <span class=sf-dump-note>array:11</span> [<samp data-depth=2 class=sf-dump-compact>
    \"<span class=sf-dump-key>id</span>\" => <span class=sf-dump-num>1</span>
    \"<span class=sf-dump-key>clinic_id</span>\" => <span class=sf-dump-num>1</span>
    \"<span class=sf-dump-key>patient_id</span>\" => <span class=sf-dump-num>1</span>
    \"<span class=sf-dump-key>filename</span>\" => \"<span class=sf-dump-str title=\"39 characters\">20251220091137_CC91OQd9_clear-image.jpg</span>\"
    \"<span class=sf-dump-key>original_name</span>\" => \"<span class=sf-dump-str title=\"15 characters\">clear-image.jpg</span>\"
    \"<span class=sf-dump-key>file_path</span>\" => \"<span class=sf-dump-str title=\"59 characters\">patient-photos/MAIN/20251220091137_CC91OQd9_clear-image.jpg</span>\"
    \"<span class=sf-dump-key>file_type</span>\" => \"<span class=sf-dump-str title=\"10 characters\">image/jpeg</span>\"
    \"<span class=sf-dump-key>file_size</span>\" => <span class=sf-dump-num>232888</span>
    \"<span class=sf-dump-key>description</span>\" => <span class=sf-dump-const>null</span>
    \"<span class=sf-dump-key>created_at</span>\" => \"<span class=sf-dump-str title=\"19 characters\">2025-12-20 00:00:00</span>\"
    \"<span class=sf-dump-key>updated_at</span>\" => \"<span class=sf-dump-str title=\"19 characters\">2025-12-20 09:11:38</span>\"
  </samp>]
  #<span class=sf-dump-protected title=\"Protected property\">changes</span>: []
  #<span class=sf-dump-protected title=\"Protected property\">casts</span>: []
  #<span class=sf-dump-protected title=\"Protected property\">classCastCache</span>: []
  #<span class=sf-dump-protected title=\"Protected property\">attributeCastCache</span>: []
  #<span class=sf-dump-protected title=\"Protected property\">dates</span>: <span class=sf-dump-note>array:1</span> [<samp data-depth=2 class=sf-dump-compact>
    <span class=sf-dump-index>0</span> => \"<span class=sf-dump-str title=\"12 characters\">created_time</span>\"
  </samp>]
  #<span class=sf-dump-protected title=\"Protected property\">dateFormat</span>: <span class=sf-dump-const>null</span>
  #<span class=sf-dump-protected title=\"Protected property\">appends</span>: []
  #<span class=sf-dump-protected title=\"Protected property\">dispatchesEvents</span>: []
  #<span class=sf-dump-protected title=\"Protected property\">observables</span>: []
  #<span class=sf-dump-protected title=\"Protected property\">relations</span>: []
  #<span class=sf-dump-protected title=\"Protected property\">touches</span>: []
  +<span class=sf-dump-public title=\"Public property\">timestamps</span>: <span class=sf-dump-const>true</span>
  #<span class=sf-dump-protected title=\"Protected property\">hidden</span>: []
  #<span class=sf-dump-protected title=\"Protected property\">visible</span>: []
  #<span class=sf-dump-protected title=\"Protected property\">fillable</span>: []
  #<span class=sf-dump-protected title=\"Protected property\">guarded</span>: []
</samp>}
</pre><script>Sfdump(\"sf-dump-607598449\", {\"maxDepth\":3,\"maxStringLength\":160})</script>
","patients":"<pre class=sf-dump id=sf-dump-1945969002 data-indent-pad=\"  \"><span class=sf-dump-note>Illuminate\\Database\\Eloquent\\Collection</span> {<a class=sf-dump-ref>#1358</a><samp data-depth=1 class=sf-dump-expanded>
  #<span class=sf-dump-protected title=\"Protected property\">items</span>: <span class=sf-dump-note>array:1</span> [<samp data-depth=2 class=sf-dump-compact>
    <span class=sf-dump-index>0</span> => <span class=\"sf-dump-note sf-dump-ellipsization\" title=\"App\\Models\\Patient
\"><span class=\"sf-dump-ellipsis sf-dump-ellipsis-note\">App\\Models</span><span class=\"sf-dump-ellipsis sf-dump-ellipsis-note\">\\</span><span class=\"sf-dump-ellipsis-tail\">Patient</span></span> {<a class=sf-dump-ref>#1374</a><samp data-depth=3 class=sf-dump-compact>
      #<span class=sf-dump-protected title=\"Protected property\">connection</span>: \"<span class=sf-dump-str title=\"5 characters\">mysql</span>\"
      #<span class=sf-dump-protected title=\"Protected property\">table</span>: \"<span class=sf-dump-str title=\"8 characters\">patients</span>\"
      #<span class=sf-dump-protected title=\"Protected property\">primaryKey</span>: \"<span class=sf-dump-str title=\"2 characters\">id</span>\"
      #<span class=sf-dump-protected title=\"Protected property\">keyType</span>: \"<span class=sf-dump-str title=\"3 characters\">int</span>\"
      +<span class=sf-dump-public title=\"Public property\">incrementing</span>: <span class=sf-dump-const>true</span>
      #<span class=sf-dump-protected title=\"Protected property\">with</span>: []
      #<span class=sf-dump-protected title=\"Protected property\">withCount</span>: []
      +<span class=sf-dump-public title=\"Public property\">preventsLazyLoading</span>: <span class=sf-dump-const>false</span>
      #<span class=sf-dump-protected title=\"Protected property\">perPage</span>: <span class=sf-dump-num>15</span>
      +<span class=sf-dump-public title=\"Public property\">exists</span>: <span class=sf-dump-const>true</span>
      +<span class=sf-dump-public title=\"Public property\">wasRecentlyCreated</span>: <span class=sf-dump-const>false</span>
      #<span class=sf-dump-protected title=\"Protected property\">escapeWhenCastingToString</span>: <span class=sf-dump-const>false</span>
      #<span class=sf-dump-protected title=\"Protected property\">attributes</span>: <span class=sf-dump-note>array:18</span> [ &#8230;18]
      #<span class=sf-dump-protected title=\"Protected property\">original</span>: <span class=sf-dump-note>array:18</span> [ &#8230;18]
      #<span class=sf-dump-protected title=\"Protected property\">changes</span>: []
      #<span class=sf-dump-protected title=\"Protected property\">casts</span>: []
      #<span class=sf-dump-protected title=\"Protected property\">classCastCache</span>: []
      #<span class=sf-dump-protected title=\"Protected property\">attributeCastCache</span>: []
      #<span class=sf-dump-protected title=\"Protected property\">dates</span>: []
      #<span class=sf-dump-protected title=\"Protected property\">dateFormat</span>: <span class=sf-dump-const>null</span>
      #<span class=sf-dump-protected title=\"Protected property\">appends</span>: []
      #<span class=sf-dump-protected title=\"Protected property\">dispatchesEvents</span>: []
      #<span class=sf-dump-protected title=\"Protected property\">observables</span>: []
      #<span class=sf-dump-protected title=\"Protected property\">relations</span>: []
      #<span class=sf-dump-protected title=\"Protected property\">touches</span>: []
      +<span class=sf-dump-public title=\"Public property\">timestamps</span>: <span class=sf-dump-const>true</span>
      #<span class=sf-dump-protected title=\"Protected property\">hidden</span>: []
      #<span class=sf-dump-protected title=\"Protected property\">visible</span>: []
      #<span class=sf-dump-protected title=\"Protected property\">fillable</span>: []
      #<span class=sf-dump-protected title=\"Protected property\">guarded</span>: []
    </samp>}
  </samp>]
  #<span class=sf-dump-protected title=\"Protected property\">escapeWhenCastingToString</span>: <span class=sf-dump-const>false</span>
</samp>}
</pre><script>Sfdump(\"sf-dump-1945969002\", {\"maxDepth\":3,\"maxStringLength\":160})</script>
"}},"userId":1,"exception":"[object] (Spatie\\LaravelIgnition\\Exceptions\\ViewException(code: 0): Call to a member function format() on null at /Users/minpyaesonenyein/projects/skincollection/resources/views/patient-photo/edit.blade.php:107)
[stacktrace]
#0 /Users/minpyaesonenyein/projects/skincollection/vendor/laravel/framework/src/Illuminate/Filesystem/Filesystem.php(109): require()
#1 /Users/minpyaesonenyein/projects/skincollection/vendor/laravel/framework/src/Illuminate/Filesystem/Filesystem.php(110): Illuminate\\Filesystem\\Filesystem::{closure:Illuminate\\Filesystem\\Filesystem::getRequire():106}()
#2 /Users/minpyaesonenyein/projects/skincollection/vendor/laravel/framework/src/Illuminate/View/Engines/PhpEngine.php(58): Illuminate\\Filesystem\\Filesystem->getRequire('/Users/minpyaes...', Array)
#3 /Users/minpyaesonenyein/projects/skincollection/vendor/livewire/livewire/src/Mechanisms/ExtendBlade/ExtendedCompilerEngine.php(22): Illuminate\\View\\Engines\\PhpEngine->evaluatePath('/Users/minpyaes...', Array)
#4 /Users/minpyaesonenyein/projects/skincollection/vendor/laravel/framework/src/Illuminate/View/Engines/CompilerEngine.php(70): Livewire\\Mechanisms\\ExtendBlade\\ExtendedCompilerEngine->evaluatePath('/Users/minpyaes...', Array)
#5 /Users/minpyaesonenyein/projects/skincollection/vendor/livewire/livewire/src/Mechanisms/ExtendBlade/ExtendedCompilerEngine.php(10): Illuminate\\View\\Engines\\CompilerEngine->get('/Users/minpyaes...', Array)
#6 /Users/minpyaesonenyein/projects/skincollection/vendor/laravel/framework/src/Illuminate/View/View.php(195): Livewire\\Mechanisms\\ExtendBlade\\ExtendedCompilerEngine->get('/Users/minpyaes...', Array)
#7 /Users/minpyaesonenyein/projects/skincollection/vendor/laravel/framework/src/Illuminate/View/View.php(178): Illuminate\\View\\View->getContents()
#8 /Users/minpyaesonenyein/projects/skincollection/vendor/laravel/framework/src/Illuminate/View/View.php(147): Illuminate\\View\\View->renderContents()
#9 /Users/minpyaesonenyein/projects/skincollection/vendor/laravel/framework/src/Illuminate/Http/Response.php(69): Illuminate\\View\\View->render()
#10 /Users/minpyaesonenyein/projects/skincollection/vendor/laravel/framework/src/Illuminate/Http/Response.php(35): Illuminate\\Http\\Response->setContent(Object(Illuminate\\View\\View))
#11 /Users/minpyaesonenyein/projects/skincollection/vendor/laravel/framework/src/Illuminate/Routing/Router.php(906): Illuminate\\Http\\Response->__construct(Object(Illuminate\\View\\View), 200, Array)
#12 /Users/minpyaesonenyein/projects/skincollection/vendor/laravel/framework/src/Illuminate/Routing/Router.php(875): Illuminate\\Routing\\Router::toResponse(Object(Illuminate\\Http\\Request), Object(Illuminate\\View\\View))
#13 /Users/minpyaesonenyein/projects/skincollection/vendor/laravel/framework/src/Illuminate/Routing/Router.php(797): Illuminate\\Routing\\Router->prepareResponse(Object(Illuminate\\Http\\Request), Object(Illuminate\\View\\View))
#14 /Users/minpyaesonenyein/projects/skincollection/vendor/laravel/framework/src/Illuminate/Pipeline/Pipeline.php(141): Illuminate\\Routing\\Router->{closure:Illuminate\\Routing\\Router::runRouteWithinStack():797}(Object(Illuminate\\Http\\Request))
#15 /Users/minpyaesonenyein/projects/skincollection/app/Http/Middleware/EnsureClinicContext.php(34): Illuminate\\Pipeline\\Pipeline->{closure:Illuminate\\Pipeline\\Pipeline::prepareDestination():139}(Object(Illuminate\\Http\\Request))
#16 /Users/minpyaesonenyein/projects/skincollection/vendor/laravel/framework/src/Illuminate/Pipeline/Pipeline.php(180): App\\Http\\Middleware\\EnsureClinicContext->handle(Object(Illuminate\\Http\\Request), Object(Closure))
#17 /Users/minpyaesonenyein/projects/skincollection/vendor/laravel/framework/src/Illuminate/Routing/Middleware/SubstituteBindings.php(50): Illuminate\\Pipeline\\Pipeline->{closure:{closure:Illuminate\\Pipeline\\Pipeline::carry():155}:156}(Object(Illuminate\\Http\\Request))
#18 /Users/minpyaesonenyein/projects/skincollection/vendor/laravel/framework/src/Illuminate/Pipeline/Pipeline.php(180): Illuminate\\Routing\\Middleware\\SubstituteBindings->handle(Object(Illuminate\\Http\\Request), Object(Closure))
#19 /Users/minpyaesonenyein/projects/skincollection/vendor/laravel/framework/src/Illuminate/Auth/Middleware/Authenticate.php(44): Illuminate\\Pipeline\\Pipeline->{closure:{closure:Illuminate\\Pipeline\\Pipeline::carry():155}:156}(Object(Illuminate\\Http\\Request))
#20 /Users/minpyaesonenyein/projects/skincollection/vendor/laravel/framework/src/Illuminate/Pipeline/Pipeline.php(180): Illuminate\\Auth\\Middleware\\Authenticate->handle(Object(Illuminate\\Http\\Request), Object(Closure))
#21 /Users/minpyaesonenyein/projects/skincollection/vendor/laravel/framework/src/Illuminate/Foundation/Http/Middleware/VerifyCsrfToken.php(78): Illuminate\\Pipeline\\Pipeline->{closure:{closure:Illuminate\\Pipeline\\Pipeline::carry():155}:156}(Object(Illuminate\\Http\\Request))
#22 /Users/minpyaesonenyein/projects/skincollection/vendor/laravel/framework/src/Illuminate/Pipeline/Pipeline.php(180): Illuminate\\Foundation\\Http\\Middleware\\VerifyCsrfToken->handle(Object(Illuminate\\Http\\Request), Object(Closure))
#23 /Users/minpyaesonenyein/projects/skincollection/vendor/laravel/framework/src/Illuminate/View/Middleware/ShareErrorsFromSession.php(49): Illuminate\\Pipeline\\Pipeline->{closure:{closure:Illuminate\\Pipeline\\Pipeline::carry():155}:156}(Object(Illuminate\\Http\\Request))
#24 /Users/minpyaesonenyein/projects/skincollection/vendor/laravel/framework/src/Illuminate/Pipeline/Pipeline.php(180): Illuminate\\View\\Middleware\\ShareErrorsFromSession->handle(Object(Illuminate\\Http\\Request), Object(Closure))
#25 /Users/minpyaesonenyein/projects/skincollection/vendor/laravel/framework/src/Illuminate/Session/Middleware/StartSession.php(121): Illuminate\\Pipeline\\Pipeline->{closure:{closure:Illuminate\\Pipeline\\Pipeline::carry():155}:156}(Object(Illuminate\\Http\\Request))
#26 /Users/minpyaesonenyein/projects/skincollection/vendor/laravel/framework/src/Illuminate/Session/Middleware/StartSession.php(64): Illuminate\\Session\\Middleware\\StartSession->handleStatefulRequest(Object(Illuminate\\Http\\Request), Object(Illuminate\\Session\\Store), Object(Closure))
#27 /Users/minpyaesonenyein/projects/skincollection/vendor/laravel/framework/src/Illuminate/Pipeline/Pipeline.php(180): Illuminate\\Session\\Middleware\\StartSession->handle(Object(Illuminate\\Http\\Request), Object(Closure))
#28 /Users/minpyaesonenyein/projects/skincollection/vendor/laravel/framework/src/Illuminate/Cookie/Middleware/AddQueuedCookiesToResponse.php(37): Illuminate\\Pipeline\\Pipeline->{closure:{closure:Illuminate\\Pipeline\\Pipeline::carry():155}:156}(Object(Illuminate\\Http\\Request))
#29 /Users/minpyaesonenyein/projects/skincollection/vendor/laravel/framework/src/Illuminate/Pipeline/Pipeline.php(180): Illuminate\\Cookie\\Middleware\\AddQueuedCookiesToResponse->handle(Object(Illuminate\\Http\\Request), Object(Closure))
#30 /Users/minpyaesonenyein/projects/skincollection/vendor/laravel/framework/src/Illuminate/Cookie/Middleware/EncryptCookies.php(67): Illuminate\\Pipeline\\Pipeline->{closure:{closure:Illuminate\\Pipeline\\Pipeline::carry():155}:156}(Object(Illuminate\\Http\\Request))
#31 /Users/minpyaesonenyein/projects/skincollection/vendor/laravel/framework/src/Illuminate/Pipeline/Pipeline.php(180): Illuminate\\Cookie\\Middleware\\EncryptCookies->handle(Object(Illuminate\\Http\\Request), Object(Closure))
#32 /Users/minpyaesonenyein/projects/skincollection/vendor/laravel/framework/src/Illuminate/Pipeline/Pipeline.php(116): Illuminate\\Pipeline\\Pipeline->{closure:{closure:Illuminate\\Pipeline\\Pipeline::carry():155}:156}(Object(Illuminate\\Http\\Request))
#33 /Users/minpyaesonenyein/projects/skincollection/vendor/laravel/framework/src/Illuminate/Routing/Router.php(797): Illuminate\\Pipeline\\Pipeline->then(Object(Closure))
#34 /Users/minpyaesonenyein/projects/skincollection/vendor/laravel/framework/src/Illuminate/Routing/Router.php(776): Illuminate\\Routing\\Router->runRouteWithinStack(Object(Illuminate\\Routing\\Route), Object(Illuminate\\Http\\Request))
#35 /Users/minpyaesonenyein/projects/skincollection/vendor/laravel/framework/src/Illuminate/Routing/Router.php(740): Illuminate\\Routing\\Router->runRoute(Object(Illuminate\\Http\\Request), Object(Illuminate\\Routing\\Route))
#36 /Users/minpyaesonenyein/projects/skincollection/vendor/laravel/framework/src/Illuminate/Routing/Router.php(729): Illuminate\\Routing\\Router->dispatchToRoute(Object(Illuminate\\Http\\Request))
#37 /Users/minpyaesonenyein/projects/skincollection/vendor/laravel/framework/src/Illuminate/Foundation/Http/Kernel.php(190): Illuminate\\Routing\\Router->dispatch(Object(Illuminate\\Http\\Request))
#38 /Users/minpyaesonenyein/projects/skincollection/vendor/laravel/framework/src/Illuminate/Pipeline/Pipeline.php(141): Illuminate\\Foundation\\Http\\Kernel->{closure:Illuminate\\Foundation\\Http\\Kernel::dispatchToRouter():187}(Object(Illuminate\\Http\\Request))
#39 /Users/minpyaesonenyein/projects/skincollection/vendor/livewire/livewire/src/Features/SupportDisablingBackButtonCache/DisableBackButtonCacheMiddleware.php(19): Illuminate\\Pipeline\\Pipeline->{closure:Illuminate\\Pipeline\\Pipeline::prepareDestination():139}(Object(Illuminate\\Http\\Request))
#40 /Users/minpyaesonenyein/projects/skincollection/vendor/laravel/framework/src/Illuminate/Pipeline/Pipeline.php(180): Livewire\\Features\\SupportDisablingBackButtonCache\\DisableBackButtonCacheMiddleware->handle(Object(Illuminate\\Http\\Request), Object(Closure))
#41 /Users/minpyaesonenyein/projects/skincollection/vendor/laravel/framework/src/Illuminate/Foundation/Http/Middleware/TransformsRequest.php(21): Illuminate\\Pipeline\\Pipeline->{closure:{closure:Illuminate\\Pipeline\\Pipeline::carry():155}:156}(Object(Illuminate\\Http\\Request))
#42 /Users/minpyaesonenyein/projects/skincollection/vendor/laravel/framework/src/Illuminate/Foundation/Http/Middleware/ConvertEmptyStringsToNull.php(31): Illuminate\\Foundation\\Http\\Middleware\\TransformsRequest->handle(Object(Illuminate\\Http\\Request), Object(Closure))
#43 /Users/minpyaesonenyein/projects/skincollection/vendor/laravel/framework/src/Illuminate/Pipeline/Pipeline.php(180): Illuminate\\Foundation\\Http\\Middleware\\ConvertEmptyStringsToNull->handle(Object(Illuminate\\Http\\Request), Object(Closure))
#44 /Users/minpyaesonenyein/projects/skincollection/vendor/laravel/framework/src/Illuminate/Foundation/Http/Middleware/TransformsRequest.php(21): Illuminate\\Pipeline\\Pipeline->{closure:{closure:Illuminate\\Pipeline\\Pipeline::carry():155}:156}(Object(Illuminate\\Http\\Request))
#45 /Users/minpyaesonenyein/projects/skincollection/vendor/laravel/framework/src/Illuminate/Foundation/Http/Middleware/TrimStrings.php(40): Illuminate\\Foundation\\Http\\Middleware\\TransformsRequest->handle(Object(Illuminate\\Http\\Request), Object(Closure))
#46 /Users/minpyaesonenyein/projects/skincollection/vendor/laravel/framework/src/Illuminate/Pipeline/Pipeline.php(180): Illuminate\\Foundation\\Http\\Middleware\\TrimStrings->handle(Object(Illuminate\\Http\\Request), Object(Closure))
#47 /Users/minpyaesonenyein/projects/skincollection/vendor/laravel/framework/src/Illuminate/Foundation/Http/Middleware/ValidatePostSize.php(27): Illuminate\\Pipeline\\Pipeline->{closure:{closure:Illuminate\\Pipeline\\Pipeline::carry():155}:156}(Object(Illuminate\\Http\\Request))
#48 /Users/minpyaesonenyein/projects/skincollection/vendor/laravel/framework/src/Illuminate/Pipeline/Pipeline.php(180): Illuminate\\Foundation\\Http\\Middleware\\ValidatePostSize->handle(Object(Illuminate\\Http\\Request), Object(Closure))
#49 /Users/minpyaesonenyein/projects/skincollection/vendor/laravel/framework/src/Illuminate/Foundation/Http/Middleware/PreventRequestsDuringMaintenance.php(86): Illuminate\\Pipeline\\Pipeline->{closure:{closure:Illuminate\\Pipeline\\Pipeline::carry():155}:156}(Object(Illuminate\\Http\\Request))
#50 /Users/minpyaesonenyein/projects/skincollection/vendor/laravel/framework/src/Illuminate/Pipeline/Pipeline.php(180): Illuminate\\Foundation\\Http\\Middleware\\PreventRequestsDuringMaintenance->handle(Object(Illuminate\\Http\\Request), Object(Closure))
#51 /Users/minpyaesonenyein/projects/skincollection/vendor/fruitcake/laravel-cors/src/HandleCors.php(38): Illuminate\\Pipeline\\Pipeline->{closure:{closure:Illuminate\\Pipeline\\Pipeline::carry():155}:156}(Object(Illuminate\\Http\\Request))
#52 /Users/minpyaesonenyein/projects/skincollection/vendor/laravel/framework/src/Illuminate/Pipeline/Pipeline.php(180): Fruitcake\\Cors\\HandleCors->handle(Object(Illuminate\\Http\\Request), Object(Closure))
#53 /Users/minpyaesonenyein/projects/skincollection/vendor/laravel/framework/src/Illuminate/Http/Middleware/TrustProxies.php(39): Illuminate\\Pipeline\\Pipeline->{closure:{closure:Illuminate\\Pipeline\\Pipeline::carry():155}:156}(Object(Illuminate\\Http\\Request))
#54 /Users/minpyaesonenyein/projects/skincollection/vendor/laravel/framework/src/Illuminate/Pipeline/Pipeline.php(180): Illuminate\\Http\\Middleware\\TrustProxies->handle(Object(Illuminate\\Http\\Request), Object(Closure))
#55 /Users/minpyaesonenyein/projects/skincollection/vendor/laravel/framework/src/Illuminate/Pipeline/Pipeline.php(116): Illuminate\\Pipeline\\Pipeline->{closure:{closure:Illuminate\\Pipeline\\Pipeline::carry():155}:156}(Object(Illuminate\\Http\\Request))
#56 /Users/minpyaesonenyein/projects/skincollection/vendor/laravel/framework/src/Illuminate/Foundation/Http/Kernel.php(165): Illuminate\\Pipeline\\Pipeline->then(Object(Closure))
#57 /Users/minpyaesonenyein/projects/skincollection/vendor/laravel/framework/src/Illuminate/Foundation/Http/Kernel.php(134): Illuminate\\Foundation\\Http\\Kernel->sendRequestThroughRouter(Object(Illuminate\\Http\\Request))
#58 /Users/minpyaesonenyein/projects/skincollection/public/index.php(51): Illuminate\\Foundation\\Http\\Kernel->handle(Object(Illuminate\\Http\\Request))
#59 /Users/minpyaesonenyein/projects/skincollection/server.php(21): require_once('/Users/minpyaes...')
#60 {main}

[previous exception] [object] (Error(code: 0): Call to a member function format() on null at /Users/minpyaesonenyein/projects/skincollection/storage/framework/views/280eb4a917e1ed4c29b400dea12cef3119439594.php:127)
[stacktrace]
#0 /Users/minpyaesonenyein/projects/skincollection/vendor/laravel/framework/src/Illuminate/Filesystem/Filesystem.php(109): require()
#1 /Users/minpyaesonenyein/projects/skincollection/vendor/laravel/framework/src/Illuminate/Filesystem/Filesystem.php(110): Illuminate\\Filesystem\\Filesystem::{closure:Illuminate\\Filesystem\\Filesystem::getRequire():106}()
#2 /Users/minpyaesonenyein/projects/skincollection/vendor/laravel/framework/src/Illuminate/View/Engines/PhpEngine.php(58): Illuminate\\Filesystem\\Filesystem->getRequire('/Users/minpyaes...', Array)
#3 /Users/minpyaesonenyein/projects/skincollection/vendor/livewire/livewire/src/Mechanisms/ExtendBlade/ExtendedCompilerEngine.php(22): Illuminate\\View\\Engines\\PhpEngine->evaluatePath('/Users/minpyaes...', Array)
#4 /Users/minpyaesonenyein/projects/skincollection/vendor/laravel/framework/src/Illuminate/View/Engines/CompilerEngine.php(70): Livewire\\Mechanisms\\ExtendBlade\\ExtendedCompilerEngine->evaluatePath('/Users/minpyaes...', Array)
#5 /Users/minpyaesonenyein/projects/skincollection/vendor/livewire/livewire/src/Mechanisms/ExtendBlade/ExtendedCompilerEngine.php(10): Illuminate\\View\\Engines\\CompilerEngine->get('/Users/minpyaes...', Array)
#6 /Users/minpyaesonenyein/projects/skincollection/vendor/laravel/framework/src/Illuminate/View/View.php(195): Livewire\\Mechanisms\\ExtendBlade\\ExtendedCompilerEngine->get('/Users/minpyaes...', Array)
#7 /Users/minpyaesonenyein/projects/skincollection/vendor/laravel/framework/src/Illuminate/View/View.php(178): Illuminate\\View\\View->getContents()
#8 /Users/minpyaesonenyein/projects/skincollection/vendor/laravel/framework/src/Illuminate/View/View.php(147): Illuminate\\View\\View->renderContents()
#9 /Users/minpyaesonenyein/projects/skincollection/vendor/laravel/framework/src/Illuminate/Http/Response.php(69): Illuminate\\View\\View->render()
#10 /Users/minpyaesonenyein/projects/skincollection/vendor/laravel/framework/src/Illuminate/Http/Response.php(35): Illuminate\\Http\\Response->setContent(Object(Illuminate\\View\\View))
#11 /Users/minpyaesonenyein/projects/skincollection/vendor/laravel/framework/src/Illuminate/Routing/Router.php(906): Illuminate\\Http\\Response->__construct(Object(Illuminate\\View\\View), 200, Array)
#12 /Users/minpyaesonenyein/projects/skincollection/vendor/laravel/framework/src/Illuminate/Routing/Router.php(875): Illuminate\\Routing\\Router::toResponse(Object(Illuminate\\Http\\Request), Object(Illuminate\\View\\View))
#13 /Users/minpyaesonenyein/projects/skincollection/vendor/laravel/framework/src/Illuminate/Routing/Router.php(797): Illuminate\\Routing\\Router->prepareResponse(Object(Illuminate\\Http\\Request), Object(Illuminate\\View\\View))
#14 /Users/minpyaesonenyein/projects/skincollection/vendor/laravel/framework/src/Illuminate/Pipeline/Pipeline.php(141): Illuminate\\Routing\\Router->{closure:Illuminate\\Routing\\Router::runRouteWithinStack():797}(Object(Illuminate\\Http\\Request))
#15 /Users/minpyaesonenyein/projects/skincollection/app/Http/Middleware/EnsureClinicContext.php(34): Illuminate\\Pipeline\\Pipeline->{closure:Illuminate\\Pipeline\\Pipeline::prepareDestination():139}(Object(Illuminate\\Http\\Request))
#16 /Users/minpyaesonenyein/projects/skincollection/vendor/laravel/framework/src/Illuminate/Pipeline/Pipeline.php(180): App\\Http\\Middleware\\EnsureClinicContext->handle(Object(Illuminate\\Http\\Request), Object(Closure))
#17 /Users/minpyaesonenyein/projects/skincollection/vendor/laravel/framework/src/Illuminate/Routing/Middleware/SubstituteBindings.php(50): Illuminate\\Pipeline\\Pipeline->{closure:{closure:Illuminate\\Pipeline\\Pipeline::carry():155}:156}(Object(Illuminate\\Http\\Request))
#18 /Users/minpyaesonenyein/projects/skincollection/vendor/laravel/framework/src/Illuminate/Pipeline/Pipeline.php(180): Illuminate\\Routing\\Middleware\\SubstituteBindings->handle(Object(Illuminate\\Http\\Request), Object(Closure))
#19 /Users/minpyaesonenyein/projects/skincollection/vendor/laravel/framework/src/Illuminate/Auth/Middleware/Authenticate.php(44): Illuminate\\Pipeline\\Pipeline->{closure:{closure:Illuminate\\Pipeline\\Pipeline::carry():155}:156}(Object(Illuminate\\Http\\Request))
#20 /Users/minpyaesonenyein/projects/skincollection/vendor/laravel/framework/src/Illuminate/Pipeline/Pipeline.php(180): Illuminate\\Auth\\Middleware\\Authenticate->handle(Object(Illuminate\\Http\\Request), Object(Closure))
#21 /Users/minpyaesonenyein/projects/skincollection/vendor/laravel/framework/src/Illuminate/Foundation/Http/Middleware/VerifyCsrfToken.php(78): Illuminate\\Pipeline\\Pipeline->{closure:{closure:Illuminate\\Pipeline\\Pipeline::carry():155}:156}(Object(Illuminate\\Http\\Request))
#22 /Users/minpyaesonenyein/projects/skincollection/vendor/laravel/framework/src/Illuminate/Pipeline/Pipeline.php(180): Illuminate\\Foundation\\Http\\Middleware\\VerifyCsrfToken->handle(Object(Illuminate\\Http\\Request), Object(Closure))
#23 /Users/minpyaesonenyein/projects/skincollection/vendor/laravel/framework/src/Illuminate/View/Middleware/ShareErrorsFromSession.php(49): Illuminate\\Pipeline\\Pipeline->{closure:{closure:Illuminate\\Pipeline\\Pipeline::carry():155}:156}(Object(Illuminate\\Http\\Request))
#24 /Users/minpyaesonenyein/projects/skincollection/vendor/laravel/framework/src/Illuminate/Pipeline/Pipeline.php(180): Illuminate\\View\\Middleware\\ShareErrorsFromSession->handle(Object(Illuminate\\Http\\Request), Object(Closure))
#25 /Users/minpyaesonenyein/projects/skincollection/vendor/laravel/framework/src/Illuminate/Session/Middleware/StartSession.php(121): Illuminate\\Pipeline\\Pipeline->{closure:{closure:Illuminate\\Pipeline\\Pipeline::carry():155}:156}(Object(Illuminate\\Http\\Request))
#26 /Users/minpyaesonenyein/projects/skincollection/vendor/laravel/framework/src/Illuminate/Session/Middleware/StartSession.php(64): Illuminate\\Session\\Middleware\\StartSession->handleStatefulRequest(Object(Illuminate\\Http\\Request), Object(Illuminate\\Session\\Store), Object(Closure))
#27 /Users/minpyaesonenyein/projects/skincollection/vendor/laravel/framework/src/Illuminate/Pipeline/Pipeline.php(180): Illuminate\\Session\\Middleware\\StartSession->handle(Object(Illuminate\\Http\\Request), Object(Closure))
#28 /Users/minpyaesonenyein/projects/skincollection/vendor/laravel/framework/src/Illuminate/Cookie/Middleware/AddQueuedCookiesToResponse.php(37): Illuminate\\Pipeline\\Pipeline->{closure:{closure:Illuminate\\Pipeline\\Pipeline::carry():155}:156}(Object(Illuminate\\Http\\Request))
#29 /Users/minpyaesonenyein/projects/skincollection/vendor/laravel/framework/src/Illuminate/Pipeline/Pipeline.php(180): Illuminate\\Cookie\\Middleware\\AddQueuedCookiesToResponse->handle(Object(Illuminate\\Http\\Request), Object(Closure))
#30 /Users/minpyaesonenyein/projects/skincollection/vendor/laravel/framework/src/Illuminate/Cookie/Middleware/EncryptCookies.php(67): Illuminate\\Pipeline\\Pipeline->{closure:{closure:Illuminate\\Pipeline\\Pipeline::carry():155}:156}(Object(Illuminate\\Http\\Request))
#31 /Users/minpyaesonenyein/projects/skincollection/vendor/laravel/framework/src/Illuminate/Pipeline/Pipeline.php(180): Illuminate\\Cookie\\Middleware\\EncryptCookies->handle(Object(Illuminate\\Http\\Request), Object(Closure))
#32 /Users/minpyaesonenyein/projects/skincollection/vendor/laravel/framework/src/Illuminate/Pipeline/Pipeline.php(116): Illuminate\\Pipeline\\Pipeline->{closure:{closure:Illuminate\\Pipeline\\Pipeline::carry():155}:156}(Object(Illuminate\\Http\\Request))
#33 /Users/minpyaesonenyein/projects/skincollection/vendor/laravel/framework/src/Illuminate/Routing/Router.php(797): Illuminate\\Pipeline\\Pipeline->then(Object(Closure))
#34 /Users/minpyaesonenyein/projects/skincollection/vendor/laravel/framework/src/Illuminate/Routing/Router.php(776): Illuminate\\Routing\\Router->runRouteWithinStack(Object(Illuminate\\Routing\\Route), Object(Illuminate\\Http\\Request))
#35 /Users/minpyaesonenyein/projects/skincollection/vendor/laravel/framework/src/Illuminate/Routing/Router.php(740): Illuminate\\Routing\\Router->runRoute(Object(Illuminate\\Http\\Request), Object(Illuminate\\Routing\\Route))
#36 /Users/minpyaesonenyein/projects/skincollection/vendor/laravel/framework/src/Illuminate/Routing/Router.php(729): Illuminate\\Routing\\Router->dispatchToRoute(Object(Illuminate\\Http\\Request))
#37 /Users/minpyaesonenyein/projects/skincollection/vendor/laravel/framework/src/Illuminate/Foundation/Http/Kernel.php(190): Illuminate\\Routing\\Router->dispatch(Object(Illuminate\\Http\\Request))
#38 /Users/minpyaesonenyein/projects/skincollection/vendor/laravel/framework/src/Illuminate/Pipeline/Pipeline.php(141): Illuminate\\Foundation\\Http\\Kernel->{closure:Illuminate\\Foundation\\Http\\Kernel::dispatchToRouter():187}(Object(Illuminate\\Http\\Request))
#39 /Users/minpyaesonenyein/projects/skincollection/vendor/livewire/livewire/src/Features/SupportDisablingBackButtonCache/DisableBackButtonCacheMiddleware.php(19): Illuminate\\Pipeline\\Pipeline->{closure:Illuminate\\Pipeline\\Pipeline::prepareDestination():139}(Object(Illuminate\\Http\\Request))
#40 /Users/minpyaesonenyein/projects/skincollection/vendor/laravel/framework/src/Illuminate/Pipeline/Pipeline.php(180): Livewire\\Features\\SupportDisablingBackButtonCache\\DisableBackButtonCacheMiddleware->handle(Object(Illuminate\\Http\\Request), Object(Closure))
#41 /Users/minpyaesonenyein/projects/skincollection/vendor/laravel/framework/src/Illuminate/Foundation/Http/Middleware/TransformsRequest.php(21): Illuminate\\Pipeline\\Pipeline->{closure:{closure:Illuminate\\Pipeline\\Pipeline::carry():155}:156}(Object(Illuminate\\Http\\Request))
#42 /Users/minpyaesonenyein/projects/skincollection/vendor/laravel/framework/src/Illuminate/Foundation/Http/Middleware/ConvertEmptyStringsToNull.php(31): Illuminate\\Foundation\\Http\\Middleware\\TransformsRequest->handle(Object(Illuminate\\Http\\Request), Object(Closure))
#43 /Users/minpyaesonenyein/projects/skincollection/vendor/laravel/framework/src/Illuminate/Pipeline/Pipeline.php(180): Illuminate\\Foundation\\Http\\Middleware\\ConvertEmptyStringsToNull->handle(Object(Illuminate\\Http\\Request), Object(Closure))
#44 /Users/minpyaesonenyein/projects/skincollection/vendor/laravel/framework/src/Illuminate/Foundation/Http/Middleware/TransformsRequest.php(21): Illuminate\\Pipeline\\Pipeline->{closure:{closure:Illuminate\\Pipeline\\Pipeline::carry():155}:156}(Object(Illuminate\\Http\\Request))
#45 /Users/minpyaesonenyein/projects/skincollection/vendor/laravel/framework/src/Illuminate/Foundation/Http/Middleware/TrimStrings.php(40): Illuminate\\Foundation\\Http\\Middleware\\TransformsRequest->handle(Object(Illuminate\\Http\\Request), Object(Closure))
#46 /Users/minpyaesonenyein/projects/skincollection/vendor/laravel/framework/src/Illuminate/Pipeline/Pipeline.php(180): Illuminate\\Foundation\\Http\\Middleware\\TrimStrings->handle(Object(Illuminate\\Http\\Request), Object(Closure))
#47 /Users/minpyaesonenyein/projects/skincollection/vendor/laravel/framework/src/Illuminate/Foundation/Http/Middleware/ValidatePostSize.php(27): Illuminate\\Pipeline\\Pipeline->{closure:{closure:Illuminate\\Pipeline\\Pipeline::carry():155}:156}(Object(Illuminate\\Http\\Request))
#48 /Users/minpyaesonenyein/projects/skincollection/vendor/laravel/framework/src/Illuminate/Pipeline/Pipeline.php(180): Illuminate\\Foundation\\Http\\Middleware\\ValidatePostSize->handle(Object(Illuminate\\Http\\Request), Object(Closure))
#49 /Users/minpyaesonenyein/projects/skincollection/vendor/laravel/framework/src/Illuminate/Foundation/Http/Middleware/PreventRequestsDuringMaintenance.php(86): Illuminate\\Pipeline\\Pipeline->{closure:{closure:Illuminate\\Pipeline\\Pipeline::carry():155}:156}(Object(Illuminate\\Http\\Request))
#50 /Users/minpyaesonenyein/projects/skincollection/vendor/laravel/framework/src/Illuminate/Pipeline/Pipeline.php(180): Illuminate\\Foundation\\Http\\Middleware\\PreventRequestsDuringMaintenance->handle(Object(Illuminate\\Http\\Request), Object(Closure))
#51 /Users/minpyaesonenyein/projects/skincollection/vendor/fruitcake/laravel-cors/src/HandleCors.php(38): Illuminate\\Pipeline\\Pipeline->{closure:{closure:Illuminate\\Pipeline\\Pipeline::carry():155}:156}(Object(Illuminate\\Http\\Request))
#52 /Users/minpyaesonenyein/projects/skincollection/vendor/laravel/framework/src/Illuminate/Pipeline/Pipeline.php(180): Fruitcake\\Cors\\HandleCors->handle(Object(Illuminate\\Http\\Request), Object(Closure))
#53 /Users/minpyaesonenyein/projects/skincollection/vendor/laravel/framework/src/Illuminate/Http/Middleware/TrustProxies.php(39): Illuminate\\Pipeline\\Pipeline->{closure:{closure:Illuminate\\Pipeline\\Pipeline::carry():155}:156}(Object(Illuminate\\Http\\Request))
#54 /Users/minpyaesonenyein/projects/skincollection/vendor/laravel/framework/src/Illuminate/Pipeline/Pipeline.php(180): Illuminate\\Http\\Middleware\\TrustProxies->handle(Object(Illuminate\\Http\\Request), Object(Closure))
#55 /Users/minpyaesonenyein/projects/skincollection/vendor/laravel/framework/src/Illuminate/Pipeline/Pipeline.php(116): Illuminate\\Pipeline\\Pipeline->{closure:{closure:Illuminate\\Pipeline\\Pipeline::carry():155}:156}(Object(Illuminate\\Http\\Request))
#56 /Users/minpyaesonenyein/projects/skincollection/vendor/laravel/framework/src/Illuminate/Foundation/Http/Kernel.php(165): Illuminate\\Pipeline\\Pipeline->then(Object(Closure))
#57 /Users/minpyaesonenyein/projects/skincollection/vendor/laravel/framework/src/Illuminate/Foundation/Http/Kernel.php(134): Illuminate\\Foundation\\Http\\Kernel->sendRequestThroughRouter(Object(Illuminate\\Http\\Request))
#58 /Users/minpyaesonenyein/projects/skincollection/public/index.php(51): Illuminate\\Foundation\\Http\\Kernel->handle(Object(Illuminate\\Http\\Request))
#59 /Users/minpyaesonenyein/projects/skincollection/server.php(21): require_once('/Users/minpyaes...')
#60 {main}
"} 
[2025-12-20 09:34:16] local.ERROR: The "--columns" option does not exist. {"exception":"[object] (Symfony\\Component\\Console\\Exception\\RuntimeException(code: 0): The \"--columns\" option does not exist. at /Users/minpyaesonenyein/projects/skincollection/vendor/symfony/console/Input/ArgvInput.php:223)
[stacktrace]
#0 /Users/minpyaesonenyein/projects/skincollection/vendor/symfony/console/Input/ArgvInput.php(150): Symfony\\Component\\Console\\Input\\ArgvInput->addLongOption('columns', 'method,uri,name...')
#1 /Users/minpyaesonenyein/projects/skincollection/vendor/symfony/console/Input/ArgvInput.php(85): Symfony\\Component\\Console\\Input\\ArgvInput->parseLongOption('--columns=metho...')
#2 /Users/minpyaesonenyein/projects/skincollection/vendor/symfony/console/Input/ArgvInput.php(74): Symfony\\Component\\Console\\Input\\ArgvInput->parseToken('--columns=metho...', true)
#3 /Users/minpyaesonenyein/projects/skincollection/vendor/symfony/console/Input/Input.php(56): Symfony\\Component\\Console\\Input\\ArgvInput->parse()
#4 /Users/minpyaesonenyein/projects/skincollection/vendor/symfony/console/Command/Command.php(285): Symfony\\Component\\Console\\Input\\Input->bind(Object(Symfony\\Component\\Console\\Input\\InputDefinition))
#5 /Users/minpyaesonenyein/projects/skincollection/vendor/laravel/framework/src/Illuminate/Console/Command.php(152): Symfony\\Component\\Console\\Command\\Command->run(Object(Symfony\\Component\\Console\\Input\\ArgvInput), Object(Illuminate\\Console\\OutputStyle))
#6 /Users/minpyaesonenyein/projects/skincollection/vendor/symfony/console/Application.php(1083): Illuminate\\Console\\Command->run(Object(Symfony\\Component\\Console\\Input\\ArgvInput), Object(Symfony\\Component\\Console\\Output\\ConsoleOutput))
#7 /Users/minpyaesonenyein/projects/skincollection/vendor/symfony/console/Application.php(324): Symfony\\Component\\Console\\Application->doRunCommand(Object(Illuminate\\Foundation\\Console\\RouteListCommand), Object(Symfony\\Component\\Console\\Input\\ArgvInput), Object(Symfony\\Component\\Console\\Output\\ConsoleOutput))
#8 /Users/minpyaesonenyein/projects/skincollection/vendor/symfony/console/Application.php(175): Symfony\\Component\\Console\\Application->doRun(Object(Symfony\\Component\\Console\\Input\\ArgvInput), Object(Symfony\\Component\\Console\\Output\\ConsoleOutput))
#9 /Users/minpyaesonenyein/projects/skincollection/vendor/laravel/framework/src/Illuminate/Console/Application.php(102): Symfony\\Component\\Console\\Application->run(Object(Symfony\\Component\\Console\\Input\\ArgvInput), Object(Symfony\\Component\\Console\\Output\\ConsoleOutput))
#10 /Users/minpyaesonenyein/projects/skincollection/vendor/laravel/framework/src/Illuminate/Foundation/Console/Kernel.php(155): Illuminate\\Console\\Application->run(Object(Symfony\\Component\\Console\\Input\\ArgvInput), Object(Symfony\\Component\\Console\\Output\\ConsoleOutput))
#11 /Users/minpyaesonenyein/projects/skincollection/artisan(35): Illuminate\\Foundation\\Console\\Kernel->handle(Object(Symfony\\Component\\Console\\Input\\ArgvInput), Object(Symfony\\Component\\Console\\Output\\ConsoleOutput))
#12 {main}
"} 
[2025-12-20 10:08:52] local.ERROR: Route [photo.view] not defined. {"view":{"view":"/Users/minpyaesonenyein/projects/skincollection/resources/views/patient-photo/index.blade.php","data":{"errors":"<pre class=sf-dump id=sf-dump-1052305867 data-indent-pad=\"  \"><span class=sf-dump-note>Illuminate\\Support\\ViewErrorBag</span> {<a class=sf-dump-ref>#1319</a><samp data-depth=1 class=sf-dump-expanded>
  #<span class=sf-dump-protected title=\"Protected property\">bags</span>: []
</samp>}
</pre><script>Sfdump(\"sf-dump-1052305867\", {\"maxDepth\":3,\"maxStringLength\":160})</script>
","activeClinic":"<pre class=sf-dump id=sf-dump-178648455 data-indent-pad=\"  \"><span class=sf-dump-note>App\\Models\\Clinic</span> {<a class=sf-dump-ref>#1373</a><samp data-depth=1 class=sf-dump-expanded>
  #<span class=sf-dump-protected title=\"Protected property\">connection</span>: \"<span class=sf-dump-str title=\"5 characters\">mysql</span>\"
  #<span class=sf-dump-protected title=\"Protected property\">table</span>: \"<span class=sf-dump-str title=\"7 characters\">clinics</span>\"
  #<span class=sf-dump-protected title=\"Protected property\">primaryKey</span>: \"<span class=sf-dump-str title=\"2 characters\">id</span>\"
  #<span class=sf-dump-protected title=\"Protected property\">keyType</span>: \"<span class=sf-dump-str title=\"3 characters\">int</span>\"
  +<span class=sf-dump-public title=\"Public property\">incrementing</span>: <span class=sf-dump-const>true</span>
  #<span class=sf-dump-protected title=\"Protected property\">with</span>: []
  #<span class=sf-dump-protected title=\"Protected property\">withCount</span>: []
  +<span class=sf-dump-public title=\"Public property\">preventsLazyLoading</span>: <span class=sf-dump-const>false</span>
  #<span class=sf-dump-protected title=\"Protected property\">perPage</span>: <span class=sf-dump-num>15</span>
  +<span class=sf-dump-public title=\"Public property\">exists</span>: <span class=sf-dump-const>true</span>
  +<span class=sf-dump-public title=\"Public property\">wasRecentlyCreated</span>: <span class=sf-dump-const>false</span>
  #<span class=sf-dump-protected title=\"Protected property\">escapeWhenCastingToString</span>: <span class=sf-dump-const>false</span>
  #<span class=sf-dump-protected title=\"Protected property\">attributes</span>: <span class=sf-dump-note>array:9</span> [<samp data-depth=2 class=sf-dump-compact>
    \"<span class=sf-dump-key>id</span>\" => <span class=sf-dump-num>1</span>
    \"<span class=sf-dump-key>name</span>\" => \"<span class=sf-dump-str title=\"11 characters\">Main Clinic</span>\"
    \"<span class=sf-dump-key>prefix</span>\" => \"<span class=sf-dump-str title=\"4 characters\">MAIN</span>\"
    \"<span class=sf-dump-key>email</span>\" => <span class=sf-dump-const>null</span>
    \"<span class=sf-dump-key>phone</span>\" => <span class=sf-dump-const>null</span>
    \"<span class=sf-dump-key>address</span>\" => <span class=sf-dump-const>null</span>
    \"<span class=sf-dump-key>status</span>\" => <span class=sf-dump-num>1</span>
    \"<span class=sf-dump-key>created_at</span>\" => \"<span class=sf-dump-str title=\"19 characters\">2025-12-20 08:16:02</span>\"
    \"<span class=sf-dump-key>updated_at</span>\" => \"<span class=sf-dump-str title=\"19 characters\">2025-12-20 08:16:02</span>\"
  </samp>]
  #<span class=sf-dump-protected title=\"Protected property\">original</span>: <span class=sf-dump-note>array:9</span> [<samp data-depth=2 class=sf-dump-compact>
    \"<span class=sf-dump-key>id</span>\" => <span class=sf-dump-num>1</span>
    \"<span class=sf-dump-key>name</span>\" => \"<span class=sf-dump-str title=\"11 characters\">Main Clinic</span>\"
    \"<span class=sf-dump-key>prefix</span>\" => \"<span class=sf-dump-str title=\"4 characters\">MAIN</span>\"
    \"<span class=sf-dump-key>email</span>\" => <span class=sf-dump-const>null</span>
    \"<span class=sf-dump-key>phone</span>\" => <span class=sf-dump-const>null</span>
    \"<span class=sf-dump-key>address</span>\" => <span class=sf-dump-const>null</span>
    \"<span class=sf-dump-key>status</span>\" => <span class=sf-dump-num>1</span>
    \"<span class=sf-dump-key>created_at</span>\" => \"<span class=sf-dump-str title=\"19 characters\">2025-12-20 08:16:02</span>\"
    \"<span class=sf-dump-key>updated_at</span>\" => \"<span class=sf-dump-str title=\"19 characters\">2025-12-20 08:16:02</span>\"
  </samp>]
  #<span class=sf-dump-protected title=\"Protected property\">changes</span>: []
  #<span class=sf-dump-protected title=\"Protected property\">casts</span>: []
  #<span class=sf-dump-protected title=\"Protected property\">classCastCache</span>: []
  #<span class=sf-dump-protected title=\"Protected property\">attributeCastCache</span>: []
  #<span class=sf-dump-protected title=\"Protected property\">dates</span>: []
  #<span class=sf-dump-protected title=\"Protected property\">dateFormat</span>: <span class=sf-dump-const>null</span>
  #<span class=sf-dump-protected title=\"Protected property\">appends</span>: []
  #<span class=sf-dump-protected title=\"Protected property\">dispatchesEvents</span>: []
  #<span class=sf-dump-protected title=\"Protected property\">observables</span>: []
  #<span class=sf-dump-protected title=\"Protected property\">relations</span>: []
  #<span class=sf-dump-protected title=\"Protected property\">touches</span>: []
  +<span class=sf-dump-public title=\"Public property\">timestamps</span>: <span class=sf-dump-const>true</span>
  #<span class=sf-dump-protected title=\"Protected property\">hidden</span>: []
  #<span class=sf-dump-protected title=\"Protected property\">visible</span>: []
  #<span class=sf-dump-protected title=\"Protected property\">fillable</span>: <span class=sf-dump-note>array:6</span> [<samp data-depth=2 class=sf-dump-compact>
    <span class=sf-dump-index>0</span> => \"<span class=sf-dump-str title=\"4 characters\">name</span>\"
    <span class=sf-dump-index>1</span> => \"<span class=sf-dump-str title=\"6 characters\">prefix</span>\"
    <span class=sf-dump-index>2</span> => \"<span class=sf-dump-str title=\"7 characters\">address</span>\"
    <span class=sf-dump-index>3</span> => \"<span class=sf-dump-str title=\"5 characters\">phone</span>\"
    <span class=sf-dump-index>4</span> => \"<span class=sf-dump-str title=\"5 characters\">email</span>\"
    <span class=sf-dump-index>5</span> => \"<span class=sf-dump-str title=\"6 characters\">status</span>\"
  </samp>]
  #<span class=sf-dump-protected title=\"Protected property\">guarded</span>: <span class=sf-dump-note>array:1</span> [<samp data-depth=2 class=sf-dump-compact>
    <span class=sf-dump-index>0</span> => \"<span class=sf-dump-str>*</span>\"
  </samp>]
</samp>}
</pre><script>Sfdump(\"sf-dump-178648455\", {\"maxDepth\":3,\"maxStringLength\":160})</script>
","viewingAllClinics":"<pre class=sf-dump id=sf-dump-949678959 data-indent-pad=\"  \"><span class=sf-dump-const>false</span>
</pre><script>Sfdump(\"sf-dump-949678959\", {\"maxDepth\":3,\"maxStringLength\":160})</script>
","availableClinics":"<pre class=sf-dump id=sf-dump-800224370 data-indent-pad=\"  \"><span class=sf-dump-note>Illuminate\\Database\\Eloquent\\Collection</span> {<a class=sf-dump-ref>#1363</a><samp data-depth=1 class=sf-dump-expanded>
  #<span class=sf-dump-protected title=\"Protected property\">items</span>: <span class=sf-dump-note>array:1</span> [<samp data-depth=2 class=sf-dump-compact>
    <span class=sf-dump-index>0</span> => <span class=\"sf-dump-note sf-dump-ellipsization\" title=\"App\\Models\\Clinic
\"><span class=\"sf-dump-ellipsis sf-dump-ellipsis-note\">App\\Models</span><span class=\"sf-dump-ellipsis sf-dump-ellipsis-note\">\\</span><span class=\"sf-dump-ellipsis-tail\">Clinic</span></span> {<a class=sf-dump-ref>#1366</a><samp data-depth=3 class=sf-dump-compact>
      #<span class=sf-dump-protected title=\"Protected property\">connection</span>: \"<span class=sf-dump-str title=\"5 characters\">mysql</span>\"
      #<span class=sf-dump-protected title=\"Protected property\">table</span>: \"<span class=sf-dump-str title=\"7 characters\">clinics</span>\"
      #<span class=sf-dump-protected title=\"Protected property\">primaryKey</span>: \"<span class=sf-dump-str title=\"2 characters\">id</span>\"
      #<span class=sf-dump-protected title=\"Protected property\">keyType</span>: \"<span class=sf-dump-str title=\"3 characters\">int</span>\"
      +<span class=sf-dump-public title=\"Public property\">incrementing</span>: <span class=sf-dump-const>true</span>
      #<span class=sf-dump-protected title=\"Protected property\">with</span>: []
      #<span class=sf-dump-protected title=\"Protected property\">withCount</span>: []
      +<span class=sf-dump-public title=\"Public property\">preventsLazyLoading</span>: <span class=sf-dump-const>false</span>
      #<span class=sf-dump-protected title=\"Protected property\">perPage</span>: <span class=sf-dump-num>15</span>
      +<span class=sf-dump-public title=\"Public property\">exists</span>: <span class=sf-dump-const>true</span>
      +<span class=sf-dump-public title=\"Public property\">wasRecentlyCreated</span>: <span class=sf-dump-const>false</span>
      #<span class=sf-dump-protected title=\"Protected property\">escapeWhenCastingToString</span>: <span class=sf-dump-const>false</span>
      #<span class=sf-dump-protected title=\"Protected property\">attributes</span>: <span class=sf-dump-note>array:9</span> [ &#8230;9]
      #<span class=sf-dump-protected title=\"Protected property\">original</span>: <span class=sf-dump-note>array:9</span> [ &#8230;9]
      #<span class=sf-dump-protected title=\"Protected property\">changes</span>: []
      #<span class=sf-dump-protected title=\"Protected property\">casts</span>: []
      #<span class=sf-dump-protected title=\"Protected property\">classCastCache</span>: []
      #<span class=sf-dump-protected title=\"Protected property\">attributeCastCache</span>: []
      #<span class=sf-dump-protected title=\"Protected property\">dates</span>: []
      #<span class=sf-dump-protected title=\"Protected property\">dateFormat</span>: <span class=sf-dump-const>null</span>
      #<span class=sf-dump-protected title=\"Protected property\">appends</span>: []
      #<span class=sf-dump-protected title=\"Protected property\">dispatchesEvents</span>: []
      #<span class=sf-dump-protected title=\"Protected property\">observables</span>: []
      #<span class=sf-dump-protected title=\"Protected property\">relations</span>: []
      #<span class=sf-dump-protected title=\"Protected property\">touches</span>: []
      +<span class=sf-dump-public title=\"Public property\">timestamps</span>: <span class=sf-dump-const>true</span>
      #<span class=sf-dump-protected title=\"Protected property\">hidden</span>: []
      #<span class=sf-dump-protected title=\"Protected property\">visible</span>: []
      #<span class=sf-dump-protected title=\"Protected property\">fillable</span>: <span class=sf-dump-note>array:6</span> [ &#8230;6]
      #<span class=sf-dump-protected title=\"Protected property\">guarded</span>: <span class=sf-dump-note>array:1</span> [ &#8230;1]
    </samp>}
  </samp>]
  #<span class=sf-dump-protected title=\"Protected property\">escapeWhenCastingToString</span>: <span class=sf-dump-const>false</span>
</samp>}
</pre><script>Sfdump(\"sf-dump-800224370\", {\"maxDepth\":3,\"maxStringLength\":160})</script>
","photos":"<pre class=sf-dump id=sf-dump-1960952071 data-indent-pad=\"  \"><span class=sf-dump-note>array:5</span> [<samp data-depth=1 class=sf-dump-expanded>
  <span class=sf-dump-index>0</span> => {<a class=sf-dump-ref>#1326</a><samp data-depth=2 class=sf-dump-compact>
    +\"<span class=sf-dump-public title=\"Runtime added dynamic property\">id</span>\": <span class=sf-dump-num>10</span>
    +\"<span class=sf-dump-public title=\"Runtime added dynamic property\">description</span>\": <span class=sf-dump-const>null</span>
    +\"<span class=sf-dump-public title=\"Runtime added dynamic property\">token</span>\": \"<span class=sf-dump-str title=\"8 characters\">MAIN0001</span>\"
    +\"<span class=sf-dump-public title=\"Runtime added dynamic property\">first_name</span>\": \"<span class=sf-dump-str title=\"5 characters\">first</span>\"
    +\"<span class=sf-dump-public title=\"Runtime added dynamic property\">last_name</span>\": \"<span class=sf-dump-str title=\"7 characters\">patient</span>\"
    +\"<span class=sf-dump-public title=\"Runtime added dynamic property\">created_time</span>\": \"<span class=sf-dump-str title=\"10 characters\">20-12-2025</span>\"
  </samp>}
  <span class=sf-dump-index>1</span> => {<a class=sf-dump-ref>#1365</a><samp data-depth=2 class=sf-dump-compact>
    +\"<span class=sf-dump-public title=\"Runtime added dynamic property\">id</span>\": <span class=sf-dump-num>11</span>
    +\"<span class=sf-dump-public title=\"Runtime added dynamic property\">description</span>\": <span class=sf-dump-const>null</span>
    +\"<span class=sf-dump-public title=\"Runtime added dynamic property\">token</span>\": \"<span class=sf-dump-str title=\"8 characters\">MAIN0001</span>\"
    +\"<span class=sf-dump-public title=\"Runtime added dynamic property\">first_name</span>\": \"<span class=sf-dump-str title=\"5 characters\">first</span>\"
    +\"<span class=sf-dump-public title=\"Runtime added dynamic property\">last_name</span>\": \"<span class=sf-dump-str title=\"7 characters\">patient</span>\"
    +\"<span class=sf-dump-public title=\"Runtime added dynamic property\">created_time</span>\": \"<span class=sf-dump-str title=\"10 characters\">20-12-2025</span>\"
  </samp>}
  <span class=sf-dump-index>2</span> => {<a class=sf-dump-ref>#1361</a><samp data-depth=2 class=sf-dump-compact>
    +\"<span class=sf-dump-public title=\"Runtime added dynamic property\">id</span>\": <span class=sf-dump-num>12</span>
    +\"<span class=sf-dump-public title=\"Runtime added dynamic property\">description</span>\": <span class=sf-dump-const>null</span>
    +\"<span class=sf-dump-public title=\"Runtime added dynamic property\">token</span>\": \"<span class=sf-dump-str title=\"8 characters\">MAIN0001</span>\"
    +\"<span class=sf-dump-public title=\"Runtime added dynamic property\">first_name</span>\": \"<span class=sf-dump-str title=\"5 characters\">first</span>\"
    +\"<span class=sf-dump-public title=\"Runtime added dynamic property\">last_name</span>\": \"<span class=sf-dump-str title=\"7 characters\">patient</span>\"
    +\"<span class=sf-dump-public title=\"Runtime added dynamic property\">created_time</span>\": \"<span class=sf-dump-str title=\"10 characters\">20-12-2025</span>\"
  </samp>}
  <span class=sf-dump-index>3</span> => {<a class=sf-dump-ref>#1360</a><samp data-depth=2 class=sf-dump-compact>
    +\"<span class=sf-dump-public title=\"Runtime added dynamic property\">id</span>\": <span class=sf-dump-num>13</span>
    +\"<span class=sf-dump-public title=\"Runtime added dynamic property\">description</span>\": <span class=sf-dump-const>null</span>
    +\"<span class=sf-dump-public title=\"Runtime added dynamic property\">token</span>\": \"<span class=sf-dump-str title=\"8 characters\">MAIN0001</span>\"
    +\"<span class=sf-dump-public title=\"Runtime added dynamic property\">first_name</span>\": \"<span class=sf-dump-str title=\"5 characters\">first</span>\"
    +\"<span class=sf-dump-public title=\"Runtime added dynamic property\">last_name</span>\": \"<span class=sf-dump-str title=\"7 characters\">patient</span>\"
    +\"<span class=sf-dump-public title=\"Runtime added dynamic property\">created_time</span>\": \"<span class=sf-dump-str title=\"10 characters\">20-12-2025</span>\"
  </samp>}
  <span class=sf-dump-index>4</span> => {<a class=sf-dump-ref>#1356</a><samp data-depth=2 class=sf-dump-compact>
    +\"<span class=sf-dump-public title=\"Runtime added dynamic property\">id</span>\": <span class=sf-dump-num>14</span>
    +\"<span class=sf-dump-public title=\"Runtime added dynamic property\">description</span>\": <span class=sf-dump-const>null</span>
    +\"<span class=sf-dump-public title=\"Runtime added dynamic property\">token</span>\": \"<span class=sf-dump-str title=\"8 characters\">MAIN0001</span>\"
    +\"<span class=sf-dump-public title=\"Runtime added dynamic property\">first_name</span>\": \"<span class=sf-dump-str title=\"5 characters\">first</span>\"
    +\"<span class=sf-dump-public title=\"Runtime added dynamic property\">last_name</span>\": \"<span class=sf-dump-str title=\"7 characters\">patient</span>\"
    +\"<span class=sf-dump-public title=\"Runtime added dynamic property\">created_time</span>\": \"<span class=sf-dump-str title=\"10 characters\">20-12-2025</span>\"
  </samp>}
</samp>]
</pre><script>Sfdump(\"sf-dump-1960952071\", {\"maxDepth\":3,\"maxStringLength\":160})</script>
"}},"userId":1,"exception":"[object] (Spatie\\LaravelIgnition\\Exceptions\\ViewException(code: 0): Route [photo.view] not defined. at /Users/minpyaesonenyein/projects/skincollection/vendor/laravel/framework/src/Illuminate/Routing/UrlGenerator.php:467)
[stacktrace]
#0 /Users/minpyaesonenyein/projects/skincollection/vendor/laravel/framework/src/Illuminate/Foundation/helpers.php(826): Illuminate\\Routing\\UrlGenerator->route('photo.view', Array, true)
#1 /Users/minpyaesonenyein/projects/skincollection/resources/views/patient-photo/index.blade.php(52): route('photo.view', Array)
#2 /Users/minpyaesonenyein/projects/skincollection/vendor/laravel/framework/src/Illuminate/Filesystem/Filesystem.php(109): require('/Users/minpyaes...')
#3 /Users/minpyaesonenyein/projects/skincollection/vendor/laravel/framework/src/Illuminate/Filesystem/Filesystem.php(110): Illuminate\\Filesystem\\Filesystem::{closure:Illuminate\\Filesystem\\Filesystem::getRequire():106}()
#4 /Users/minpyaesonenyein/projects/skincollection/vendor/laravel/framework/src/Illuminate/View/Engines/PhpEngine.php(58): Illuminate\\Filesystem\\Filesystem->getRequire('/Users/minpyaes...', Array)
#5 /Users/minpyaesonenyein/projects/skincollection/vendor/livewire/livewire/src/Mechanisms/ExtendBlade/ExtendedCompilerEngine.php(22): Illuminate\\View\\Engines\\PhpEngine->evaluatePath('/Users/minpyaes...', Array)
#6 /Users/minpyaesonenyein/projects/skincollection/vendor/laravel/framework/src/Illuminate/View/Engines/CompilerEngine.php(70): Livewire\\Mechanisms\\ExtendBlade\\ExtendedCompilerEngine->evaluatePath('/Users/minpyaes...', Array)
#7 /Users/minpyaesonenyein/projects/skincollection/vendor/livewire/livewire/src/Mechanisms/ExtendBlade/ExtendedCompilerEngine.php(10): Illuminate\\View\\Engines\\CompilerEngine->get('/Users/minpyaes...', Array)
#8 /Users/minpyaesonenyein/projects/skincollection/vendor/laravel/framework/src/Illuminate/View/View.php(195): Livewire\\Mechanisms\\ExtendBlade\\ExtendedCompilerEngine->get('/Users/minpyaes...', Array)
#9 /Users/minpyaesonenyein/projects/skincollection/vendor/laravel/framework/src/Illuminate/View/View.php(178): Illuminate\\View\\View->getContents()
#10 /Users/minpyaesonenyein/projects/skincollection/vendor/laravel/framework/src/Illuminate/View/View.php(147): Illuminate\\View\\View->renderContents()
#11 /Users/minpyaesonenyein/projects/skincollection/vendor/laravel/framework/src/Illuminate/Http/Response.php(69): Illuminate\\View\\View->render()
#12 /Users/minpyaesonenyein/projects/skincollection/vendor/laravel/framework/src/Illuminate/Http/Response.php(35): Illuminate\\Http\\Response->setContent(Object(Illuminate\\View\\View))
#13 /Users/minpyaesonenyein/projects/skincollection/vendor/laravel/framework/src/Illuminate/Routing/Router.php(906): Illuminate\\Http\\Response->__construct(Object(Illuminate\\View\\View), 200, Array)
#14 /Users/minpyaesonenyein/projects/skincollection/vendor/laravel/framework/src/Illuminate/Routing/Router.php(875): Illuminate\\Routing\\Router::toResponse(Object(Illuminate\\Http\\Request), Object(Illuminate\\View\\View))
#15 /Users/minpyaesonenyein/projects/skincollection/vendor/laravel/framework/src/Illuminate/Routing/Router.php(797): Illuminate\\Routing\\Router->prepareResponse(Object(Illuminate\\Http\\Request), Object(Illuminate\\View\\View))
#16 /Users/minpyaesonenyein/projects/skincollection/vendor/laravel/framework/src/Illuminate/Pipeline/Pipeline.php(141): Illuminate\\Routing\\Router->{closure:Illuminate\\Routing\\Router::runRouteWithinStack():797}(Object(Illuminate\\Http\\Request))
#17 /Users/minpyaesonenyein/projects/skincollection/vendor/spatie/laravel-permission/src/Middlewares/RoleMiddleware.php(27): Illuminate\\Pipeline\\Pipeline->{closure:Illuminate\\Pipeline\\Pipeline::prepareDestination():139}(Object(Illuminate\\Http\\Request))
#18 /Users/minpyaesonenyein/projects/skincollection/vendor/laravel/framework/src/Illuminate/Pipeline/Pipeline.php(180): Spatie\\Permission\\Middlewares\\RoleMiddleware->handle(Object(Illuminate\\Http\\Request), Object(Closure), 'admin')
#19 /Users/minpyaesonenyein/projects/skincollection/app/Http/Middleware/EnsureClinicContext.php(34): Illuminate\\Pipeline\\Pipeline->{closure:{closure:Illuminate\\Pipeline\\Pipeline::carry():155}:156}(Object(Illuminate\\Http\\Request))
#20 /Users/minpyaesonenyein/projects/skincollection/vendor/laravel/framework/src/Illuminate/Pipeline/Pipeline.php(180): App\\Http\\Middleware\\EnsureClinicContext->handle(Object(Illuminate\\Http\\Request), Object(Closure))
#21 /Users/minpyaesonenyein/projects/skincollection/vendor/laravel/framework/src/Illuminate/Routing/Middleware/SubstituteBindings.php(50): Illuminate\\Pipeline\\Pipeline->{closure:{closure:Illuminate\\Pipeline\\Pipeline::carry():155}:156}(Object(Illuminate\\Http\\Request))
#22 /Users/minpyaesonenyein/projects/skincollection/vendor/laravel/framework/src/Illuminate/Pipeline/Pipeline.php(180): Illuminate\\Routing\\Middleware\\SubstituteBindings->handle(Object(Illuminate\\Http\\Request), Object(Closure))
#23 /Users/minpyaesonenyein/projects/skincollection/vendor/laravel/framework/src/Illuminate/Auth/Middleware/Authenticate.php(44): Illuminate\\Pipeline\\Pipeline->{closure:{closure:Illuminate\\Pipeline\\Pipeline::carry():155}:156}(Object(Illuminate\\Http\\Request))
#24 /Users/minpyaesonenyein/projects/skincollection/vendor/laravel/framework/src/Illuminate/Pipeline/Pipeline.php(180): Illuminate\\Auth\\Middleware\\Authenticate->handle(Object(Illuminate\\Http\\Request), Object(Closure))
#25 /Users/minpyaesonenyein/projects/skincollection/vendor/laravel/framework/src/Illuminate/Foundation/Http/Middleware/VerifyCsrfToken.php(78): Illuminate\\Pipeline\\Pipeline->{closure:{closure:Illuminate\\Pipeline\\Pipeline::carry():155}:156}(Object(Illuminate\\Http\\Request))
#26 /Users/minpyaesonenyein/projects/skincollection/vendor/laravel/framework/src/Illuminate/Pipeline/Pipeline.php(180): Illuminate\\Foundation\\Http\\Middleware\\VerifyCsrfToken->handle(Object(Illuminate\\Http\\Request), Object(Closure))
#27 /Users/minpyaesonenyein/projects/skincollection/vendor/laravel/framework/src/Illuminate/View/Middleware/ShareErrorsFromSession.php(49): Illuminate\\Pipeline\\Pipeline->{closure:{closure:Illuminate\\Pipeline\\Pipeline::carry():155}:156}(Object(Illuminate\\Http\\Request))
#28 /Users/minpyaesonenyein/projects/skincollection/vendor/laravel/framework/src/Illuminate/Pipeline/Pipeline.php(180): Illuminate\\View\\Middleware\\ShareErrorsFromSession->handle(Object(Illuminate\\Http\\Request), Object(Closure))
#29 /Users/minpyaesonenyein/projects/skincollection/vendor/laravel/framework/src/Illuminate/Session/Middleware/StartSession.php(121): Illuminate\\Pipeline\\Pipeline->{closure:{closure:Illuminate\\Pipeline\\Pipeline::carry():155}:156}(Object(Illuminate\\Http\\Request))
#30 /Users/minpyaesonenyein/projects/skincollection/vendor/laravel/framework/src/Illuminate/Session/Middleware/StartSession.php(64): Illuminate\\Session\\Middleware\\StartSession->handleStatefulRequest(Object(Illuminate\\Http\\Request), Object(Illuminate\\Session\\Store), Object(Closure))
#31 /Users/minpyaesonenyein/projects/skincollection/vendor/laravel/framework/src/Illuminate/Pipeline/Pipeline.php(180): Illuminate\\Session\\Middleware\\StartSession->handle(Object(Illuminate\\Http\\Request), Object(Closure))
#32 /Users/minpyaesonenyein/projects/skincollection/vendor/laravel/framework/src/Illuminate/Cookie/Middleware/AddQueuedCookiesToResponse.php(37): Illuminate\\Pipeline\\Pipeline->{closure:{closure:Illuminate\\Pipeline\\Pipeline::carry():155}:156}(Object(Illuminate\\Http\\Request))
#33 /Users/minpyaesonenyein/projects/skincollection/vendor/laravel/framework/src/Illuminate/Pipeline/Pipeline.php(180): Illuminate\\Cookie\\Middleware\\AddQueuedCookiesToResponse->handle(Object(Illuminate\\Http\\Request), Object(Closure))
#34 /Users/minpyaesonenyein/projects/skincollection/vendor/laravel/framework/src/Illuminate/Cookie/Middleware/EncryptCookies.php(67): Illuminate\\Pipeline\\Pipeline->{closure:{closure:Illuminate\\Pipeline\\Pipeline::carry():155}:156}(Object(Illuminate\\Http\\Request))
#35 /Users/minpyaesonenyein/projects/skincollection/vendor/laravel/framework/src/Illuminate/Pipeline/Pipeline.php(180): Illuminate\\Cookie\\Middleware\\EncryptCookies->handle(Object(Illuminate\\Http\\Request), Object(Closure))
#36 /Users/minpyaesonenyein/projects/skincollection/vendor/laravel/framework/src/Illuminate/Pipeline/Pipeline.php(116): Illuminate\\Pipeline\\Pipeline->{closure:{closure:Illuminate\\Pipeline\\Pipeline::carry():155}:156}(Object(Illuminate\\Http\\Request))
#37 /Users/minpyaesonenyein/projects/skincollection/vendor/laravel/framework/src/Illuminate/Routing/Router.php(797): Illuminate\\Pipeline\\Pipeline->then(Object(Closure))
#38 /Users/minpyaesonenyein/projects/skincollection/vendor/laravel/framework/src/Illuminate/Routing/Router.php(776): Illuminate\\Routing\\Router->runRouteWithinStack(Object(Illuminate\\Routing\\Route), Object(Illuminate\\Http\\Request))
#39 /Users/minpyaesonenyein/projects/skincollection/vendor/laravel/framework/src/Illuminate/Routing/Router.php(740): Illuminate\\Routing\\Router->runRoute(Object(Illuminate\\Http\\Request), Object(Illuminate\\Routing\\Route))
#40 /Users/minpyaesonenyein/projects/skincollection/vendor/laravel/framework/src/Illuminate/Routing/Router.php(729): Illuminate\\Routing\\Router->dispatchToRoute(Object(Illuminate\\Http\\Request))
#41 /Users/minpyaesonenyein/projects/skincollection/vendor/laravel/framework/src/Illuminate/Foundation/Http/Kernel.php(190): Illuminate\\Routing\\Router->dispatch(Object(Illuminate\\Http\\Request))
#42 /Users/minpyaesonenyein/projects/skincollection/vendor/laravel/framework/src/Illuminate/Pipeline/Pipeline.php(141): Illuminate\\Foundation\\Http\\Kernel->{closure:Illuminate\\Foundation\\Http\\Kernel::dispatchToRouter():187}(Object(Illuminate\\Http\\Request))
#43 /Users/minpyaesonenyein/projects/skincollection/vendor/livewire/livewire/src/Features/SupportDisablingBackButtonCache/DisableBackButtonCacheMiddleware.php(19): Illuminate\\Pipeline\\Pipeline->{closure:Illuminate\\Pipeline\\Pipeline::prepareDestination():139}(Object(Illuminate\\Http\\Request))
#44 /Users/minpyaesonenyein/projects/skincollection/vendor/laravel/framework/src/Illuminate/Pipeline/Pipeline.php(180): Livewire\\Features\\SupportDisablingBackButtonCache\\DisableBackButtonCacheMiddleware->handle(Object(Illuminate\\Http\\Request), Object(Closure))
#45 /Users/minpyaesonenyein/projects/skincollection/vendor/laravel/framework/src/Illuminate/Foundation/Http/Middleware/TransformsRequest.php(21): Illuminate\\Pipeline\\Pipeline->{closure:{closure:Illuminate\\Pipeline\\Pipeline::carry():155}:156}(Object(Illuminate\\Http\\Request))
#46 /Users/minpyaesonenyein/projects/skincollection/vendor/laravel/framework/src/Illuminate/Foundation/Http/Middleware/ConvertEmptyStringsToNull.php(31): Illuminate\\Foundation\\Http\\Middleware\\TransformsRequest->handle(Object(Illuminate\\Http\\Request), Object(Closure))
#47 /Users/minpyaesonenyein/projects/skincollection/vendor/laravel/framework/src/Illuminate/Pipeline/Pipeline.php(180): Illuminate\\Foundation\\Http\\Middleware\\ConvertEmptyStringsToNull->handle(Object(Illuminate\\Http\\Request), Object(Closure))
#48 /Users/minpyaesonenyein/projects/skincollection/vendor/laravel/framework/src/Illuminate/Foundation/Http/Middleware/TransformsRequest.php(21): Illuminate\\Pipeline\\Pipeline->{closure:{closure:Illuminate\\Pipeline\\Pipeline::carry():155}:156}(Object(Illuminate\\Http\\Request))
#49 /Users/minpyaesonenyein/projects/skincollection/vendor/laravel/framework/src/Illuminate/Foundation/Http/Middleware/TrimStrings.php(40): Illuminate\\Foundation\\Http\\Middleware\\TransformsRequest->handle(Object(Illuminate\\Http\\Request), Object(Closure))
#50 /Users/minpyaesonenyein/projects/skincollection/vendor/laravel/framework/src/Illuminate/Pipeline/Pipeline.php(180): Illuminate\\Foundation\\Http\\Middleware\\TrimStrings->handle(Object(Illuminate\\Http\\Request), Object(Closure))
#51 /Users/minpyaesonenyein/projects/skincollection/vendor/laravel/framework/src/Illuminate/Foundation/Http/Middleware/ValidatePostSize.php(27): Illuminate\\Pipeline\\Pipeline->{closure:{closure:Illuminate\\Pipeline\\Pipeline::carry():155}:156}(Object(Illuminate\\Http\\Request))
#52 /Users/minpyaesonenyein/projects/skincollection/vendor/laravel/framework/src/Illuminate/Pipeline/Pipeline.php(180): Illuminate\\Foundation\\Http\\Middleware\\ValidatePostSize->handle(Object(Illuminate\\Http\\Request), Object(Closure))
#53 /Users/minpyaesonenyein/projects/skincollection/vendor/laravel/framework/src/Illuminate/Foundation/Http/Middleware/PreventRequestsDuringMaintenance.php(86): Illuminate\\Pipeline\\Pipeline->{closure:{closure:Illuminate\\Pipeline\\Pipeline::carry():155}:156}(Object(Illuminate\\Http\\Request))
#54 /Users/minpyaesonenyein/projects/skincollection/vendor/laravel/framework/src/Illuminate/Pipeline/Pipeline.php(180): Illuminate\\Foundation\\Http\\Middleware\\PreventRequestsDuringMaintenance->handle(Object(Illuminate\\Http\\Request), Object(Closure))
#55 /Users/minpyaesonenyein/projects/skincollection/vendor/fruitcake/laravel-cors/src/HandleCors.php(38): Illuminate\\Pipeline\\Pipeline->{closure:{closure:Illuminate\\Pipeline\\Pipeline::carry():155}:156}(Object(Illuminate\\Http\\Request))
#56 /Users/minpyaesonenyein/projects/skincollection/vendor/laravel/framework/src/Illuminate/Pipeline/Pipeline.php(180): Fruitcake\\Cors\\HandleCors->handle(Object(Illuminate\\Http\\Request), Object(Closure))
#57 /Users/minpyaesonenyein/projects/skincollection/vendor/laravel/framework/src/Illuminate/Http/Middleware/TrustProxies.php(39): Illuminate\\Pipeline\\Pipeline->{closure:{closure:Illuminate\\Pipeline\\Pipeline::carry():155}:156}(Object(Illuminate\\Http\\Request))
#58 /Users/minpyaesonenyein/projects/skincollection/vendor/laravel/framework/src/Illuminate/Pipeline/Pipeline.php(180): Illuminate\\Http\\Middleware\\TrustProxies->handle(Object(Illuminate\\Http\\Request), Object(Closure))
#59 /Users/minpyaesonenyein/projects/skincollection/vendor/laravel/framework/src/Illuminate/Pipeline/Pipeline.php(116): Illuminate\\Pipeline\\Pipeline->{closure:{closure:Illuminate\\Pipeline\\Pipeline::carry():155}:156}(Object(Illuminate\\Http\\Request))
#60 /Users/minpyaesonenyein/projects/skincollection/vendor/laravel/framework/src/Illuminate/Foundation/Http/Kernel.php(165): Illuminate\\Pipeline\\Pipeline->then(Object(Closure))
#61 /Users/minpyaesonenyein/projects/skincollection/vendor/laravel/framework/src/Illuminate/Foundation/Http/Kernel.php(134): Illuminate\\Foundation\\Http\\Kernel->sendRequestThroughRouter(Object(Illuminate\\Http\\Request))
#62 /Users/minpyaesonenyein/projects/skincollection/public/index.php(51): Illuminate\\Foundation\\Http\\Kernel->handle(Object(Illuminate\\Http\\Request))
#63 /Users/minpyaesonenyein/projects/skincollection/server.php(21): require_once('/Users/minpyaes...')
#64 {main}

[previous exception] [object] (Symfony\\Component\\Routing\\Exception\\RouteNotFoundException(code: 0): Route [photo.view] not defined. at /Users/minpyaesonenyein/projects/skincollection/vendor/laravel/framework/src/Illuminate/Routing/UrlGenerator.php:467)
[stacktrace]
#0 /Users/minpyaesonenyein/projects/skincollection/vendor/laravel/framework/src/Illuminate/Foundation/helpers.php(826): Illuminate\\Routing\\UrlGenerator->route('photo.view', Array, true)
#1 /Users/minpyaesonenyein/projects/skincollection/storage/framework/views/3a9e0363b2e190789e7db73b35a039375a7e0e28.php(50): route('photo.view', Array)
#2 /Users/minpyaesonenyein/projects/skincollection/vendor/laravel/framework/src/Illuminate/Filesystem/Filesystem.php(109): require('/Users/minpyaes...')
#3 /Users/minpyaesonenyein/projects/skincollection/vendor/laravel/framework/src/Illuminate/Filesystem/Filesystem.php(110): Illuminate\\Filesystem\\Filesystem::{closure:Illuminate\\Filesystem\\Filesystem::getRequire():106}()
#4 /Users/minpyaesonenyein/projects/skincollection/vendor/laravel/framework/src/Illuminate/View/Engines/PhpEngine.php(58): Illuminate\\Filesystem\\Filesystem->getRequire('/Users/minpyaes...', Array)
#5 /Users/minpyaesonenyein/projects/skincollection/vendor/livewire/livewire/src/Mechanisms/ExtendBlade/ExtendedCompilerEngine.php(22): Illuminate\\View\\Engines\\PhpEngine->evaluatePath('/Users/minpyaes...', Array)
#6 /Users/minpyaesonenyein/projects/skincollection/vendor/laravel/framework/src/Illuminate/View/Engines/CompilerEngine.php(70): Livewire\\Mechanisms\\ExtendBlade\\ExtendedCompilerEngine->evaluatePath('/Users/minpyaes...', Array)
#7 /Users/minpyaesonenyein/projects/skincollection/vendor/livewire/livewire/src/Mechanisms/ExtendBlade/ExtendedCompilerEngine.php(10): Illuminate\\View\\Engines\\CompilerEngine->get('/Users/minpyaes...', Array)
#8 /Users/minpyaesonenyein/projects/skincollection/vendor/laravel/framework/src/Illuminate/View/View.php(195): Livewire\\Mechanisms\\ExtendBlade\\ExtendedCompilerEngine->get('/Users/minpyaes...', Array)
#9 /Users/minpyaesonenyein/projects/skincollection/vendor/laravel/framework/src/Illuminate/View/View.php(178): Illuminate\\View\\View->getContents()
#10 /Users/minpyaesonenyein/projects/skincollection/vendor/laravel/framework/src/Illuminate/View/View.php(147): Illuminate\\View\\View->renderContents()
#11 /Users/minpyaesonenyein/projects/skincollection/vendor/laravel/framework/src/Illuminate/Http/Response.php(69): Illuminate\\View\\View->render()
#12 /Users/minpyaesonenyein/projects/skincollection/vendor/laravel/framework/src/Illuminate/Http/Response.php(35): Illuminate\\Http\\Response->setContent(Object(Illuminate\\View\\View))
#13 /Users/minpyaesonenyein/projects/skincollection/vendor/laravel/framework/src/Illuminate/Routing/Router.php(906): Illuminate\\Http\\Response->__construct(Object(Illuminate\\View\\View), 200, Array)
#14 /Users/minpyaesonenyein/projects/skincollection/vendor/laravel/framework/src/Illuminate/Routing/Router.php(875): Illuminate\\Routing\\Router::toResponse(Object(Illuminate\\Http\\Request), Object(Illuminate\\View\\View))
#15 /Users/minpyaesonenyein/projects/skincollection/vendor/laravel/framework/src/Illuminate/Routing/Router.php(797): Illuminate\\Routing\\Router->prepareResponse(Object(Illuminate\\Http\\Request), Object(Illuminate\\View\\View))
#16 /Users/minpyaesonenyein/projects/skincollection/vendor/laravel/framework/src/Illuminate/Pipeline/Pipeline.php(141): Illuminate\\Routing\\Router->{closure:Illuminate\\Routing\\Router::runRouteWithinStack():797}(Object(Illuminate\\Http\\Request))
#17 /Users/minpyaesonenyein/projects/skincollection/vendor/spatie/laravel-permission/src/Middlewares/RoleMiddleware.php(27): Illuminate\\Pipeline\\Pipeline->{closure:Illuminate\\Pipeline\\Pipeline::prepareDestination():139}(Object(Illuminate\\Http\\Request))
#18 /Users/minpyaesonenyein/projects/skincollection/vendor/laravel/framework/src/Illuminate/Pipeline/Pipeline.php(180): Spatie\\Permission\\Middlewares\\RoleMiddleware->handle(Object(Illuminate\\Http\\Request), Object(Closure), 'admin')
#19 /Users/minpyaesonenyein/projects/skincollection/app/Http/Middleware/EnsureClinicContext.php(34): Illuminate\\Pipeline\\Pipeline->{closure:{closure:Illuminate\\Pipeline\\Pipeline::carry():155}:156}(Object(Illuminate\\Http\\Request))
#20 /Users/minpyaesonenyein/projects/skincollection/vendor/laravel/framework/src/Illuminate/Pipeline/Pipeline.php(180): App\\Http\\Middleware\\EnsureClinicContext->handle(Object(Illuminate\\Http\\Request), Object(Closure))
#21 /Users/minpyaesonenyein/projects/skincollection/vendor/laravel/framework/src/Illuminate/Routing/Middleware/SubstituteBindings.php(50): Illuminate\\Pipeline\\Pipeline->{closure:{closure:Illuminate\\Pipeline\\Pipeline::carry():155}:156}(Object(Illuminate\\Http\\Request))
#22 /Users/minpyaesonenyein/projects/skincollection/vendor/laravel/framework/src/Illuminate/Pipeline/Pipeline.php(180): Illuminate\\Routing\\Middleware\\SubstituteBindings->handle(Object(Illuminate\\Http\\Request), Object(Closure))
#23 /Users/minpyaesonenyein/projects/skincollection/vendor/laravel/framework/src/Illuminate/Auth/Middleware/Authenticate.php(44): Illuminate\\Pipeline\\Pipeline->{closure:{closure:Illuminate\\Pipeline\\Pipeline::carry():155}:156}(Object(Illuminate\\Http\\Request))
#24 /Users/minpyaesonenyein/projects/skincollection/vendor/laravel/framework/src/Illuminate/Pipeline/Pipeline.php(180): Illuminate\\Auth\\Middleware\\Authenticate->handle(Object(Illuminate\\Http\\Request), Object(Closure))
#25 /Users/minpyaesonenyein/projects/skincollection/vendor/laravel/framework/src/Illuminate/Foundation/Http/Middleware/VerifyCsrfToken.php(78): Illuminate\\Pipeline\\Pipeline->{closure:{closure:Illuminate\\Pipeline\\Pipeline::carry():155}:156}(Object(Illuminate\\Http\\Request))
#26 /Users/minpyaesonenyein/projects/skincollection/vendor/laravel/framework/src/Illuminate/Pipeline/Pipeline.php(180): Illuminate\\Foundation\\Http\\Middleware\\VerifyCsrfToken->handle(Object(Illuminate\\Http\\Request), Object(Closure))
#27 /Users/minpyaesonenyein/projects/skincollection/vendor/laravel/framework/src/Illuminate/View/Middleware/ShareErrorsFromSession.php(49): Illuminate\\Pipeline\\Pipeline->{closure:{closure:Illuminate\\Pipeline\\Pipeline::carry():155}:156}(Object(Illuminate\\Http\\Request))
#28 /Users/minpyaesonenyein/projects/skincollection/vendor/laravel/framework/src/Illuminate/Pipeline/Pipeline.php(180): Illuminate\\View\\Middleware\\ShareErrorsFromSession->handle(Object(Illuminate\\Http\\Request), Object(Closure))
#29 /Users/minpyaesonenyein/projects/skincollection/vendor/laravel/framework/src/Illuminate/Session/Middleware/StartSession.php(121): Illuminate\\Pipeline\\Pipeline->{closure:{closure:Illuminate\\Pipeline\\Pipeline::carry():155}:156}(Object(Illuminate\\Http\\Request))
#30 /Users/minpyaesonenyein/projects/skincollection/vendor/laravel/framework/src/Illuminate/Session/Middleware/StartSession.php(64): Illuminate\\Session\\Middleware\\StartSession->handleStatefulRequest(Object(Illuminate\\Http\\Request), Object(Illuminate\\Session\\Store), Object(Closure))
#31 /Users/minpyaesonenyein/projects/skincollection/vendor/laravel/framework/src/Illuminate/Pipeline/Pipeline.php(180): Illuminate\\Session\\Middleware\\StartSession->handle(Object(Illuminate\\Http\\Request), Object(Closure))
#32 /Users/minpyaesonenyein/projects/skincollection/vendor/laravel/framework/src/Illuminate/Cookie/Middleware/AddQueuedCookiesToResponse.php(37): Illuminate\\Pipeline\\Pipeline->{closure:{closure:Illuminate\\Pipeline\\Pipeline::carry():155}:156}(Object(Illuminate\\Http\\Request))
#33 /Users/minpyaesonenyein/projects/skincollection/vendor/laravel/framework/src/Illuminate/Pipeline/Pipeline.php(180): Illuminate\\Cookie\\Middleware\\AddQueuedCookiesToResponse->handle(Object(Illuminate\\Http\\Request), Object(Closure))
#34 /Users/minpyaesonenyein/projects/skincollection/vendor/laravel/framework/src/Illuminate/Cookie/Middleware/EncryptCookies.php(67): Illuminate\\Pipeline\\Pipeline->{closure:{closure:Illuminate\\Pipeline\\Pipeline::carry():155}:156}(Object(Illuminate\\Http\\Request))
#35 /Users/minpyaesonenyein/projects/skincollection/vendor/laravel/framework/src/Illuminate/Pipeline/Pipeline.php(180): Illuminate\\Cookie\\Middleware\\EncryptCookies->handle(Object(Illuminate\\Http\\Request), Object(Closure))
#36 /Users/minpyaesonenyein/projects/skincollection/vendor/laravel/framework/src/Illuminate/Pipeline/Pipeline.php(116): Illuminate\\Pipeline\\Pipeline->{closure:{closure:Illuminate\\Pipeline\\Pipeline::carry():155}:156}(Object(Illuminate\\Http\\Request))
#37 /Users/minpyaesonenyein/projects/skincollection/vendor/laravel/framework/src/Illuminate/Routing/Router.php(797): Illuminate\\Pipeline\\Pipeline->then(Object(Closure))
#38 /Users/minpyaesonenyein/projects/skincollection/vendor/laravel/framework/src/Illuminate/Routing/Router.php(776): Illuminate\\Routing\\Router->runRouteWithinStack(Object(Illuminate\\Routing\\Route), Object(Illuminate\\Http\\Request))
#39 /Users/minpyaesonenyein/projects/skincollection/vendor/laravel/framework/src/Illuminate/Routing/Router.php(740): Illuminate\\Routing\\Router->runRoute(Object(Illuminate\\Http\\Request), Object(Illuminate\\Routing\\Route))
#40 /Users/minpyaesonenyein/projects/skincollection/vendor/laravel/framework/src/Illuminate/Routing/Router.php(729): Illuminate\\Routing\\Router->dispatchToRoute(Object(Illuminate\\Http\\Request))
#41 /Users/minpyaesonenyein/projects/skincollection/vendor/laravel/framework/src/Illuminate/Foundation/Http/Kernel.php(190): Illuminate\\Routing\\Router->dispatch(Object(Illuminate\\Http\\Request))
#42 /Users/minpyaesonenyein/projects/skincollection/vendor/laravel/framework/src/Illuminate/Pipeline/Pipeline.php(141): Illuminate\\Foundation\\Http\\Kernel->{closure:Illuminate\\Foundation\\Http\\Kernel::dispatchToRouter():187}(Object(Illuminate\\Http\\Request))
#43 /Users/minpyaesonenyein/projects/skincollection/vendor/livewire/livewire/src/Features/SupportDisablingBackButtonCache/DisableBackButtonCacheMiddleware.php(19): Illuminate\\Pipeline\\Pipeline->{closure:Illuminate\\Pipeline\\Pipeline::prepareDestination():139}(Object(Illuminate\\Http\\Request))
#44 /Users/minpyaesonenyein/projects/skincollection/vendor/laravel/framework/src/Illuminate/Pipeline/Pipeline.php(180): Livewire\\Features\\SupportDisablingBackButtonCache\\DisableBackButtonCacheMiddleware->handle(Object(Illuminate\\Http\\Request), Object(Closure))
#45 /Users/minpyaesonenyein/projects/skincollection/vendor/laravel/framework/src/Illuminate/Foundation/Http/Middleware/TransformsRequest.php(21): Illuminate\\Pipeline\\Pipeline->{closure:{closure:Illuminate\\Pipeline\\Pipeline::carry():155}:156}(Object(Illuminate\\Http\\Request))
#46 /Users/minpyaesonenyein/projects/skincollection/vendor/laravel/framework/src/Illuminate/Foundation/Http/Middleware/ConvertEmptyStringsToNull.php(31): Illuminate\\Foundation\\Http\\Middleware\\TransformsRequest->handle(Object(Illuminate\\Http\\Request), Object(Closure))
#47 /Users/minpyaesonenyein/projects/skincollection/vendor/laravel/framework/src/Illuminate/Pipeline/Pipeline.php(180): Illuminate\\Foundation\\Http\\Middleware\\ConvertEmptyStringsToNull->handle(Object(Illuminate\\Http\\Request), Object(Closure))
#48 /Users/minpyaesonenyein/projects/skincollection/vendor/laravel/framework/src/Illuminate/Foundation/Http/Middleware/TransformsRequest.php(21): Illuminate\\Pipeline\\Pipeline->{closure:{closure:Illuminate\\Pipeline\\Pipeline::carry():155}:156}(Object(Illuminate\\Http\\Request))
#49 /Users/minpyaesonenyein/projects/skincollection/vendor/laravel/framework/src/Illuminate/Foundation/Http/Middleware/TrimStrings.php(40): Illuminate\\Foundation\\Http\\Middleware\\TransformsRequest->handle(Object(Illuminate\\Http\\Request), Object(Closure))
#50 /Users/minpyaesonenyein/projects/skincollection/vendor/laravel/framework/src/Illuminate/Pipeline/Pipeline.php(180): Illuminate\\Foundation\\Http\\Middleware\\TrimStrings->handle(Object(Illuminate\\Http\\Request), Object(Closure))
#51 /Users/minpyaesonenyein/projects/skincollection/vendor/laravel/framework/src/Illuminate/Foundation/Http/Middleware/ValidatePostSize.php(27): Illuminate\\Pipeline\\Pipeline->{closure:{closure:Illuminate\\Pipeline\\Pipeline::carry():155}:156}(Object(Illuminate\\Http\\Request))
#52 /Users/minpyaesonenyein/projects/skincollection/vendor/laravel/framework/src/Illuminate/Pipeline/Pipeline.php(180): Illuminate\\Foundation\\Http\\Middleware\\ValidatePostSize->handle(Object(Illuminate\\Http\\Request), Object(Closure))
#53 /Users/minpyaesonenyein/projects/skincollection/vendor/laravel/framework/src/Illuminate/Foundation/Http/Middleware/PreventRequestsDuringMaintenance.php(86): Illuminate\\Pipeline\\Pipeline->{closure:{closure:Illuminate\\Pipeline\\Pipeline::carry():155}:156}(Object(Illuminate\\Http\\Request))
#54 /Users/minpyaesonenyein/projects/skincollection/vendor/laravel/framework/src/Illuminate/Pipeline/Pipeline.php(180): Illuminate\\Foundation\\Http\\Middleware\\PreventRequestsDuringMaintenance->handle(Object(Illuminate\\Http\\Request), Object(Closure))
#55 /Users/minpyaesonenyein/projects/skincollection/vendor/fruitcake/laravel-cors/src/HandleCors.php(38): Illuminate\\Pipeline\\Pipeline->{closure:{closure:Illuminate\\Pipeline\\Pipeline::carry():155}:156}(Object(Illuminate\\Http\\Request))
#56 /Users/minpyaesonenyein/projects/skincollection/vendor/laravel/framework/src/Illuminate/Pipeline/Pipeline.php(180): Fruitcake\\Cors\\HandleCors->handle(Object(Illuminate\\Http\\Request), Object(Closure))
#57 /Users/minpyaesonenyein/projects/skincollection/vendor/laravel/framework/src/Illuminate/Http/Middleware/TrustProxies.php(39): Illuminate\\Pipeline\\Pipeline->{closure:{closure:Illuminate\\Pipeline\\Pipeline::carry():155}:156}(Object(Illuminate\\Http\\Request))
#58 /Users/minpyaesonenyein/projects/skincollection/vendor/laravel/framework/src/Illuminate/Pipeline/Pipeline.php(180): Illuminate\\Http\\Middleware\\TrustProxies->handle(Object(Illuminate\\Http\\Request), Object(Closure))
#59 /Users/minpyaesonenyein/projects/skincollection/vendor/laravel/framework/src/Illuminate/Pipeline/Pipeline.php(116): Illuminate\\Pipeline\\Pipeline->{closure:{closure:Illuminate\\Pipeline\\Pipeline::carry():155}:156}(Object(Illuminate\\Http\\Request))
#60 /Users/minpyaesonenyein/projects/skincollection/vendor/laravel/framework/src/Illuminate/Foundation/Http/Kernel.php(165): Illuminate\\Pipeline\\Pipeline->then(Object(Closure))
#61 /Users/minpyaesonenyein/projects/skincollection/vendor/laravel/framework/src/Illuminate/Foundation/Http/Kernel.php(134): Illuminate\\Foundation\\Http\\Kernel->sendRequestThroughRouter(Object(Illuminate\\Http\\Request))
#62 /Users/minpyaesonenyein/projects/skincollection/public/index.php(51): Illuminate\\Foundation\\Http\\Kernel->handle(Object(Illuminate\\Http\\Request))
#63 /Users/minpyaesonenyein/projects/skincollection/server.php(21): require_once('/Users/minpyaes...')
#64 {main}
"} 
[2025-12-20 10:09:27] local.ERROR: Missing required parameter for [Route: record.view] [URI: record/view/{record}] [Missing parameter: record]. {"view":{"view":"/Users/minpyaesonenyein/projects/skincollection/resources/views/patient-photo/index.blade.php","data":{"errors":"<pre class=sf-dump id=sf-dump-1307393135 data-indent-pad=\"  \"><span class=sf-dump-note>Illuminate\\Support\\ViewErrorBag</span> {<a class=sf-dump-ref>#1319</a><samp data-depth=1 class=sf-dump-expanded>
  #<span class=sf-dump-protected title=\"Protected property\">bags</span>: []
</samp>}
</pre><script>Sfdump(\"sf-dump-1307393135\", {\"maxDepth\":3,\"maxStringLength\":160})</script>
","activeClinic":"<pre class=sf-dump id=sf-dump-1049671342 data-indent-pad=\"  \"><span class=sf-dump-note>App\\Models\\Clinic</span> {<a class=sf-dump-ref>#1373</a><samp data-depth=1 class=sf-dump-expanded>
  #<span class=sf-dump-protected title=\"Protected property\">connection</span>: \"<span class=sf-dump-str title=\"5 characters\">mysql</span>\"
  #<span class=sf-dump-protected title=\"Protected property\">table</span>: \"<span class=sf-dump-str title=\"7 characters\">clinics</span>\"
  #<span class=sf-dump-protected title=\"Protected property\">primaryKey</span>: \"<span class=sf-dump-str title=\"2 characters\">id</span>\"
  #<span class=sf-dump-protected title=\"Protected property\">keyType</span>: \"<span class=sf-dump-str title=\"3 characters\">int</span>\"
  +<span class=sf-dump-public title=\"Public property\">incrementing</span>: <span class=sf-dump-const>true</span>
  #<span class=sf-dump-protected title=\"Protected property\">with</span>: []
  #<span class=sf-dump-protected title=\"Protected property\">withCount</span>: []
  +<span class=sf-dump-public title=\"Public property\">preventsLazyLoading</span>: <span class=sf-dump-const>false</span>
  #<span class=sf-dump-protected title=\"Protected property\">perPage</span>: <span class=sf-dump-num>15</span>
  +<span class=sf-dump-public title=\"Public property\">exists</span>: <span class=sf-dump-const>true</span>
  +<span class=sf-dump-public title=\"Public property\">wasRecentlyCreated</span>: <span class=sf-dump-const>false</span>
  #<span class=sf-dump-protected title=\"Protected property\">escapeWhenCastingToString</span>: <span class=sf-dump-const>false</span>
  #<span class=sf-dump-protected title=\"Protected property\">attributes</span>: <span class=sf-dump-note>array:9</span> [<samp data-depth=2 class=sf-dump-compact>
    \"<span class=sf-dump-key>id</span>\" => <span class=sf-dump-num>1</span>
    \"<span class=sf-dump-key>name</span>\" => \"<span class=sf-dump-str title=\"11 characters\">Main Clinic</span>\"
    \"<span class=sf-dump-key>prefix</span>\" => \"<span class=sf-dump-str title=\"4 characters\">MAIN</span>\"
    \"<span class=sf-dump-key>email</span>\" => <span class=sf-dump-const>null</span>
    \"<span class=sf-dump-key>phone</span>\" => <span class=sf-dump-const>null</span>
    \"<span class=sf-dump-key>address</span>\" => <span class=sf-dump-const>null</span>
    \"<span class=sf-dump-key>status</span>\" => <span class=sf-dump-num>1</span>
    \"<span class=sf-dump-key>created_at</span>\" => \"<span class=sf-dump-str title=\"19 characters\">2025-12-20 08:16:02</span>\"
    \"<span class=sf-dump-key>updated_at</span>\" => \"<span class=sf-dump-str title=\"19 characters\">2025-12-20 08:16:02</span>\"
  </samp>]
  #<span class=sf-dump-protected title=\"Protected property\">original</span>: <span class=sf-dump-note>array:9</span> [<samp data-depth=2 class=sf-dump-compact>
    \"<span class=sf-dump-key>id</span>\" => <span class=sf-dump-num>1</span>
    \"<span class=sf-dump-key>name</span>\" => \"<span class=sf-dump-str title=\"11 characters\">Main Clinic</span>\"
    \"<span class=sf-dump-key>prefix</span>\" => \"<span class=sf-dump-str title=\"4 characters\">MAIN</span>\"
    \"<span class=sf-dump-key>email</span>\" => <span class=sf-dump-const>null</span>
    \"<span class=sf-dump-key>phone</span>\" => <span class=sf-dump-const>null</span>
    \"<span class=sf-dump-key>address</span>\" => <span class=sf-dump-const>null</span>
    \"<span class=sf-dump-key>status</span>\" => <span class=sf-dump-num>1</span>
    \"<span class=sf-dump-key>created_at</span>\" => \"<span class=sf-dump-str title=\"19 characters\">2025-12-20 08:16:02</span>\"
    \"<span class=sf-dump-key>updated_at</span>\" => \"<span class=sf-dump-str title=\"19 characters\">2025-12-20 08:16:02</span>\"
  </samp>]
  #<span class=sf-dump-protected title=\"Protected property\">changes</span>: []
  #<span class=sf-dump-protected title=\"Protected property\">casts</span>: []
  #<span class=sf-dump-protected title=\"Protected property\">classCastCache</span>: []
  #<span class=sf-dump-protected title=\"Protected property\">attributeCastCache</span>: []
  #<span class=sf-dump-protected title=\"Protected property\">dates</span>: []
  #<span class=sf-dump-protected title=\"Protected property\">dateFormat</span>: <span class=sf-dump-const>null</span>
  #<span class=sf-dump-protected title=\"Protected property\">appends</span>: []
  #<span class=sf-dump-protected title=\"Protected property\">dispatchesEvents</span>: []
  #<span class=sf-dump-protected title=\"Protected property\">observables</span>: []
  #<span class=sf-dump-protected title=\"Protected property\">relations</span>: []
  #<span class=sf-dump-protected title=\"Protected property\">touches</span>: []
  +<span class=sf-dump-public title=\"Public property\">timestamps</span>: <span class=sf-dump-const>true</span>
  #<span class=sf-dump-protected title=\"Protected property\">hidden</span>: []
  #<span class=sf-dump-protected title=\"Protected property\">visible</span>: []
  #<span class=sf-dump-protected title=\"Protected property\">fillable</span>: <span class=sf-dump-note>array:6</span> [<samp data-depth=2 class=sf-dump-compact>
    <span class=sf-dump-index>0</span> => \"<span class=sf-dump-str title=\"4 characters\">name</span>\"
    <span class=sf-dump-index>1</span> => \"<span class=sf-dump-str title=\"6 characters\">prefix</span>\"
    <span class=sf-dump-index>2</span> => \"<span class=sf-dump-str title=\"7 characters\">address</span>\"
    <span class=sf-dump-index>3</span> => \"<span class=sf-dump-str title=\"5 characters\">phone</span>\"
    <span class=sf-dump-index>4</span> => \"<span class=sf-dump-str title=\"5 characters\">email</span>\"
    <span class=sf-dump-index>5</span> => \"<span class=sf-dump-str title=\"6 characters\">status</span>\"
  </samp>]
  #<span class=sf-dump-protected title=\"Protected property\">guarded</span>: <span class=sf-dump-note>array:1</span> [<samp data-depth=2 class=sf-dump-compact>
    <span class=sf-dump-index>0</span> => \"<span class=sf-dump-str>*</span>\"
  </samp>]
</samp>}
</pre><script>Sfdump(\"sf-dump-1049671342\", {\"maxDepth\":3,\"maxStringLength\":160})</script>
","viewingAllClinics":"<pre class=sf-dump id=sf-dump-2015260452 data-indent-pad=\"  \"><span class=sf-dump-const>false</span>
</pre><script>Sfdump(\"sf-dump-2015260452\", {\"maxDepth\":3,\"maxStringLength\":160})</script>
","availableClinics":"<pre class=sf-dump id=sf-dump-629037595 data-indent-pad=\"  \"><span class=sf-dump-note>Illuminate\\Database\\Eloquent\\Collection</span> {<a class=sf-dump-ref>#1363</a><samp data-depth=1 class=sf-dump-expanded>
  #<span class=sf-dump-protected title=\"Protected property\">items</span>: <span class=sf-dump-note>array:1</span> [<samp data-depth=2 class=sf-dump-compact>
    <span class=sf-dump-index>0</span> => <span class=\"sf-dump-note sf-dump-ellipsization\" title=\"App\\Models\\Clinic
\"><span class=\"sf-dump-ellipsis sf-dump-ellipsis-note\">App\\Models</span><span class=\"sf-dump-ellipsis sf-dump-ellipsis-note\">\\</span><span class=\"sf-dump-ellipsis-tail\">Clinic</span></span> {<a class=sf-dump-ref>#1366</a><samp data-depth=3 class=sf-dump-compact>
      #<span class=sf-dump-protected title=\"Protected property\">connection</span>: \"<span class=sf-dump-str title=\"5 characters\">mysql</span>\"
      #<span class=sf-dump-protected title=\"Protected property\">table</span>: \"<span class=sf-dump-str title=\"7 characters\">clinics</span>\"
      #<span class=sf-dump-protected title=\"Protected property\">primaryKey</span>: \"<span class=sf-dump-str title=\"2 characters\">id</span>\"
      #<span class=sf-dump-protected title=\"Protected property\">keyType</span>: \"<span class=sf-dump-str title=\"3 characters\">int</span>\"
      +<span class=sf-dump-public title=\"Public property\">incrementing</span>: <span class=sf-dump-const>true</span>
      #<span class=sf-dump-protected title=\"Protected property\">with</span>: []
      #<span class=sf-dump-protected title=\"Protected property\">withCount</span>: []
      +<span class=sf-dump-public title=\"Public property\">preventsLazyLoading</span>: <span class=sf-dump-const>false</span>
      #<span class=sf-dump-protected title=\"Protected property\">perPage</span>: <span class=sf-dump-num>15</span>
      +<span class=sf-dump-public title=\"Public property\">exists</span>: <span class=sf-dump-const>true</span>
      +<span class=sf-dump-public title=\"Public property\">wasRecentlyCreated</span>: <span class=sf-dump-const>false</span>
      #<span class=sf-dump-protected title=\"Protected property\">escapeWhenCastingToString</span>: <span class=sf-dump-const>false</span>
      #<span class=sf-dump-protected title=\"Protected property\">attributes</span>: <span class=sf-dump-note>array:9</span> [ &#8230;9]
      #<span class=sf-dump-protected title=\"Protected property\">original</span>: <span class=sf-dump-note>array:9</span> [ &#8230;9]
      #<span class=sf-dump-protected title=\"Protected property\">changes</span>: []
      #<span class=sf-dump-protected title=\"Protected property\">casts</span>: []
      #<span class=sf-dump-protected title=\"Protected property\">classCastCache</span>: []
      #<span class=sf-dump-protected title=\"Protected property\">attributeCastCache</span>: []
      #<span class=sf-dump-protected title=\"Protected property\">dates</span>: []
      #<span class=sf-dump-protected title=\"Protected property\">dateFormat</span>: <span class=sf-dump-const>null</span>
      #<span class=sf-dump-protected title=\"Protected property\">appends</span>: []
      #<span class=sf-dump-protected title=\"Protected property\">dispatchesEvents</span>: []
      #<span class=sf-dump-protected title=\"Protected property\">observables</span>: []
      #<span class=sf-dump-protected title=\"Protected property\">relations</span>: []
      #<span class=sf-dump-protected title=\"Protected property\">touches</span>: []
      +<span class=sf-dump-public title=\"Public property\">timestamps</span>: <span class=sf-dump-const>true</span>
      #<span class=sf-dump-protected title=\"Protected property\">hidden</span>: []
      #<span class=sf-dump-protected title=\"Protected property\">visible</span>: []
      #<span class=sf-dump-protected title=\"Protected property\">fillable</span>: <span class=sf-dump-note>array:6</span> [ &#8230;6]
      #<span class=sf-dump-protected title=\"Protected property\">guarded</span>: <span class=sf-dump-note>array:1</span> [ &#8230;1]
    </samp>}
  </samp>]
  #<span class=sf-dump-protected title=\"Protected property\">escapeWhenCastingToString</span>: <span class=sf-dump-const>false</span>
</samp>}
</pre><script>Sfdump(\"sf-dump-629037595\", {\"maxDepth\":3,\"maxStringLength\":160})</script>
","photos":"<pre class=sf-dump id=sf-dump-1436122297 data-indent-pad=\"  \"><span class=sf-dump-note>array:5</span> [<samp data-depth=1 class=sf-dump-expanded>
  <span class=sf-dump-index>0</span> => {<a class=sf-dump-ref>#1326</a><samp data-depth=2 class=sf-dump-compact>
    +\"<span class=sf-dump-public title=\"Runtime added dynamic property\">id</span>\": <span class=sf-dump-num>10</span>
    +\"<span class=sf-dump-public title=\"Runtime added dynamic property\">description</span>\": <span class=sf-dump-const>null</span>
    +\"<span class=sf-dump-public title=\"Runtime added dynamic property\">token</span>\": \"<span class=sf-dump-str title=\"8 characters\">MAIN0001</span>\"
    +\"<span class=sf-dump-public title=\"Runtime added dynamic property\">first_name</span>\": \"<span class=sf-dump-str title=\"5 characters\">first</span>\"
    +\"<span class=sf-dump-public title=\"Runtime added dynamic property\">last_name</span>\": \"<span class=sf-dump-str title=\"7 characters\">patient</span>\"
    +\"<span class=sf-dump-public title=\"Runtime added dynamic property\">created_time</span>\": \"<span class=sf-dump-str title=\"10 characters\">20-12-2025</span>\"
  </samp>}
  <span class=sf-dump-index>1</span> => {<a class=sf-dump-ref>#1365</a><samp data-depth=2 class=sf-dump-compact>
    +\"<span class=sf-dump-public title=\"Runtime added dynamic property\">id</span>\": <span class=sf-dump-num>11</span>
    +\"<span class=sf-dump-public title=\"Runtime added dynamic property\">description</span>\": <span class=sf-dump-const>null</span>
    +\"<span class=sf-dump-public title=\"Runtime added dynamic property\">token</span>\": \"<span class=sf-dump-str title=\"8 characters\">MAIN0001</span>\"
    +\"<span class=sf-dump-public title=\"Runtime added dynamic property\">first_name</span>\": \"<span class=sf-dump-str title=\"5 characters\">first</span>\"
    +\"<span class=sf-dump-public title=\"Runtime added dynamic property\">last_name</span>\": \"<span class=sf-dump-str title=\"7 characters\">patient</span>\"
    +\"<span class=sf-dump-public title=\"Runtime added dynamic property\">created_time</span>\": \"<span class=sf-dump-str title=\"10 characters\">20-12-2025</span>\"
  </samp>}
  <span class=sf-dump-index>2</span> => {<a class=sf-dump-ref>#1361</a><samp data-depth=2 class=sf-dump-compact>
    +\"<span class=sf-dump-public title=\"Runtime added dynamic property\">id</span>\": <span class=sf-dump-num>12</span>
    +\"<span class=sf-dump-public title=\"Runtime added dynamic property\">description</span>\": <span class=sf-dump-const>null</span>
    +\"<span class=sf-dump-public title=\"Runtime added dynamic property\">token</span>\": \"<span class=sf-dump-str title=\"8 characters\">MAIN0001</span>\"
    +\"<span class=sf-dump-public title=\"Runtime added dynamic property\">first_name</span>\": \"<span class=sf-dump-str title=\"5 characters\">first</span>\"
    +\"<span class=sf-dump-public title=\"Runtime added dynamic property\">last_name</span>\": \"<span class=sf-dump-str title=\"7 characters\">patient</span>\"
    +\"<span class=sf-dump-public title=\"Runtime added dynamic property\">created_time</span>\": \"<span class=sf-dump-str title=\"10 characters\">20-12-2025</span>\"
  </samp>}
  <span class=sf-dump-index>3</span> => {<a class=sf-dump-ref>#1360</a><samp data-depth=2 class=sf-dump-compact>
    +\"<span class=sf-dump-public title=\"Runtime added dynamic property\">id</span>\": <span class=sf-dump-num>13</span>
    +\"<span class=sf-dump-public title=\"Runtime added dynamic property\">description</span>\": <span class=sf-dump-const>null</span>
    +\"<span class=sf-dump-public title=\"Runtime added dynamic property\">token</span>\": \"<span class=sf-dump-str title=\"8 characters\">MAIN0001</span>\"
    +\"<span class=sf-dump-public title=\"Runtime added dynamic property\">first_name</span>\": \"<span class=sf-dump-str title=\"5 characters\">first</span>\"
    +\"<span class=sf-dump-public title=\"Runtime added dynamic property\">last_name</span>\": \"<span class=sf-dump-str title=\"7 characters\">patient</span>\"
    +\"<span class=sf-dump-public title=\"Runtime added dynamic property\">created_time</span>\": \"<span class=sf-dump-str title=\"10 characters\">20-12-2025</span>\"
  </samp>}
  <span class=sf-dump-index>4</span> => {<a class=sf-dump-ref>#1356</a><samp data-depth=2 class=sf-dump-compact>
    +\"<span class=sf-dump-public title=\"Runtime added dynamic property\">id</span>\": <span class=sf-dump-num>14</span>
    +\"<span class=sf-dump-public title=\"Runtime added dynamic property\">description</span>\": <span class=sf-dump-const>null</span>
    +\"<span class=sf-dump-public title=\"Runtime added dynamic property\">token</span>\": \"<span class=sf-dump-str title=\"8 characters\">MAIN0001</span>\"
    +\"<span class=sf-dump-public title=\"Runtime added dynamic property\">first_name</span>\": \"<span class=sf-dump-str title=\"5 characters\">first</span>\"
    +\"<span class=sf-dump-public title=\"Runtime added dynamic property\">last_name</span>\": \"<span class=sf-dump-str title=\"7 characters\">patient</span>\"
    +\"<span class=sf-dump-public title=\"Runtime added dynamic property\">created_time</span>\": \"<span class=sf-dump-str title=\"10 characters\">20-12-2025</span>\"
  </samp>}
</samp>]
</pre><script>Sfdump(\"sf-dump-1436122297\", {\"maxDepth\":3,\"maxStringLength\":160})</script>
"}},"userId":1,"exception":"[object] (Spatie\\LaravelIgnition\\Exceptions\\ViewException(code: 0): Missing required parameter for [Route: record.view] [URI: record/view/{record}] [Missing parameter: record]. at /Users/minpyaesonenyein/projects/skincollection/vendor/laravel/framework/src/Illuminate/Routing/Exceptions/UrlGenerationException.php:35)
[stacktrace]
#0 /Users/minpyaesonenyein/projects/skincollection/vendor/laravel/framework/src/Illuminate/Routing/RouteUrlGenerator.php(90): Illuminate\\Routing\\Exceptions\\UrlGenerationException::forMissingParameters(Object(Illuminate\\Routing\\Route), Array)
#1 /Users/minpyaesonenyein/projects/skincollection/vendor/laravel/framework/src/Illuminate/Routing/UrlGenerator.php(492): Illuminate\\Routing\\RouteUrlGenerator->to(Object(Illuminate\\Routing\\Route), Array, true)
#2 /Users/minpyaesonenyein/projects/skincollection/vendor/laravel/framework/src/Illuminate/Routing/UrlGenerator.php(464): Illuminate\\Routing\\UrlGenerator->toRoute(Object(Illuminate\\Routing\\Route), Array, true)
#3 /Users/minpyaesonenyein/projects/skincollection/vendor/laravel/framework/src/Illuminate/Foundation/helpers.php(826): Illuminate\\Routing\\UrlGenerator->route('record.view', Array, true)
#4 /Users/minpyaesonenyein/projects/skincollection/resources/views/patient-photo/index.blade.php(52): route('record.view', Array)
#5 /Users/minpyaesonenyein/projects/skincollection/vendor/laravel/framework/src/Illuminate/Filesystem/Filesystem.php(109): require('/Users/minpyaes...')
#6 /Users/minpyaesonenyein/projects/skincollection/vendor/laravel/framework/src/Illuminate/Filesystem/Filesystem.php(110): Illuminate\\Filesystem\\Filesystem::{closure:Illuminate\\Filesystem\\Filesystem::getRequire():106}()
#7 /Users/minpyaesonenyein/projects/skincollection/vendor/laravel/framework/src/Illuminate/View/Engines/PhpEngine.php(58): Illuminate\\Filesystem\\Filesystem->getRequire('/Users/minpyaes...', Array)
#8 /Users/minpyaesonenyein/projects/skincollection/vendor/livewire/livewire/src/Mechanisms/ExtendBlade/ExtendedCompilerEngine.php(22): Illuminate\\View\\Engines\\PhpEngine->evaluatePath('/Users/minpyaes...', Array)
#9 /Users/minpyaesonenyein/projects/skincollection/vendor/laravel/framework/src/Illuminate/View/Engines/CompilerEngine.php(70): Livewire\\Mechanisms\\ExtendBlade\\ExtendedCompilerEngine->evaluatePath('/Users/minpyaes...', Array)
#10 /Users/minpyaesonenyein/projects/skincollection/vendor/livewire/livewire/src/Mechanisms/ExtendBlade/ExtendedCompilerEngine.php(10): Illuminate\\View\\Engines\\CompilerEngine->get('/Users/minpyaes...', Array)
#11 /Users/minpyaesonenyein/projects/skincollection/vendor/laravel/framework/src/Illuminate/View/View.php(195): Livewire\\Mechanisms\\ExtendBlade\\ExtendedCompilerEngine->get('/Users/minpyaes...', Array)
#12 /Users/minpyaesonenyein/projects/skincollection/vendor/laravel/framework/src/Illuminate/View/View.php(178): Illuminate\\View\\View->getContents()
#13 /Users/minpyaesonenyein/projects/skincollection/vendor/laravel/framework/src/Illuminate/View/View.php(147): Illuminate\\View\\View->renderContents()
#14 /Users/minpyaesonenyein/projects/skincollection/vendor/laravel/framework/src/Illuminate/Http/Response.php(69): Illuminate\\View\\View->render()
#15 /Users/minpyaesonenyein/projects/skincollection/vendor/laravel/framework/src/Illuminate/Http/Response.php(35): Illuminate\\Http\\Response->setContent(Object(Illuminate\\View\\View))
#16 /Users/minpyaesonenyein/projects/skincollection/vendor/laravel/framework/src/Illuminate/Routing/Router.php(906): Illuminate\\Http\\Response->__construct(Object(Illuminate\\View\\View), 200, Array)
#17 /Users/minpyaesonenyein/projects/skincollection/vendor/laravel/framework/src/Illuminate/Routing/Router.php(875): Illuminate\\Routing\\Router::toResponse(Object(Illuminate\\Http\\Request), Object(Illuminate\\View\\View))
#18 /Users/minpyaesonenyein/projects/skincollection/vendor/laravel/framework/src/Illuminate/Routing/Router.php(797): Illuminate\\Routing\\Router->prepareResponse(Object(Illuminate\\Http\\Request), Object(Illuminate\\View\\View))
#19 /Users/minpyaesonenyein/projects/skincollection/vendor/laravel/framework/src/Illuminate/Pipeline/Pipeline.php(141): Illuminate\\Routing\\Router->{closure:Illuminate\\Routing\\Router::runRouteWithinStack():797}(Object(Illuminate\\Http\\Request))
#20 /Users/minpyaesonenyein/projects/skincollection/vendor/spatie/laravel-permission/src/Middlewares/RoleMiddleware.php(27): Illuminate\\Pipeline\\Pipeline->{closure:Illuminate\\Pipeline\\Pipeline::prepareDestination():139}(Object(Illuminate\\Http\\Request))
#21 /Users/minpyaesonenyein/projects/skincollection/vendor/laravel/framework/src/Illuminate/Pipeline/Pipeline.php(180): Spatie\\Permission\\Middlewares\\RoleMiddleware->handle(Object(Illuminate\\Http\\Request), Object(Closure), 'admin')
#22 /Users/minpyaesonenyein/projects/skincollection/app/Http/Middleware/EnsureClinicContext.php(34): Illuminate\\Pipeline\\Pipeline->{closure:{closure:Illuminate\\Pipeline\\Pipeline::carry():155}:156}(Object(Illuminate\\Http\\Request))
#23 /Users/minpyaesonenyein/projects/skincollection/vendor/laravel/framework/src/Illuminate/Pipeline/Pipeline.php(180): App\\Http\\Middleware\\EnsureClinicContext->handle(Object(Illuminate\\Http\\Request), Object(Closure))
#24 /Users/minpyaesonenyein/projects/skincollection/vendor/laravel/framework/src/Illuminate/Routing/Middleware/SubstituteBindings.php(50): Illuminate\\Pipeline\\Pipeline->{closure:{closure:Illuminate\\Pipeline\\Pipeline::carry():155}:156}(Object(Illuminate\\Http\\Request))
#25 /Users/minpyaesonenyein/projects/skincollection/vendor/laravel/framework/src/Illuminate/Pipeline/Pipeline.php(180): Illuminate\\Routing\\Middleware\\SubstituteBindings->handle(Object(Illuminate\\Http\\Request), Object(Closure))
#26 /Users/minpyaesonenyein/projects/skincollection/vendor/laravel/framework/src/Illuminate/Auth/Middleware/Authenticate.php(44): Illuminate\\Pipeline\\Pipeline->{closure:{closure:Illuminate\\Pipeline\\Pipeline::carry():155}:156}(Object(Illuminate\\Http\\Request))
#27 /Users/minpyaesonenyein/projects/skincollection/vendor/laravel/framework/src/Illuminate/Pipeline/Pipeline.php(180): Illuminate\\Auth\\Middleware\\Authenticate->handle(Object(Illuminate\\Http\\Request), Object(Closure))
#28 /Users/minpyaesonenyein/projects/skincollection/vendor/laravel/framework/src/Illuminate/Foundation/Http/Middleware/VerifyCsrfToken.php(78): Illuminate\\Pipeline\\Pipeline->{closure:{closure:Illuminate\\Pipeline\\Pipeline::carry():155}:156}(Object(Illuminate\\Http\\Request))
#29 /Users/minpyaesonenyein/projects/skincollection/vendor/laravel/framework/src/Illuminate/Pipeline/Pipeline.php(180): Illuminate\\Foundation\\Http\\Middleware\\VerifyCsrfToken->handle(Object(Illuminate\\Http\\Request), Object(Closure))
#30 /Users/minpyaesonenyein/projects/skincollection/vendor/laravel/framework/src/Illuminate/View/Middleware/ShareErrorsFromSession.php(49): Illuminate\\Pipeline\\Pipeline->{closure:{closure:Illuminate\\Pipeline\\Pipeline::carry():155}:156}(Object(Illuminate\\Http\\Request))
#31 /Users/minpyaesonenyein/projects/skincollection/vendor/laravel/framework/src/Illuminate/Pipeline/Pipeline.php(180): Illuminate\\View\\Middleware\\ShareErrorsFromSession->handle(Object(Illuminate\\Http\\Request), Object(Closure))
#32 /Users/minpyaesonenyein/projects/skincollection/vendor/laravel/framework/src/Illuminate/Session/Middleware/StartSession.php(121): Illuminate\\Pipeline\\Pipeline->{closure:{closure:Illuminate\\Pipeline\\Pipeline::carry():155}:156}(Object(Illuminate\\Http\\Request))
#33 /Users/minpyaesonenyein/projects/skincollection/vendor/laravel/framework/src/Illuminate/Session/Middleware/StartSession.php(64): Illuminate\\Session\\Middleware\\StartSession->handleStatefulRequest(Object(Illuminate\\Http\\Request), Object(Illuminate\\Session\\Store), Object(Closure))
#34 /Users/minpyaesonenyein/projects/skincollection/vendor/laravel/framework/src/Illuminate/Pipeline/Pipeline.php(180): Illuminate\\Session\\Middleware\\StartSession->handle(Object(Illuminate\\Http\\Request), Object(Closure))
#35 /Users/minpyaesonenyein/projects/skincollection/vendor/laravel/framework/src/Illuminate/Cookie/Middleware/AddQueuedCookiesToResponse.php(37): Illuminate\\Pipeline\\Pipeline->{closure:{closure:Illuminate\\Pipeline\\Pipeline::carry():155}:156}(Object(Illuminate\\Http\\Request))
#36 /Users/minpyaesonenyein/projects/skincollection/vendor/laravel/framework/src/Illuminate/Pipeline/Pipeline.php(180): Illuminate\\Cookie\\Middleware\\AddQueuedCookiesToResponse->handle(Object(Illuminate\\Http\\Request), Object(Closure))
#37 /Users/minpyaesonenyein/projects/skincollection/vendor/laravel/framework/src/Illuminate/Cookie/Middleware/EncryptCookies.php(67): Illuminate\\Pipeline\\Pipeline->{closure:{closure:Illuminate\\Pipeline\\Pipeline::carry():155}:156}(Object(Illuminate\\Http\\Request))
#38 /Users/minpyaesonenyein/projects/skincollection/vendor/laravel/framework/src/Illuminate/Pipeline/Pipeline.php(180): Illuminate\\Cookie\\Middleware\\EncryptCookies->handle(Object(Illuminate\\Http\\Request), Object(Closure))
#39 /Users/minpyaesonenyein/projects/skincollection/vendor/laravel/framework/src/Illuminate/Pipeline/Pipeline.php(116): Illuminate\\Pipeline\\Pipeline->{closure:{closure:Illuminate\\Pipeline\\Pipeline::carry():155}:156}(Object(Illuminate\\Http\\Request))
#40 /Users/minpyaesonenyein/projects/skincollection/vendor/laravel/framework/src/Illuminate/Routing/Router.php(797): Illuminate\\Pipeline\\Pipeline->then(Object(Closure))
#41 /Users/minpyaesonenyein/projects/skincollection/vendor/laravel/framework/src/Illuminate/Routing/Router.php(776): Illuminate\\Routing\\Router->runRouteWithinStack(Object(Illuminate\\Routing\\Route), Object(Illuminate\\Http\\Request))
#42 /Users/minpyaesonenyein/projects/skincollection/vendor/laravel/framework/src/Illuminate/Routing/Router.php(740): Illuminate\\Routing\\Router->runRoute(Object(Illuminate\\Http\\Request), Object(Illuminate\\Routing\\Route))
#43 /Users/minpyaesonenyein/projects/skincollection/vendor/laravel/framework/src/Illuminate/Routing/Router.php(729): Illuminate\\Routing\\Router->dispatchToRoute(Object(Illuminate\\Http\\Request))
#44 /Users/minpyaesonenyein/projects/skincollection/vendor/laravel/framework/src/Illuminate/Foundation/Http/Kernel.php(190): Illuminate\\Routing\\Router->dispatch(Object(Illuminate\\Http\\Request))
#45 /Users/minpyaesonenyein/projects/skincollection/vendor/laravel/framework/src/Illuminate/Pipeline/Pipeline.php(141): Illuminate\\Foundation\\Http\\Kernel->{closure:Illuminate\\Foundation\\Http\\Kernel::dispatchToRouter():187}(Object(Illuminate\\Http\\Request))
#46 /Users/minpyaesonenyein/projects/skincollection/vendor/livewire/livewire/src/Features/SupportDisablingBackButtonCache/DisableBackButtonCacheMiddleware.php(19): Illuminate\\Pipeline\\Pipeline->{closure:Illuminate\\Pipeline\\Pipeline::prepareDestination():139}(Object(Illuminate\\Http\\Request))
#47 /Users/minpyaesonenyein/projects/skincollection/vendor/laravel/framework/src/Illuminate/Pipeline/Pipeline.php(180): Livewire\\Features\\SupportDisablingBackButtonCache\\DisableBackButtonCacheMiddleware->handle(Object(Illuminate\\Http\\Request), Object(Closure))
#48 /Users/minpyaesonenyein/projects/skincollection/vendor/laravel/framework/src/Illuminate/Foundation/Http/Middleware/TransformsRequest.php(21): Illuminate\\Pipeline\\Pipeline->{closure:{closure:Illuminate\\Pipeline\\Pipeline::carry():155}:156}(Object(Illuminate\\Http\\Request))
#49 /Users/minpyaesonenyein/projects/skincollection/vendor/laravel/framework/src/Illuminate/Foundation/Http/Middleware/ConvertEmptyStringsToNull.php(31): Illuminate\\Foundation\\Http\\Middleware\\TransformsRequest->handle(Object(Illuminate\\Http\\Request), Object(Closure))
#50 /Users/minpyaesonenyein/projects/skincollection/vendor/laravel/framework/src/Illuminate/Pipeline/Pipeline.php(180): Illuminate\\Foundation\\Http\\Middleware\\ConvertEmptyStringsToNull->handle(Object(Illuminate\\Http\\Request), Object(Closure))
#51 /Users/minpyaesonenyein/projects/skincollection/vendor/laravel/framework/src/Illuminate/Foundation/Http/Middleware/TransformsRequest.php(21): Illuminate\\Pipeline\\Pipeline->{closure:{closure:Illuminate\\Pipeline\\Pipeline::carry():155}:156}(Object(Illuminate\\Http\\Request))
#52 /Users/minpyaesonenyein/projects/skincollection/vendor/laravel/framework/src/Illuminate/Foundation/Http/Middleware/TrimStrings.php(40): Illuminate\\Foundation\\Http\\Middleware\\TransformsRequest->handle(Object(Illuminate\\Http\\Request), Object(Closure))
#53 /Users/minpyaesonenyein/projects/skincollection/vendor/laravel/framework/src/Illuminate/Pipeline/Pipeline.php(180): Illuminate\\Foundation\\Http\\Middleware\\TrimStrings->handle(Object(Illuminate\\Http\\Request), Object(Closure))
#54 /Users/minpyaesonenyein/projects/skincollection/vendor/laravel/framework/src/Illuminate/Foundation/Http/Middleware/ValidatePostSize.php(27): Illuminate\\Pipeline\\Pipeline->{closure:{closure:Illuminate\\Pipeline\\Pipeline::carry():155}:156}(Object(Illuminate\\Http\\Request))
#55 /Users/minpyaesonenyein/projects/skincollection/vendor/laravel/framework/src/Illuminate/Pipeline/Pipeline.php(180): Illuminate\\Foundation\\Http\\Middleware\\ValidatePostSize->handle(Object(Illuminate\\Http\\Request), Object(Closure))
#56 /Users/minpyaesonenyein/projects/skincollection/vendor/laravel/framework/src/Illuminate/Foundation/Http/Middleware/PreventRequestsDuringMaintenance.php(86): Illuminate\\Pipeline\\Pipeline->{closure:{closure:Illuminate\\Pipeline\\Pipeline::carry():155}:156}(Object(Illuminate\\Http\\Request))
#57 /Users/minpyaesonenyein/projects/skincollection/vendor/laravel/framework/src/Illuminate/Pipeline/Pipeline.php(180): Illuminate\\Foundation\\Http\\Middleware\\PreventRequestsDuringMaintenance->handle(Object(Illuminate\\Http\\Request), Object(Closure))
#58 /Users/minpyaesonenyein/projects/skincollection/vendor/fruitcake/laravel-cors/src/HandleCors.php(38): Illuminate\\Pipeline\\Pipeline->{closure:{closure:Illuminate\\Pipeline\\Pipeline::carry():155}:156}(Object(Illuminate\\Http\\Request))
#59 /Users/minpyaesonenyein/projects/skincollection/vendor/laravel/framework/src/Illuminate/Pipeline/Pipeline.php(180): Fruitcake\\Cors\\HandleCors->handle(Object(Illuminate\\Http\\Request), Object(Closure))
#60 /Users/minpyaesonenyein/projects/skincollection/vendor/laravel/framework/src/Illuminate/Http/Middleware/TrustProxies.php(39): Illuminate\\Pipeline\\Pipeline->{closure:{closure:Illuminate\\Pipeline\\Pipeline::carry():155}:156}(Object(Illuminate\\Http\\Request))
#61 /Users/minpyaesonenyein/projects/skincollection/vendor/laravel/framework/src/Illuminate/Pipeline/Pipeline.php(180): Illuminate\\Http\\Middleware\\TrustProxies->handle(Object(Illuminate\\Http\\Request), Object(Closure))
#62 /Users/minpyaesonenyein/projects/skincollection/vendor/laravel/framework/src/Illuminate/Pipeline/Pipeline.php(116): Illuminate\\Pipeline\\Pipeline->{closure:{closure:Illuminate\\Pipeline\\Pipeline::carry():155}:156}(Object(Illuminate\\Http\\Request))
#63 /Users/minpyaesonenyein/projects/skincollection/vendor/laravel/framework/src/Illuminate/Foundation/Http/Kernel.php(165): Illuminate\\Pipeline\\Pipeline->then(Object(Closure))
#64 /Users/minpyaesonenyein/projects/skincollection/vendor/laravel/framework/src/Illuminate/Foundation/Http/Kernel.php(134): Illuminate\\Foundation\\Http\\Kernel->sendRequestThroughRouter(Object(Illuminate\\Http\\Request))
#65 /Users/minpyaesonenyein/projects/skincollection/public/index.php(51): Illuminate\\Foundation\\Http\\Kernel->handle(Object(Illuminate\\Http\\Request))
#66 /Users/minpyaesonenyein/projects/skincollection/server.php(21): require_once('/Users/minpyaes...')
#67 {main}

[previous exception] [object] (Illuminate\\Routing\\Exceptions\\UrlGenerationException(code: 0): Missing required parameter for [Route: record.view] [URI: record/view/{record}] [Missing parameter: record]. at /Users/minpyaesonenyein/projects/skincollection/vendor/laravel/framework/src/Illuminate/Routing/Exceptions/UrlGenerationException.php:35)
[stacktrace]
#0 /Users/minpyaesonenyein/projects/skincollection/vendor/laravel/framework/src/Illuminate/Routing/RouteUrlGenerator.php(90): Illuminate\\Routing\\Exceptions\\UrlGenerationException::forMissingParameters(Object(Illuminate\\Routing\\Route), Array)
#1 /Users/minpyaesonenyein/projects/skincollection/vendor/laravel/framework/src/Illuminate/Routing/UrlGenerator.php(492): Illuminate\\Routing\\RouteUrlGenerator->to(Object(Illuminate\\Routing\\Route), Array, true)
#2 /Users/minpyaesonenyein/projects/skincollection/vendor/laravel/framework/src/Illuminate/Routing/UrlGenerator.php(464): Illuminate\\Routing\\UrlGenerator->toRoute(Object(Illuminate\\Routing\\Route), Array, true)
#3 /Users/minpyaesonenyein/projects/skincollection/vendor/laravel/framework/src/Illuminate/Foundation/helpers.php(826): Illuminate\\Routing\\UrlGenerator->route('record.view', Array, true)
#4 /Users/minpyaesonenyein/projects/skincollection/storage/framework/views/3a9e0363b2e190789e7db73b35a039375a7e0e28.php(50): route('record.view', Array)
#5 /Users/minpyaesonenyein/projects/skincollection/vendor/laravel/framework/src/Illuminate/Filesystem/Filesystem.php(109): require('/Users/minpyaes...')
#6 /Users/minpyaesonenyein/projects/skincollection/vendor/laravel/framework/src/Illuminate/Filesystem/Filesystem.php(110): Illuminate\\Filesystem\\Filesystem::{closure:Illuminate\\Filesystem\\Filesystem::getRequire():106}()
#7 /Users/minpyaesonenyein/projects/skincollection/vendor/laravel/framework/src/Illuminate/View/Engines/PhpEngine.php(58): Illuminate\\Filesystem\\Filesystem->getRequire('/Users/minpyaes...', Array)
#8 /Users/minpyaesonenyein/projects/skincollection/vendor/livewire/livewire/src/Mechanisms/ExtendBlade/ExtendedCompilerEngine.php(22): Illuminate\\View\\Engines\\PhpEngine->evaluatePath('/Users/minpyaes...', Array)
#9 /Users/minpyaesonenyein/projects/skincollection/vendor/laravel/framework/src/Illuminate/View/Engines/CompilerEngine.php(70): Livewire\\Mechanisms\\ExtendBlade\\ExtendedCompilerEngine->evaluatePath('/Users/minpyaes...', Array)
#10 /Users/minpyaesonenyein/projects/skincollection/vendor/livewire/livewire/src/Mechanisms/ExtendBlade/ExtendedCompilerEngine.php(10): Illuminate\\View\\Engines\\CompilerEngine->get('/Users/minpyaes...', Array)
#11 /Users/minpyaesonenyein/projects/skincollection/vendor/laravel/framework/src/Illuminate/View/View.php(195): Livewire\\Mechanisms\\ExtendBlade\\ExtendedCompilerEngine->get('/Users/minpyaes...', Array)
#12 /Users/minpyaesonenyein/projects/skincollection/vendor/laravel/framework/src/Illuminate/View/View.php(178): Illuminate\\View\\View->getContents()
#13 /Users/minpyaesonenyein/projects/skincollection/vendor/laravel/framework/src/Illuminate/View/View.php(147): Illuminate\\View\\View->renderContents()
#14 /Users/minpyaesonenyein/projects/skincollection/vendor/laravel/framework/src/Illuminate/Http/Response.php(69): Illuminate\\View\\View->render()
#15 /Users/minpyaesonenyein/projects/skincollection/vendor/laravel/framework/src/Illuminate/Http/Response.php(35): Illuminate\\Http\\Response->setContent(Object(Illuminate\\View\\View))
#16 /Users/minpyaesonenyein/projects/skincollection/vendor/laravel/framework/src/Illuminate/Routing/Router.php(906): Illuminate\\Http\\Response->__construct(Object(Illuminate\\View\\View), 200, Array)
#17 /Users/minpyaesonenyein/projects/skincollection/vendor/laravel/framework/src/Illuminate/Routing/Router.php(875): Illuminate\\Routing\\Router::toResponse(Object(Illuminate\\Http\\Request), Object(Illuminate\\View\\View))
#18 /Users/minpyaesonenyein/projects/skincollection/vendor/laravel/framework/src/Illuminate/Routing/Router.php(797): Illuminate\\Routing\\Router->prepareResponse(Object(Illuminate\\Http\\Request), Object(Illuminate\\View\\View))
#19 /Users/minpyaesonenyein/projects/skincollection/vendor/laravel/framework/src/Illuminate/Pipeline/Pipeline.php(141): Illuminate\\Routing\\Router->{closure:Illuminate\\Routing\\Router::runRouteWithinStack():797}(Object(Illuminate\\Http\\Request))
#20 /Users/minpyaesonenyein/projects/skincollection/vendor/spatie/laravel-permission/src/Middlewares/RoleMiddleware.php(27): Illuminate\\Pipeline\\Pipeline->{closure:Illuminate\\Pipeline\\Pipeline::prepareDestination():139}(Object(Illuminate\\Http\\Request))
#21 /Users/minpyaesonenyein/projects/skincollection/vendor/laravel/framework/src/Illuminate/Pipeline/Pipeline.php(180): Spatie\\Permission\\Middlewares\\RoleMiddleware->handle(Object(Illuminate\\Http\\Request), Object(Closure), 'admin')
#22 /Users/minpyaesonenyein/projects/skincollection/app/Http/Middleware/EnsureClinicContext.php(34): Illuminate\\Pipeline\\Pipeline->{closure:{closure:Illuminate\\Pipeline\\Pipeline::carry():155}:156}(Object(Illuminate\\Http\\Request))
#23 /Users/minpyaesonenyein/projects/skincollection/vendor/laravel/framework/src/Illuminate/Pipeline/Pipeline.php(180): App\\Http\\Middleware\\EnsureClinicContext->handle(Object(Illuminate\\Http\\Request), Object(Closure))
#24 /Users/minpyaesonenyein/projects/skincollection/vendor/laravel/framework/src/Illuminate/Routing/Middleware/SubstituteBindings.php(50): Illuminate\\Pipeline\\Pipeline->{closure:{closure:Illuminate\\Pipeline\\Pipeline::carry():155}:156}(Object(Illuminate\\Http\\Request))
#25 /Users/minpyaesonenyein/projects/skincollection/vendor/laravel/framework/src/Illuminate/Pipeline/Pipeline.php(180): Illuminate\\Routing\\Middleware\\SubstituteBindings->handle(Object(Illuminate\\Http\\Request), Object(Closure))
#26 /Users/minpyaesonenyein/projects/skincollection/vendor/laravel/framework/src/Illuminate/Auth/Middleware/Authenticate.php(44): Illuminate\\Pipeline\\Pipeline->{closure:{closure:Illuminate\\Pipeline\\Pipeline::carry():155}:156}(Object(Illuminate\\Http\\Request))
#27 /Users/minpyaesonenyein/projects/skincollection/vendor/laravel/framework/src/Illuminate/Pipeline/Pipeline.php(180): Illuminate\\Auth\\Middleware\\Authenticate->handle(Object(Illuminate\\Http\\Request), Object(Closure))
#28 /Users/minpyaesonenyein/projects/skincollection/vendor/laravel/framework/src/Illuminate/Foundation/Http/Middleware/VerifyCsrfToken.php(78): Illuminate\\Pipeline\\Pipeline->{closure:{closure:Illuminate\\Pipeline\\Pipeline::carry():155}:156}(Object(Illuminate\\Http\\Request))
#29 /Users/minpyaesonenyein/projects/skincollection/vendor/laravel/framework/src/Illuminate/Pipeline/Pipeline.php(180): Illuminate\\Foundation\\Http\\Middleware\\VerifyCsrfToken->handle(Object(Illuminate\\Http\\Request), Object(Closure))
#30 /Users/minpyaesonenyein/projects/skincollection/vendor/laravel/framework/src/Illuminate/View/Middleware/ShareErrorsFromSession.php(49): Illuminate\\Pipeline\\Pipeline->{closure:{closure:Illuminate\\Pipeline\\Pipeline::carry():155}:156}(Object(Illuminate\\Http\\Request))
#31 /Users/minpyaesonenyein/projects/skincollection/vendor/laravel/framework/src/Illuminate/Pipeline/Pipeline.php(180): Illuminate\\View\\Middleware\\ShareErrorsFromSession->handle(Object(Illuminate\\Http\\Request), Object(Closure))
#32 /Users/minpyaesonenyein/projects/skincollection/vendor/laravel/framework/src/Illuminate/Session/Middleware/StartSession.php(121): Illuminate\\Pipeline\\Pipeline->{closure:{closure:Illuminate\\Pipeline\\Pipeline::carry():155}:156}(Object(Illuminate\\Http\\Request))
#33 /Users/minpyaesonenyein/projects/skincollection/vendor/laravel/framework/src/Illuminate/Session/Middleware/StartSession.php(64): Illuminate\\Session\\Middleware\\StartSession->handleStatefulRequest(Object(Illuminate\\Http\\Request), Object(Illuminate\\Session\\Store), Object(Closure))
#34 /Users/minpyaesonenyein/projects/skincollection/vendor/laravel/framework/src/Illuminate/Pipeline/Pipeline.php(180): Illuminate\\Session\\Middleware\\StartSession->handle(Object(Illuminate\\Http\\Request), Object(Closure))
#35 /Users/minpyaesonenyein/projects/skincollection/vendor/laravel/framework/src/Illuminate/Cookie/Middleware/AddQueuedCookiesToResponse.php(37): Illuminate\\Pipeline\\Pipeline->{closure:{closure:Illuminate\\Pipeline\\Pipeline::carry():155}:156}(Object(Illuminate\\Http\\Request))
#36 /Users/minpyaesonenyein/projects/skincollection/vendor/laravel/framework/src/Illuminate/Pipeline/Pipeline.php(180): Illuminate\\Cookie\\Middleware\\AddQueuedCookiesToResponse->handle(Object(Illuminate\\Http\\Request), Object(Closure))
#37 /Users/minpyaesonenyein/projects/skincollection/vendor/laravel/framework/src/Illuminate/Cookie/Middleware/EncryptCookies.php(67): Illuminate\\Pipeline\\Pipeline->{closure:{closure:Illuminate\\Pipeline\\Pipeline::carry():155}:156}(Object(Illuminate\\Http\\Request))
#38 /Users/minpyaesonenyein/projects/skincollection/vendor/laravel/framework/src/Illuminate/Pipeline/Pipeline.php(180): Illuminate\\Cookie\\Middleware\\EncryptCookies->handle(Object(Illuminate\\Http\\Request), Object(Closure))
#39 /Users/minpyaesonenyein/projects/skincollection/vendor/laravel/framework/src/Illuminate/Pipeline/Pipeline.php(116): Illuminate\\Pipeline\\Pipeline->{closure:{closure:Illuminate\\Pipeline\\Pipeline::carry():155}:156}(Object(Illuminate\\Http\\Request))
#40 /Users/minpyaesonenyein/projects/skincollection/vendor/laravel/framework/src/Illuminate/Routing/Router.php(797): Illuminate\\Pipeline\\Pipeline->then(Object(Closure))
#41 /Users/minpyaesonenyein/projects/skincollection/vendor/laravel/framework/src/Illuminate/Routing/Router.php(776): Illuminate\\Routing\\Router->runRouteWithinStack(Object(Illuminate\\Routing\\Route), Object(Illuminate\\Http\\Request))
#42 /Users/minpyaesonenyein/projects/skincollection/vendor/laravel/framework/src/Illuminate/Routing/Router.php(740): Illuminate\\Routing\\Router->runRoute(Object(Illuminate\\Http\\Request), Object(Illuminate\\Routing\\Route))
#43 /Users/minpyaesonenyein/projects/skincollection/vendor/laravel/framework/src/Illuminate/Routing/Router.php(729): Illuminate\\Routing\\Router->dispatchToRoute(Object(Illuminate\\Http\\Request))
#44 /Users/minpyaesonenyein/projects/skincollection/vendor/laravel/framework/src/Illuminate/Foundation/Http/Kernel.php(190): Illuminate\\Routing\\Router->dispatch(Object(Illuminate\\Http\\Request))
#45 /Users/minpyaesonenyein/projects/skincollection/vendor/laravel/framework/src/Illuminate/Pipeline/Pipeline.php(141): Illuminate\\Foundation\\Http\\Kernel->{closure:Illuminate\\Foundation\\Http\\Kernel::dispatchToRouter():187}(Object(Illuminate\\Http\\Request))
#46 /Users/minpyaesonenyein/projects/skincollection/vendor/livewire/livewire/src/Features/SupportDisablingBackButtonCache/DisableBackButtonCacheMiddleware.php(19): Illuminate\\Pipeline\\Pipeline->{closure:Illuminate\\Pipeline\\Pipeline::prepareDestination():139}(Object(Illuminate\\Http\\Request))
#47 /Users/minpyaesonenyein/projects/skincollection/vendor/laravel/framework/src/Illuminate/Pipeline/Pipeline.php(180): Livewire\\Features\\SupportDisablingBackButtonCache\\DisableBackButtonCacheMiddleware->handle(Object(Illuminate\\Http\\Request), Object(Closure))
#48 /Users/minpyaesonenyein/projects/skincollection/vendor/laravel/framework/src/Illuminate/Foundation/Http/Middleware/TransformsRequest.php(21): Illuminate\\Pipeline\\Pipeline->{closure:{closure:Illuminate\\Pipeline\\Pipeline::carry():155}:156}(Object(Illuminate\\Http\\Request))
#49 /Users/minpyaesonenyein/projects/skincollection/vendor/laravel/framework/src/Illuminate/Foundation/Http/Middleware/ConvertEmptyStringsToNull.php(31): Illuminate\\Foundation\\Http\\Middleware\\TransformsRequest->handle(Object(Illuminate\\Http\\Request), Object(Closure))
#50 /Users/minpyaesonenyein/projects/skincollection/vendor/laravel/framework/src/Illuminate/Pipeline/Pipeline.php(180): Illuminate\\Foundation\\Http\\Middleware\\ConvertEmptyStringsToNull->handle(Object(Illuminate\\Http\\Request), Object(Closure))
#51 /Users/minpyaesonenyein/projects/skincollection/vendor/laravel/framework/src/Illuminate/Foundation/Http/Middleware/TransformsRequest.php(21): Illuminate\\Pipeline\\Pipeline->{closure:{closure:Illuminate\\Pipeline\\Pipeline::carry():155}:156}(Object(Illuminate\\Http\\Request))
#52 /Users/minpyaesonenyein/projects/skincollection/vendor/laravel/framework/src/Illuminate/Foundation/Http/Middleware/TrimStrings.php(40): Illuminate\\Foundation\\Http\\Middleware\\TransformsRequest->handle(Object(Illuminate\\Http\\Request), Object(Closure))
#53 /Users/minpyaesonenyein/projects/skincollection/vendor/laravel/framework/src/Illuminate/Pipeline/Pipeline.php(180): Illuminate\\Foundation\\Http\\Middleware\\TrimStrings->handle(Object(Illuminate\\Http\\Request), Object(Closure))
#54 /Users/minpyaesonenyein/projects/skincollection/vendor/laravel/framework/src/Illuminate/Foundation/Http/Middleware/ValidatePostSize.php(27): Illuminate\\Pipeline\\Pipeline->{closure:{closure:Illuminate\\Pipeline\\Pipeline::carry():155}:156}(Object(Illuminate\\Http\\Request))
#55 /Users/minpyaesonenyein/projects/skincollection/vendor/laravel/framework/src/Illuminate/Pipeline/Pipeline.php(180): Illuminate\\Foundation\\Http\\Middleware\\ValidatePostSize->handle(Object(Illuminate\\Http\\Request), Object(Closure))
#56 /Users/minpyaesonenyein/projects/skincollection/vendor/laravel/framework/src/Illuminate/Foundation/Http/Middleware/PreventRequestsDuringMaintenance.php(86): Illuminate\\Pipeline\\Pipeline->{closure:{closure:Illuminate\\Pipeline\\Pipeline::carry():155}:156}(Object(Illuminate\\Http\\Request))
#57 /Users/minpyaesonenyein/projects/skincollection/vendor/laravel/framework/src/Illuminate/Pipeline/Pipeline.php(180): Illuminate\\Foundation\\Http\\Middleware\\PreventRequestsDuringMaintenance->handle(Object(Illuminate\\Http\\Request), Object(Closure))
#58 /Users/minpyaesonenyein/projects/skincollection/vendor/fruitcake/laravel-cors/src/HandleCors.php(38): Illuminate\\Pipeline\\Pipeline->{closure:{closure:Illuminate\\Pipeline\\Pipeline::carry():155}:156}(Object(Illuminate\\Http\\Request))
#59 /Users/minpyaesonenyein/projects/skincollection/vendor/laravel/framework/src/Illuminate/Pipeline/Pipeline.php(180): Fruitcake\\Cors\\HandleCors->handle(Object(Illuminate\\Http\\Request), Object(Closure))
#60 /Users/minpyaesonenyein/projects/skincollection/vendor/laravel/framework/src/Illuminate/Http/Middleware/TrustProxies.php(39): Illuminate\\Pipeline\\Pipeline->{closure:{closure:Illuminate\\Pipeline\\Pipeline::carry():155}:156}(Object(Illuminate\\Http\\Request))
#61 /Users/minpyaesonenyein/projects/skincollection/vendor/laravel/framework/src/Illuminate/Pipeline/Pipeline.php(180): Illuminate\\Http\\Middleware\\TrustProxies->handle(Object(Illuminate\\Http\\Request), Object(Closure))
#62 /Users/minpyaesonenyein/projects/skincollection/vendor/laravel/framework/src/Illuminate/Pipeline/Pipeline.php(116): Illuminate\\Pipeline\\Pipeline->{closure:{closure:Illuminate\\Pipeline\\Pipeline::carry():155}:156}(Object(Illuminate\\Http\\Request))
#63 /Users/minpyaesonenyein/projects/skincollection/vendor/laravel/framework/src/Illuminate/Foundation/Http/Kernel.php(165): Illuminate\\Pipeline\\Pipeline->then(Object(Closure))
#64 /Users/minpyaesonenyein/projects/skincollection/vendor/laravel/framework/src/Illuminate/Foundation/Http/Kernel.php(134): Illuminate\\Foundation\\Http\\Kernel->sendRequestThroughRouter(Object(Illuminate\\Http\\Request))
#65 /Users/minpyaesonenyein/projects/skincollection/public/index.php(51): Illuminate\\Foundation\\Http\\Kernel->handle(Object(Illuminate\\Http\\Request))
#66 /Users/minpyaesonenyein/projects/skincollection/server.php(21): require_once('/Users/minpyaes...')
#67 {main}
"} 
[2026-04-01 08:47:15] local.ERROR: SQLSTATE[HY000] [1045] Access denied for user 'root'@'localhost' (using password: NO) (SQL: select * from `users` where `email` = admin@admin.com limit 1) {"exception":"[object] (Illuminate\\Database\\QueryException(code: 1045): SQLSTATE[HY000] [1045] Access denied for user 'root'@'localhost' (using password: NO) (SQL: select * from `users` where `email` = admin@admin.com limit 1) at /Users/minpyaesonenyein/projects/skincollection/vendor/laravel/framework/src/Illuminate/Database/Connection.php:760)
[stacktrace]
#0 /Users/minpyaesonenyein/projects/skincollection/vendor/laravel/framework/src/Illuminate/Database/Connection.php(720): Illuminate\\Database\\Connection->runQueryCallback('select * from `...', Array, Object(Closure))
#1 /Users/minpyaesonenyein/projects/skincollection/vendor/laravel/framework/src/Illuminate/Database/Connection.php(405): Illuminate\\Database\\Connection->run('select * from `...', Array, Object(Closure))
#2 /Users/minpyaesonenyein/projects/skincollection/vendor/laravel/framework/src/Illuminate/Database/Query/Builder.php(2705): Illuminate\\Database\\Connection->select('select * from `...', Array, true)
#3 /Users/minpyaesonenyein/projects/skincollection/vendor/laravel/framework/src/Illuminate/Database/Query/Builder.php(2694): Illuminate\\Database\\Query\\Builder->runSelect()
#4 /Users/minpyaesonenyein/projects/skincollection/vendor/laravel/framework/src/Illuminate/Database/Query/Builder.php(3230): Illuminate\\Database\\Query\\Builder->{closure:Illuminate\\Database\\Query\\Builder::get():2693}()
#5 /Users/minpyaesonenyein/projects/skincollection/vendor/laravel/framework/src/Illuminate/Database/Query/Builder.php(2693): Illuminate\\Database\\Query\\Builder->onceWithColumns(Array, Object(Closure))
#6 /Users/minpyaesonenyein/projects/skincollection/vendor/laravel/framework/src/Illuminate/Database/Eloquent/Builder.php(710): Illuminate\\Database\\Query\\Builder->get(Array)
#7 /Users/minpyaesonenyein/projects/skincollection/vendor/laravel/framework/src/Illuminate/Database/Eloquent/Builder.php(694): Illuminate\\Database\\Eloquent\\Builder->getModels(Array)
#8 /Users/minpyaesonenyein/projects/skincollection/vendor/laravel/framework/src/Illuminate/Database/Concerns/BuildsQueries.php(296): Illuminate\\Database\\Eloquent\\Builder->get(Array)
#9 /Users/minpyaesonenyein/projects/skincollection/vendor/laravel/framework/src/Illuminate/Auth/EloquentUserProvider.php(139): Illuminate\\Database\\Eloquent\\Builder->first()
#10 /Users/minpyaesonenyein/projects/skincollection/vendor/laravel/framework/src/Illuminate/Auth/SessionGuard.php(381): Illuminate\\Auth\\EloquentUserProvider->retrieveByCredentials(Array)
#11 /Users/minpyaesonenyein/projects/skincollection/vendor/laravel/ui/auth-backend/AuthenticatesUsers.php(86): Illuminate\\Auth\\SessionGuard->attempt(Array, false)
#12 /Users/minpyaesonenyein/projects/skincollection/vendor/laravel/ui/auth-backend/AuthenticatesUsers.php(46): App\\Http\\Controllers\\Auth\\LoginController->attemptLogin(Object(Illuminate\\Http\\Request))
#13 /Users/minpyaesonenyein/projects/skincollection/vendor/laravel/framework/src/Illuminate/Routing/Controller.php(54): App\\Http\\Controllers\\Auth\\LoginController->login(Object(Illuminate\\Http\\Request))
#14 /Users/minpyaesonenyein/projects/skincollection/vendor/laravel/framework/src/Illuminate/Routing/ControllerDispatcher.php(43): Illuminate\\Routing\\Controller->callAction('login', Array)
#15 /Users/minpyaesonenyein/projects/skincollection/vendor/laravel/framework/src/Illuminate/Routing/Route.php(259): Illuminate\\Routing\\ControllerDispatcher->dispatch(Object(Illuminate\\Routing\\Route), Object(App\\Http\\Controllers\\Auth\\LoginController), 'login')
#16 /Users/minpyaesonenyein/projects/skincollection/vendor/laravel/framework/src/Illuminate/Routing/Route.php(205): Illuminate\\Routing\\Route->runController()
#17 /Users/minpyaesonenyein/projects/skincollection/vendor/laravel/framework/src/Illuminate/Routing/Router.php(798): Illuminate\\Routing\\Route->run()
#18 /Users/minpyaesonenyein/projects/skincollection/vendor/laravel/framework/src/Illuminate/Pipeline/Pipeline.php(141): Illuminate\\Routing\\Router->{closure:Illuminate\\Routing\\Router::runRouteWithinStack():797}(Object(Illuminate\\Http\\Request))
#19 /Users/minpyaesonenyein/projects/skincollection/app/Http/Middleware/RedirectIfAuthenticated.php(30): Illuminate\\Pipeline\\Pipeline->{closure:Illuminate\\Pipeline\\Pipeline::prepareDestination():139}(Object(Illuminate\\Http\\Request))
#20 /Users/minpyaesonenyein/projects/skincollection/vendor/laravel/framework/src/Illuminate/Pipeline/Pipeline.php(180): App\\Http\\Middleware\\RedirectIfAuthenticated->handle(Object(Illuminate\\Http\\Request), Object(Closure))
#21 /Users/minpyaesonenyein/projects/skincollection/vendor/laravel/framework/src/Illuminate/Routing/Middleware/SubstituteBindings.php(50): Illuminate\\Pipeline\\Pipeline->{closure:{closure:Illuminate\\Pipeline\\Pipeline::carry():155}:156}(Object(Illuminate\\Http\\Request))
#22 /Users/minpyaesonenyein/projects/skincollection/vendor/laravel/framework/src/Illuminate/Pipeline/Pipeline.php(180): Illuminate\\Routing\\Middleware\\SubstituteBindings->handle(Object(Illuminate\\Http\\Request), Object(Closure))
#23 /Users/minpyaesonenyein/projects/skincollection/vendor/laravel/framework/src/Illuminate/Foundation/Http/Middleware/VerifyCsrfToken.php(78): Illuminate\\Pipeline\\Pipeline->{closure:{closure:Illuminate\\Pipeline\\Pipeline::carry():155}:156}(Object(Illuminate\\Http\\Request))
#24 /Users/minpyaesonenyein/projects/skincollection/vendor/laravel/framework/src/Illuminate/Pipeline/Pipeline.php(180): Illuminate\\Foundation\\Http\\Middleware\\VerifyCsrfToken->handle(Object(Illuminate\\Http\\Request), Object(Closure))
#25 /Users/minpyaesonenyein/projects/skincollection/vendor/laravel/framework/src/Illuminate/View/Middleware/ShareErrorsFromSession.php(49): Illuminate\\Pipeline\\Pipeline->{closure:{closure:Illuminate\\Pipeline\\Pipeline::carry():155}:156}(Object(Illuminate\\Http\\Request))
#26 /Users/minpyaesonenyein/projects/skincollection/vendor/laravel/framework/src/Illuminate/Pipeline/Pipeline.php(180): Illuminate\\View\\Middleware\\ShareErrorsFromSession->handle(Object(Illuminate\\Http\\Request), Object(Closure))
#27 /Users/minpyaesonenyein/projects/skincollection/vendor/laravel/framework/src/Illuminate/Session/Middleware/StartSession.php(121): Illuminate\\Pipeline\\Pipeline->{closure:{closure:Illuminate\\Pipeline\\Pipeline::carry():155}:156}(Object(Illuminate\\Http\\Request))
#28 /Users/minpyaesonenyein/projects/skincollection/vendor/laravel/framework/src/Illuminate/Session/Middleware/StartSession.php(64): Illuminate\\Session\\Middleware\\StartSession->handleStatefulRequest(Object(Illuminate\\Http\\Request), Object(Illuminate\\Session\\Store), Object(Closure))
#29 /Users/minpyaesonenyein/projects/skincollection/vendor/laravel/framework/src/Illuminate/Pipeline/Pipeline.php(180): Illuminate\\Session\\Middleware\\StartSession->handle(Object(Illuminate\\Http\\Request), Object(Closure))
#30 /Users/minpyaesonenyein/projects/skincollection/vendor/laravel/framework/src/Illuminate/Cookie/Middleware/AddQueuedCookiesToResponse.php(37): Illuminate\\Pipeline\\Pipeline->{closure:{closure:Illuminate\\Pipeline\\Pipeline::carry():155}:156}(Object(Illuminate\\Http\\Request))
#31 /Users/minpyaesonenyein/projects/skincollection/vendor/laravel/framework/src/Illuminate/Pipeline/Pipeline.php(180): Illuminate\\Cookie\\Middleware\\AddQueuedCookiesToResponse->handle(Object(Illuminate\\Http\\Request), Object(Closure))
#32 /Users/minpyaesonenyein/projects/skincollection/vendor/laravel/framework/src/Illuminate/Cookie/Middleware/EncryptCookies.php(67): Illuminate\\Pipeline\\Pipeline->{closure:{closure:Illuminate\\Pipeline\\Pipeline::carry():155}:156}(Object(Illuminate\\Http\\Request))
#33 /Users/minpyaesonenyein/projects/skincollection/vendor/laravel/framework/src/Illuminate/Pipeline/Pipeline.php(180): Illuminate\\Cookie\\Middleware\\EncryptCookies->handle(Object(Illuminate\\Http\\Request), Object(Closure))
#34 /Users/minpyaesonenyein/projects/skincollection/vendor/laravel/framework/src/Illuminate/Pipeline/Pipeline.php(116): Illuminate\\Pipeline\\Pipeline->{closure:{closure:Illuminate\\Pipeline\\Pipeline::carry():155}:156}(Object(Illuminate\\Http\\Request))
#35 /Users/minpyaesonenyein/projects/skincollection/vendor/laravel/framework/src/Illuminate/Routing/Router.php(797): Illuminate\\Pipeline\\Pipeline->then(Object(Closure))
#36 /Users/minpyaesonenyein/projects/skincollection/vendor/laravel/framework/src/Illuminate/Routing/Router.php(776): Illuminate\\Routing\\Router->runRouteWithinStack(Object(Illuminate\\Routing\\Route), Object(Illuminate\\Http\\Request))
#37 /Users/minpyaesonenyein/projects/skincollection/vendor/laravel/framework/src/Illuminate/Routing/Router.php(740): Illuminate\\Routing\\Router->runRoute(Object(Illuminate\\Http\\Request), Object(Illuminate\\Routing\\Route))
#38 /Users/minpyaesonenyein/projects/skincollection/vendor/laravel/framework/src/Illuminate/Routing/Router.php(729): Illuminate\\Routing\\Router->dispatchToRoute(Object(Illuminate\\Http\\Request))
#39 /Users/minpyaesonenyein/projects/skincollection/vendor/laravel/framework/src/Illuminate/Foundation/Http/Kernel.php(190): Illuminate\\Routing\\Router->dispatch(Object(Illuminate\\Http\\Request))
#40 /Users/minpyaesonenyein/projects/skincollection/vendor/laravel/framework/src/Illuminate/Pipeline/Pipeline.php(141): Illuminate\\Foundation\\Http\\Kernel->{closure:Illuminate\\Foundation\\Http\\Kernel::dispatchToRouter():187}(Object(Illuminate\\Http\\Request))
#41 /Users/minpyaesonenyein/projects/skincollection/vendor/livewire/livewire/src/DisableBrowserCache.php(19): Illuminate\\Pipeline\\Pipeline->{closure:Illuminate\\Pipeline\\Pipeline::prepareDestination():139}(Object(Illuminate\\Http\\Request))
#42 /Users/minpyaesonenyein/projects/skincollection/vendor/laravel/framework/src/Illuminate/Pipeline/Pipeline.php(180): Livewire\\DisableBrowserCache->handle(Object(Illuminate\\Http\\Request), Object(Closure))
#43 /Users/minpyaesonenyein/projects/skincollection/vendor/laravel/framework/src/Illuminate/Foundation/Http/Middleware/TransformsRequest.php(21): Illuminate\\Pipeline\\Pipeline->{closure:{closure:Illuminate\\Pipeline\\Pipeline::carry():155}:156}(Object(Illuminate\\Http\\Request))
#44 /Users/minpyaesonenyein/projects/skincollection/vendor/laravel/framework/src/Illuminate/Foundation/Http/Middleware/ConvertEmptyStringsToNull.php(31): Illuminate\\Foundation\\Http\\Middleware\\TransformsRequest->handle(Object(Illuminate\\Http\\Request), Object(Closure))
#45 /Users/minpyaesonenyein/projects/skincollection/vendor/laravel/framework/src/Illuminate/Pipeline/Pipeline.php(180): Illuminate\\Foundation\\Http\\Middleware\\ConvertEmptyStringsToNull->handle(Object(Illuminate\\Http\\Request), Object(Closure))
#46 /Users/minpyaesonenyein/projects/skincollection/vendor/laravel/framework/src/Illuminate/Foundation/Http/Middleware/TransformsRequest.php(21): Illuminate\\Pipeline\\Pipeline->{closure:{closure:Illuminate\\Pipeline\\Pipeline::carry():155}:156}(Object(Illuminate\\Http\\Request))
#47 /Users/minpyaesonenyein/projects/skincollection/vendor/laravel/framework/src/Illuminate/Foundation/Http/Middleware/TrimStrings.php(40): Illuminate\\Foundation\\Http\\Middleware\\TransformsRequest->handle(Object(Illuminate\\Http\\Request), Object(Closure))
#48 /Users/minpyaesonenyein/projects/skincollection/vendor/laravel/framework/src/Illuminate/Pipeline/Pipeline.php(180): Illuminate\\Foundation\\Http\\Middleware\\TrimStrings->handle(Object(Illuminate\\Http\\Request), Object(Closure))
#49 /Users/minpyaesonenyein/projects/skincollection/vendor/laravel/framework/src/Illuminate/Foundation/Http/Middleware/ValidatePostSize.php(27): Illuminate\\Pipeline\\Pipeline->{closure:{closure:Illuminate\\Pipeline\\Pipeline::carry():155}:156}(Object(Illuminate\\Http\\Request))
#50 /Users/minpyaesonenyein/projects/skincollection/vendor/laravel/framework/src/Illuminate/Pipeline/Pipeline.php(180): Illuminate\\Foundation\\Http\\Middleware\\ValidatePostSize->handle(Object(Illuminate\\Http\\Request), Object(Closure))
#51 /Users/minpyaesonenyein/projects/skincollection/vendor/laravel/framework/src/Illuminate/Foundation/Http/Middleware/PreventRequestsDuringMaintenance.php(86): Illuminate\\Pipeline\\Pipeline->{closure:{closure:Illuminate\\Pipeline\\Pipeline::carry():155}:156}(Object(Illuminate\\Http\\Request))
#52 /Users/minpyaesonenyein/projects/skincollection/vendor/laravel/framework/src/Illuminate/Pipeline/Pipeline.php(180): Illuminate\\Foundation\\Http\\Middleware\\PreventRequestsDuringMaintenance->handle(Object(Illuminate\\Http\\Request), Object(Closure))
#53 /Users/minpyaesonenyein/projects/skincollection/vendor/fruitcake/laravel-cors/src/HandleCors.php(38): Illuminate\\Pipeline\\Pipeline->{closure:{closure:Illuminate\\Pipeline\\Pipeline::carry():155}:156}(Object(Illuminate\\Http\\Request))
#54 /Users/minpyaesonenyein/projects/skincollection/vendor/laravel/framework/src/Illuminate/Pipeline/Pipeline.php(180): Fruitcake\\Cors\\HandleCors->handle(Object(Illuminate\\Http\\Request), Object(Closure))
#55 /Users/minpyaesonenyein/projects/skincollection/vendor/laravel/framework/src/Illuminate/Http/Middleware/TrustProxies.php(39): Illuminate\\Pipeline\\Pipeline->{closure:{closure:Illuminate\\Pipeline\\Pipeline::carry():155}:156}(Object(Illuminate\\Http\\Request))
#56 /Users/minpyaesonenyein/projects/skincollection/vendor/laravel/framework/src/Illuminate/Pipeline/Pipeline.php(180): Illuminate\\Http\\Middleware\\TrustProxies->handle(Object(Illuminate\\Http\\Request), Object(Closure))
#57 /Users/minpyaesonenyein/projects/skincollection/vendor/laravel/framework/src/Illuminate/Pipeline/Pipeline.php(116): Illuminate\\Pipeline\\Pipeline->{closure:{closure:Illuminate\\Pipeline\\Pipeline::carry():155}:156}(Object(Illuminate\\Http\\Request))
#58 /Users/minpyaesonenyein/projects/skincollection/vendor/laravel/framework/src/Illuminate/Foundation/Http/Kernel.php(165): Illuminate\\Pipeline\\Pipeline->then(Object(Closure))
#59 /Users/minpyaesonenyein/projects/skincollection/vendor/laravel/framework/src/Illuminate/Foundation/Http/Kernel.php(134): Illuminate\\Foundation\\Http\\Kernel->sendRequestThroughRouter(Object(Illuminate\\Http\\Request))
#60 /Users/minpyaesonenyein/projects/skincollection/public/index.php(51): Illuminate\\Foundation\\Http\\Kernel->handle(Object(Illuminate\\Http\\Request))
#61 /Users/minpyaesonenyein/projects/skincollection/server.php(21): require_once('/Users/minpyaes...')
#62 {main}

[previous exception] [object] (PDOException(code: 1045): SQLSTATE[HY000] [1045] Access denied for user 'root'@'localhost' (using password: NO) at /Users/minpyaesonenyein/projects/skincollection/vendor/laravel/framework/src/Illuminate/Database/Connectors/Connector.php:70)
[stacktrace]
#0 /Users/minpyaesonenyein/projects/skincollection/vendor/laravel/framework/src/Illuminate/Database/Connectors/Connector.php(70): PDO->__construct('mysql:host=127....', 'root', Object(SensitiveParameterValue), Array)
#1 /Users/minpyaesonenyein/projects/skincollection/vendor/laravel/framework/src/Illuminate/Database/Connectors/Connector.php(45): Illuminate\\Database\\Connectors\\Connector->createPdoConnection('mysql:host=127....', 'root', '', Array)
#2 /Users/minpyaesonenyein/projects/skincollection/vendor/laravel/framework/src/Illuminate/Database/Connectors/MySqlConnector.php(24): Illuminate\\Database\\Connectors\\Connector->createConnection('mysql:host=127....', Array, Array)
#3 /Users/minpyaesonenyein/projects/skincollection/vendor/laravel/framework/src/Illuminate/Database/Connectors/ConnectionFactory.php(184): Illuminate\\Database\\Connectors\\MySqlConnector->connect(Array)
#4 [internal function]: Illuminate\\Database\\Connectors\\ConnectionFactory->{closure:Illuminate\\Database\\Connectors\\ConnectionFactory::createPdoResolverWithHosts():179}()
#5 /Users/minpyaesonenyein/projects/skincollection/vendor/laravel/framework/src/Illuminate/Database/Connection.php(1181): call_user_func(Object(Closure))
#6 /Users/minpyaesonenyein/projects/skincollection/vendor/laravel/framework/src/Illuminate/Database/Connection.php(1217): Illuminate\\Database\\Connection->getPdo()
#7 /Users/minpyaesonenyein/projects/skincollection/vendor/laravel/framework/src/Illuminate/Database/Connection.php(486): Illuminate\\Database\\Connection->getReadPdo()
#8 /Users/minpyaesonenyein/projects/skincollection/vendor/laravel/framework/src/Illuminate/Database/Connection.php(414): Illuminate\\Database\\Connection->getPdoForSelect(true)
#9 /Users/minpyaesonenyein/projects/skincollection/vendor/laravel/framework/src/Illuminate/Database/Connection.php(753): Illuminate\\Database\\Connection->{closure:Illuminate\\Database\\Connection::select():405}('select * from `...', Array)
#10 /Users/minpyaesonenyein/projects/skincollection/vendor/laravel/framework/src/Illuminate/Database/Connection.php(720): Illuminate\\Database\\Connection->runQueryCallback('select * from `...', Array, Object(Closure))
#11 /Users/minpyaesonenyein/projects/skincollection/vendor/laravel/framework/src/Illuminate/Database/Connection.php(405): Illuminate\\Database\\Connection->run('select * from `...', Array, Object(Closure))
#12 /Users/minpyaesonenyein/projects/skincollection/vendor/laravel/framework/src/Illuminate/Database/Query/Builder.php(2705): Illuminate\\Database\\Connection->select('select * from `...', Array, true)
#13 /Users/minpyaesonenyein/projects/skincollection/vendor/laravel/framework/src/Illuminate/Database/Query/Builder.php(2694): Illuminate\\Database\\Query\\Builder->runSelect()
#14 /Users/minpyaesonenyein/projects/skincollection/vendor/laravel/framework/src/Illuminate/Database/Query/Builder.php(3230): Illuminate\\Database\\Query\\Builder->{closure:Illuminate\\Database\\Query\\Builder::get():2693}()
#15 /Users/minpyaesonenyein/projects/skincollection/vendor/laravel/framework/src/Illuminate/Database/Query/Builder.php(2693): Illuminate\\Database\\Query\\Builder->onceWithColumns(Array, Object(Closure))
#16 /Users/minpyaesonenyein/projects/skincollection/vendor/laravel/framework/src/Illuminate/Database/Eloquent/Builder.php(710): Illuminate\\Database\\Query\\Builder->get(Array)
#17 /Users/minpyaesonenyein/projects/skincollection/vendor/laravel/framework/src/Illuminate/Database/Eloquent/Builder.php(694): Illuminate\\Database\\Eloquent\\Builder->getModels(Array)
#18 /Users/minpyaesonenyein/projects/skincollection/vendor/laravel/framework/src/Illuminate/Database/Concerns/BuildsQueries.php(296): Illuminate\\Database\\Eloquent\\Builder->get(Array)
#19 /Users/minpyaesonenyein/projects/skincollection/vendor/laravel/framework/src/Illuminate/Auth/EloquentUserProvider.php(139): Illuminate\\Database\\Eloquent\\Builder->first()
#20 /Users/minpyaesonenyein/projects/skincollection/vendor/laravel/framework/src/Illuminate/Auth/SessionGuard.php(381): Illuminate\\Auth\\EloquentUserProvider->retrieveByCredentials(Array)
#21 /Users/minpyaesonenyein/projects/skincollection/vendor/laravel/ui/auth-backend/AuthenticatesUsers.php(86): Illuminate\\Auth\\SessionGuard->attempt(Array, false)
#22 /Users/minpyaesonenyein/projects/skincollection/vendor/laravel/ui/auth-backend/AuthenticatesUsers.php(46): App\\Http\\Controllers\\Auth\\LoginController->attemptLogin(Object(Illuminate\\Http\\Request))
#23 /Users/minpyaesonenyein/projects/skincollection/vendor/laravel/framework/src/Illuminate/Routing/Controller.php(54): App\\Http\\Controllers\\Auth\\LoginController->login(Object(Illuminate\\Http\\Request))
#24 /Users/minpyaesonenyein/projects/skincollection/vendor/laravel/framework/src/Illuminate/Routing/ControllerDispatcher.php(43): Illuminate\\Routing\\Controller->callAction('login', Array)
#25 /Users/minpyaesonenyein/projects/skincollection/vendor/laravel/framework/src/Illuminate/Routing/Route.php(259): Illuminate\\Routing\\ControllerDispatcher->dispatch(Object(Illuminate\\Routing\\Route), Object(App\\Http\\Controllers\\Auth\\LoginController), 'login')
#26 /Users/minpyaesonenyein/projects/skincollection/vendor/laravel/framework/src/Illuminate/Routing/Route.php(205): Illuminate\\Routing\\Route->runController()
#27 /Users/minpyaesonenyein/projects/skincollection/vendor/laravel/framework/src/Illuminate/Routing/Router.php(798): Illuminate\\Routing\\Route->run()
#28 /Users/minpyaesonenyein/projects/skincollection/vendor/laravel/framework/src/Illuminate/Pipeline/Pipeline.php(141): Illuminate\\Routing\\Router->{closure:Illuminate\\Routing\\Router::runRouteWithinStack():797}(Object(Illuminate\\Http\\Request))
#29 /Users/minpyaesonenyein/projects/skincollection/app/Http/Middleware/RedirectIfAuthenticated.php(30): Illuminate\\Pipeline\\Pipeline->{closure:Illuminate\\Pipeline\\Pipeline::prepareDestination():139}(Object(Illuminate\\Http\\Request))
#30 /Users/minpyaesonenyein/projects/skincollection/vendor/laravel/framework/src/Illuminate/Pipeline/Pipeline.php(180): App\\Http\\Middleware\\RedirectIfAuthenticated->handle(Object(Illuminate\\Http\\Request), Object(Closure))
#31 /Users/minpyaesonenyein/projects/skincollection/vendor/laravel/framework/src/Illuminate/Routing/Middleware/SubstituteBindings.php(50): Illuminate\\Pipeline\\Pipeline->{closure:{closure:Illuminate\\Pipeline\\Pipeline::carry():155}:156}(Object(Illuminate\\Http\\Request))
#32 /Users/minpyaesonenyein/projects/skincollection/vendor/laravel/framework/src/Illuminate/Pipeline/Pipeline.php(180): Illuminate\\Routing\\Middleware\\SubstituteBindings->handle(Object(Illuminate\\Http\\Request), Object(Closure))
#33 /Users/minpyaesonenyein/projects/skincollection/vendor/laravel/framework/src/Illuminate/Foundation/Http/Middleware/VerifyCsrfToken.php(78): Illuminate\\Pipeline\\Pipeline->{closure:{closure:Illuminate\\Pipeline\\Pipeline::carry():155}:156}(Object(Illuminate\\Http\\Request))
#34 /Users/minpyaesonenyein/projects/skincollection/vendor/laravel/framework/src/Illuminate/Pipeline/Pipeline.php(180): Illuminate\\Foundation\\Http\\Middleware\\VerifyCsrfToken->handle(Object(Illuminate\\Http\\Request), Object(Closure))
#35 /Users/minpyaesonenyein/projects/skincollection/vendor/laravel/framework/src/Illuminate/View/Middleware/ShareErrorsFromSession.php(49): Illuminate\\Pipeline\\Pipeline->{closure:{closure:Illuminate\\Pipeline\\Pipeline::carry():155}:156}(Object(Illuminate\\Http\\Request))
#36 /Users/minpyaesonenyein/projects/skincollection/vendor/laravel/framework/src/Illuminate/Pipeline/Pipeline.php(180): Illuminate\\View\\Middleware\\ShareErrorsFromSession->handle(Object(Illuminate\\Http\\Request), Object(Closure))
#37 /Users/minpyaesonenyein/projects/skincollection/vendor/laravel/framework/src/Illuminate/Session/Middleware/StartSession.php(121): Illuminate\\Pipeline\\Pipeline->{closure:{closure:Illuminate\\Pipeline\\Pipeline::carry():155}:156}(Object(Illuminate\\Http\\Request))
#38 /Users/minpyaesonenyein/projects/skincollection/vendor/laravel/framework/src/Illuminate/Session/Middleware/StartSession.php(64): Illuminate\\Session\\Middleware\\StartSession->handleStatefulRequest(Object(Illuminate\\Http\\Request), Object(Illuminate\\Session\\Store), Object(Closure))
#39 /Users/minpyaesonenyein/projects/skincollection/vendor/laravel/framework/src/Illuminate/Pipeline/Pipeline.php(180): Illuminate\\Session\\Middleware\\StartSession->handle(Object(Illuminate\\Http\\Request), Object(Closure))
#40 /Users/minpyaesonenyein/projects/skincollection/vendor/laravel/framework/src/Illuminate/Cookie/Middleware/AddQueuedCookiesToResponse.php(37): Illuminate\\Pipeline\\Pipeline->{closure:{closure:Illuminate\\Pipeline\\Pipeline::carry():155}:156}(Object(Illuminate\\Http\\Request))
#41 /Users/minpyaesonenyein/projects/skincollection/vendor/laravel/framework/src/Illuminate/Pipeline/Pipeline.php(180): Illuminate\\Cookie\\Middleware\\AddQueuedCookiesToResponse->handle(Object(Illuminate\\Http\\Request), Object(Closure))
#42 /Users/minpyaesonenyein/projects/skincollection/vendor/laravel/framework/src/Illuminate/Cookie/Middleware/EncryptCookies.php(67): Illuminate\\Pipeline\\Pipeline->{closure:{closure:Illuminate\\Pipeline\\Pipeline::carry():155}:156}(Object(Illuminate\\Http\\Request))
#43 /Users/minpyaesonenyein/projects/skincollection/vendor/laravel/framework/src/Illuminate/Pipeline/Pipeline.php(180): Illuminate\\Cookie\\Middleware\\EncryptCookies->handle(Object(Illuminate\\Http\\Request), Object(Closure))
#44 /Users/minpyaesonenyein/projects/skincollection/vendor/laravel/framework/src/Illuminate/Pipeline/Pipeline.php(116): Illuminate\\Pipeline\\Pipeline->{closure:{closure:Illuminate\\Pipeline\\Pipeline::carry():155}:156}(Object(Illuminate\\Http\\Request))
#45 /Users/minpyaesonenyein/projects/skincollection/vendor/laravel/framework/src/Illuminate/Routing/Router.php(797): Illuminate\\Pipeline\\Pipeline->then(Object(Closure))
#46 /Users/minpyaesonenyein/projects/skincollection/vendor/laravel/framework/src/Illuminate/Routing/Router.php(776): Illuminate\\Routing\\Router->runRouteWithinStack(Object(Illuminate\\Routing\\Route), Object(Illuminate\\Http\\Request))
#47 /Users/minpyaesonenyein/projects/skincollection/vendor/laravel/framework/src/Illuminate/Routing/Router.php(740): Illuminate\\Routing\\Router->runRoute(Object(Illuminate\\Http\\Request), Object(Illuminate\\Routing\\Route))
#48 /Users/minpyaesonenyein/projects/skincollection/vendor/laravel/framework/src/Illuminate/Routing/Router.php(729): Illuminate\\Routing\\Router->dispatchToRoute(Object(Illuminate\\Http\\Request))
#49 /Users/minpyaesonenyein/projects/skincollection/vendor/laravel/framework/src/Illuminate/Foundation/Http/Kernel.php(190): Illuminate\\Routing\\Router->dispatch(Object(Illuminate\\Http\\Request))
#50 /Users/minpyaesonenyein/projects/skincollection/vendor/laravel/framework/src/Illuminate/Pipeline/Pipeline.php(141): Illuminate\\Foundation\\Http\\Kernel->{closure:Illuminate\\Foundation\\Http\\Kernel::dispatchToRouter():187}(Object(Illuminate\\Http\\Request))
#51 /Users/minpyaesonenyein/projects/skincollection/vendor/livewire/livewire/src/DisableBrowserCache.php(19): Illuminate\\Pipeline\\Pipeline->{closure:Illuminate\\Pipeline\\Pipeline::prepareDestination():139}(Object(Illuminate\\Http\\Request))
#52 /Users/minpyaesonenyein/projects/skincollection/vendor/laravel/framework/src/Illuminate/Pipeline/Pipeline.php(180): Livewire\\DisableBrowserCache->handle(Object(Illuminate\\Http\\Request), Object(Closure))
#53 /Users/minpyaesonenyein/projects/skincollection/vendor/laravel/framework/src/Illuminate/Foundation/Http/Middleware/TransformsRequest.php(21): Illuminate\\Pipeline\\Pipeline->{closure:{closure:Illuminate\\Pipeline\\Pipeline::carry():155}:156}(Object(Illuminate\\Http\\Request))
#54 /Users/minpyaesonenyein/projects/skincollection/vendor/laravel/framework/src/Illuminate/Foundation/Http/Middleware/ConvertEmptyStringsToNull.php(31): Illuminate\\Foundation\\Http\\Middleware\\TransformsRequest->handle(Object(Illuminate\\Http\\Request), Object(Closure))
#55 /Users/minpyaesonenyein/projects/skincollection/vendor/laravel/framework/src/Illuminate/Pipeline/Pipeline.php(180): Illuminate\\Foundation\\Http\\Middleware\\ConvertEmptyStringsToNull->handle(Object(Illuminate\\Http\\Request), Object(Closure))
#56 /Users/minpyaesonenyein/projects/skincollection/vendor/laravel/framework/src/Illuminate/Foundation/Http/Middleware/TransformsRequest.php(21): Illuminate\\Pipeline\\Pipeline->{closure:{closure:Illuminate\\Pipeline\\Pipeline::carry():155}:156}(Object(Illuminate\\Http\\Request))
#57 /Users/minpyaesonenyein/projects/skincollection/vendor/laravel/framework/src/Illuminate/Foundation/Http/Middleware/TrimStrings.php(40): Illuminate\\Foundation\\Http\\Middleware\\TransformsRequest->handle(Object(Illuminate\\Http\\Request), Object(Closure))
#58 /Users/minpyaesonenyein/projects/skincollection/vendor/laravel/framework/src/Illuminate/Pipeline/Pipeline.php(180): Illuminate\\Foundation\\Http\\Middleware\\TrimStrings->handle(Object(Illuminate\\Http\\Request), Object(Closure))
#59 /Users/minpyaesonenyein/projects/skincollection/vendor/laravel/framework/src/Illuminate/Foundation/Http/Middleware/ValidatePostSize.php(27): Illuminate\\Pipeline\\Pipeline->{closure:{closure:Illuminate\\Pipeline\\Pipeline::carry():155}:156}(Object(Illuminate\\Http\\Request))
#60 /Users/minpyaesonenyein/projects/skincollection/vendor/laravel/framework/src/Illuminate/Pipeline/Pipeline.php(180): Illuminate\\Foundation\\Http\\Middleware\\ValidatePostSize->handle(Object(Illuminate\\Http\\Request), Object(Closure))
#61 /Users/minpyaesonenyein/projects/skincollection/vendor/laravel/framework/src/Illuminate/Foundation/Http/Middleware/PreventRequestsDuringMaintenance.php(86): Illuminate\\Pipeline\\Pipeline->{closure:{closure:Illuminate\\Pipeline\\Pipeline::carry():155}:156}(Object(Illuminate\\Http\\Request))
#62 /Users/minpyaesonenyein/projects/skincollection/vendor/laravel/framework/src/Illuminate/Pipeline/Pipeline.php(180): Illuminate\\Foundation\\Http\\Middleware\\PreventRequestsDuringMaintenance->handle(Object(Illuminate\\Http\\Request), Object(Closure))
#63 /Users/minpyaesonenyein/projects/skincollection/vendor/fruitcake/laravel-cors/src/HandleCors.php(38): Illuminate\\Pipeline\\Pipeline->{closure:{closure:Illuminate\\Pipeline\\Pipeline::carry():155}:156}(Object(Illuminate\\Http\\Request))
#64 /Users/minpyaesonenyein/projects/skincollection/vendor/laravel/framework/src/Illuminate/Pipeline/Pipeline.php(180): Fruitcake\\Cors\\HandleCors->handle(Object(Illuminate\\Http\\Request), Object(Closure))
#65 /Users/minpyaesonenyein/projects/skincollection/vendor/laravel/framework/src/Illuminate/Http/Middleware/TrustProxies.php(39): Illuminate\\Pipeline\\Pipeline->{closure:{closure:Illuminate\\Pipeline\\Pipeline::carry():155}:156}(Object(Illuminate\\Http\\Request))
#66 /Users/minpyaesonenyein/projects/skincollection/vendor/laravel/framework/src/Illuminate/Pipeline/Pipeline.php(180): Illuminate\\Http\\Middleware\\TrustProxies->handle(Object(Illuminate\\Http\\Request), Object(Closure))
#67 /Users/minpyaesonenyein/projects/skincollection/vendor/laravel/framework/src/Illuminate/Pipeline/Pipeline.php(116): Illuminate\\Pipeline\\Pipeline->{closure:{closure:Illuminate\\Pipeline\\Pipeline::carry():155}:156}(Object(Illuminate\\Http\\Request))
#68 /Users/minpyaesonenyein/projects/skincollection/vendor/laravel/framework/src/Illuminate/Foundation/Http/Kernel.php(165): Illuminate\\Pipeline\\Pipeline->then(Object(Closure))
#69 /Users/minpyaesonenyein/projects/skincollection/vendor/laravel/framework/src/Illuminate/Foundation/Http/Kernel.php(134): Illuminate\\Foundation\\Http\\Kernel->sendRequestThroughRouter(Object(Illuminate\\Http\\Request))
#70 /Users/minpyaesonenyein/projects/skincollection/public/index.php(51): Illuminate\\Foundation\\Http\\Kernel->handle(Object(Illuminate\\Http\\Request))
#71 /Users/minpyaesonenyein/projects/skincollection/server.php(21): require_once('/Users/minpyaes...')
#72 {main}
"} 
[2026-04-01 08:47:59] local.ERROR: SQLSTATE[HY000] [1045] Access denied for user 'root'@'localhost' (using password: NO) (SQL: select * from information_schema.tables where table_schema = skincollection and table_name = migrations and table_type = 'BASE TABLE') {"exception":"[object] (Illuminate\\Database\\QueryException(code: 1045): SQLSTATE[HY000] [1045] Access denied for user 'root'@'localhost' (using password: NO) (SQL: select * from information_schema.tables where table_schema = skincollection and table_name = migrations and table_type = 'BASE TABLE') at /Users/minpyaesonenyein/projects/skincollection/vendor/laravel/framework/src/Illuminate/Database/Connection.php:760)
[stacktrace]
#0 /Users/minpyaesonenyein/projects/skincollection/vendor/laravel/framework/src/Illuminate/Database/Connection.php(720): Illuminate\\Database\\Connection->runQueryCallback('select * from i...', Array, Object(Closure))
#1 /Users/minpyaesonenyein/projects/skincollection/vendor/laravel/framework/src/Illuminate/Database/Connection.php(405): Illuminate\\Database\\Connection->run('select * from i...', Array, Object(Closure))
#2 /Users/minpyaesonenyein/projects/skincollection/vendor/laravel/framework/src/Illuminate/Database/Connection.php(392): Illuminate\\Database\\Connection->select('select * from i...', Array, false)
#3 /Users/minpyaesonenyein/projects/skincollection/vendor/laravel/framework/src/Illuminate/Database/Schema/MySqlBuilder.php(43): Illuminate\\Database\\Connection->selectFromWriteConnection('select * from i...', Array)
#4 /Users/minpyaesonenyein/projects/skincollection/vendor/laravel/framework/src/Illuminate/Database/Migrations/DatabaseMigrationRepository.php(169): Illuminate\\Database\\Schema\\MySqlBuilder->hasTable('migrations')
#5 /Users/minpyaesonenyein/projects/skincollection/vendor/laravel/framework/src/Illuminate/Database/Migrations/Migrator.php(722): Illuminate\\Database\\Migrations\\DatabaseMigrationRepository->repositoryExists()
#6 /Users/minpyaesonenyein/projects/skincollection/vendor/laravel/framework/src/Illuminate/Database/Console/Migrations/StatusCommand.php(53): Illuminate\\Database\\Migrations\\Migrator->repositoryExists()
#7 /Users/minpyaesonenyein/projects/skincollection/vendor/laravel/framework/src/Illuminate/Database/Migrations/Migrator.php(636): Illuminate\\Database\\Console\\Migrations\\StatusCommand->{closure:Illuminate\\Database\\Console\\Migrations\\StatusCommand::handle():52}()
#8 /Users/minpyaesonenyein/projects/skincollection/vendor/laravel/framework/src/Illuminate/Database/Console/Migrations/StatusCommand.php(52): Illuminate\\Database\\Migrations\\Migrator->usingConnection(NULL, Object(Closure))
#9 /Users/minpyaesonenyein/projects/skincollection/vendor/laravel/framework/src/Illuminate/Container/BoundMethod.php(36): Illuminate\\Database\\Console\\Migrations\\StatusCommand->handle()
#10 /Users/minpyaesonenyein/projects/skincollection/vendor/laravel/framework/src/Illuminate/Container/Util.php(41): Illuminate\\Container\\BoundMethod::{closure:Illuminate\\Container\\BoundMethod::call():35}()
#11 /Users/minpyaesonenyein/projects/skincollection/vendor/laravel/framework/src/Illuminate/Container/BoundMethod.php(93): Illuminate\\Container\\Util::unwrapIfClosure(Object(Closure))
#12 /Users/minpyaesonenyein/projects/skincollection/vendor/laravel/framework/src/Illuminate/Container/BoundMethod.php(35): Illuminate\\Container\\BoundMethod::callBoundMethod(Object(Illuminate\\Foundation\\Application), Array, Object(Closure))
#13 /Users/minpyaesonenyein/projects/skincollection/vendor/laravel/framework/src/Illuminate/Container/Container.php(661): Illuminate\\Container\\BoundMethod::call(Object(Illuminate\\Foundation\\Application), Array, Array, NULL)
#14 /Users/minpyaesonenyein/projects/skincollection/vendor/laravel/framework/src/Illuminate/Console/Command.php(183): Illuminate\\Container\\Container->call(Array)
#15 /Users/minpyaesonenyein/projects/skincollection/vendor/symfony/console/Command/Command.php(326): Illuminate\\Console\\Command->execute(Object(Symfony\\Component\\Console\\Input\\ArgvInput), Object(Illuminate\\Console\\OutputStyle))
#16 /Users/minpyaesonenyein/projects/skincollection/vendor/laravel/framework/src/Illuminate/Console/Command.php(152): Symfony\\Component\\Console\\Command\\Command->run(Object(Symfony\\Component\\Console\\Input\\ArgvInput), Object(Illuminate\\Console\\OutputStyle))
#17 /Users/minpyaesonenyein/projects/skincollection/vendor/symfony/console/Application.php(1083): Illuminate\\Console\\Command->run(Object(Symfony\\Component\\Console\\Input\\ArgvInput), Object(Symfony\\Component\\Console\\Output\\ConsoleOutput))
#18 /Users/minpyaesonenyein/projects/skincollection/vendor/symfony/console/Application.php(324): Symfony\\Component\\Console\\Application->doRunCommand(Object(Illuminate\\Database\\Console\\Migrations\\StatusCommand), Object(Symfony\\Component\\Console\\Input\\ArgvInput), Object(Symfony\\Component\\Console\\Output\\ConsoleOutput))
#19 /Users/minpyaesonenyein/projects/skincollection/vendor/symfony/console/Application.php(175): Symfony\\Component\\Console\\Application->doRun(Object(Symfony\\Component\\Console\\Input\\ArgvInput), Object(Symfony\\Component\\Console\\Output\\ConsoleOutput))
#20 /Users/minpyaesonenyein/projects/skincollection/vendor/laravel/framework/src/Illuminate/Console/Application.php(102): Symfony\\Component\\Console\\Application->run(Object(Symfony\\Component\\Console\\Input\\ArgvInput), Object(Symfony\\Component\\Console\\Output\\ConsoleOutput))
#21 /Users/minpyaesonenyein/projects/skincollection/vendor/laravel/framework/src/Illuminate/Foundation/Console/Kernel.php(155): Illuminate\\Console\\Application->run(Object(Symfony\\Component\\Console\\Input\\ArgvInput), Object(Symfony\\Component\\Console\\Output\\ConsoleOutput))
#22 /Users/minpyaesonenyein/projects/skincollection/artisan(35): Illuminate\\Foundation\\Console\\Kernel->handle(Object(Symfony\\Component\\Console\\Input\\ArgvInput), Object(Symfony\\Component\\Console\\Output\\ConsoleOutput))
#23 {main}

[previous exception] [object] (PDOException(code: 1045): SQLSTATE[HY000] [1045] Access denied for user 'root'@'localhost' (using password: NO) at /Users/minpyaesonenyein/projects/skincollection/vendor/laravel/framework/src/Illuminate/Database/Connectors/Connector.php:70)
[stacktrace]
#0 /Users/minpyaesonenyein/projects/skincollection/vendor/laravel/framework/src/Illuminate/Database/Connectors/Connector.php(70): PDO->__construct('mysql:host=127....', 'root', Object(SensitiveParameterValue), Array)
#1 /Users/minpyaesonenyein/projects/skincollection/vendor/laravel/framework/src/Illuminate/Database/Connectors/Connector.php(45): Illuminate\\Database\\Connectors\\Connector->createPdoConnection('mysql:host=127....', 'root', '', Array)
#2 /Users/minpyaesonenyein/projects/skincollection/vendor/laravel/framework/src/Illuminate/Database/Connectors/MySqlConnector.php(24): Illuminate\\Database\\Connectors\\Connector->createConnection('mysql:host=127....', Array, Array)
#3 /Users/minpyaesonenyein/projects/skincollection/vendor/laravel/framework/src/Illuminate/Database/Connectors/ConnectionFactory.php(184): Illuminate\\Database\\Connectors\\MySqlConnector->connect(Array)
#4 [internal function]: Illuminate\\Database\\Connectors\\ConnectionFactory->{closure:Illuminate\\Database\\Connectors\\ConnectionFactory::createPdoResolverWithHosts():179}()
#5 /Users/minpyaesonenyein/projects/skincollection/vendor/laravel/framework/src/Illuminate/Database/Connection.php(1181): call_user_func(Object(Closure))
#6 /Users/minpyaesonenyein/projects/skincollection/vendor/laravel/framework/src/Illuminate/Database/Connection.php(486): Illuminate\\Database\\Connection->getPdo()
#7 /Users/minpyaesonenyein/projects/skincollection/vendor/laravel/framework/src/Illuminate/Database/Connection.php(414): Illuminate\\Database\\Connection->getPdoForSelect(false)
#8 /Users/minpyaesonenyein/projects/skincollection/vendor/laravel/framework/src/Illuminate/Database/Connection.php(753): Illuminate\\Database\\Connection->{closure:Illuminate\\Database\\Connection::select():405}('select * from i...', Array)
#9 /Users/minpyaesonenyein/projects/skincollection/vendor/laravel/framework/src/Illuminate/Database/Connection.php(720): Illuminate\\Database\\Connection->runQueryCallback('select * from i...', Array, Object(Closure))
#10 /Users/minpyaesonenyein/projects/skincollection/vendor/laravel/framework/src/Illuminate/Database/Connection.php(405): Illuminate\\Database\\Connection->run('select * from i...', Array, Object(Closure))
#11 /Users/minpyaesonenyein/projects/skincollection/vendor/laravel/framework/src/Illuminate/Database/Connection.php(392): Illuminate\\Database\\Connection->select('select * from i...', Array, false)
#12 /Users/minpyaesonenyein/projects/skincollection/vendor/laravel/framework/src/Illuminate/Database/Schema/MySqlBuilder.php(43): Illuminate\\Database\\Connection->selectFromWriteConnection('select * from i...', Array)
#13 /Users/minpyaesonenyein/projects/skincollection/vendor/laravel/framework/src/Illuminate/Database/Migrations/DatabaseMigrationRepository.php(169): Illuminate\\Database\\Schema\\MySqlBuilder->hasTable('migrations')
#14 /Users/minpyaesonenyein/projects/skincollection/vendor/laravel/framework/src/Illuminate/Database/Migrations/Migrator.php(722): Illuminate\\Database\\Migrations\\DatabaseMigrationRepository->repositoryExists()
#15 /Users/minpyaesonenyein/projects/skincollection/vendor/laravel/framework/src/Illuminate/Database/Console/Migrations/StatusCommand.php(53): Illuminate\\Database\\Migrations\\Migrator->repositoryExists()
#16 /Users/minpyaesonenyein/projects/skincollection/vendor/laravel/framework/src/Illuminate/Database/Migrations/Migrator.php(636): Illuminate\\Database\\Console\\Migrations\\StatusCommand->{closure:Illuminate\\Database\\Console\\Migrations\\StatusCommand::handle():52}()
#17 /Users/minpyaesonenyein/projects/skincollection/vendor/laravel/framework/src/Illuminate/Database/Console/Migrations/StatusCommand.php(52): Illuminate\\Database\\Migrations\\Migrator->usingConnection(NULL, Object(Closure))
#18 /Users/minpyaesonenyein/projects/skincollection/vendor/laravel/framework/src/Illuminate/Container/BoundMethod.php(36): Illuminate\\Database\\Console\\Migrations\\StatusCommand->handle()
#19 /Users/minpyaesonenyein/projects/skincollection/vendor/laravel/framework/src/Illuminate/Container/Util.php(41): Illuminate\\Container\\BoundMethod::{closure:Illuminate\\Container\\BoundMethod::call():35}()
#20 /Users/minpyaesonenyein/projects/skincollection/vendor/laravel/framework/src/Illuminate/Container/BoundMethod.php(93): Illuminate\\Container\\Util::unwrapIfClosure(Object(Closure))
#21 /Users/minpyaesonenyein/projects/skincollection/vendor/laravel/framework/src/Illuminate/Container/BoundMethod.php(35): Illuminate\\Container\\BoundMethod::callBoundMethod(Object(Illuminate\\Foundation\\Application), Array, Object(Closure))
#22 /Users/minpyaesonenyein/projects/skincollection/vendor/laravel/framework/src/Illuminate/Container/Container.php(661): Illuminate\\Container\\BoundMethod::call(Object(Illuminate\\Foundation\\Application), Array, Array, NULL)
#23 /Users/minpyaesonenyein/projects/skincollection/vendor/laravel/framework/src/Illuminate/Console/Command.php(183): Illuminate\\Container\\Container->call(Array)
#24 /Users/minpyaesonenyein/projects/skincollection/vendor/symfony/console/Command/Command.php(326): Illuminate\\Console\\Command->execute(Object(Symfony\\Component\\Console\\Input\\ArgvInput), Object(Illuminate\\Console\\OutputStyle))
#25 /Users/minpyaesonenyein/projects/skincollection/vendor/laravel/framework/src/Illuminate/Console/Command.php(152): Symfony\\Component\\Console\\Command\\Command->run(Object(Symfony\\Component\\Console\\Input\\ArgvInput), Object(Illuminate\\Console\\OutputStyle))
#26 /Users/minpyaesonenyein/projects/skincollection/vendor/symfony/console/Application.php(1083): Illuminate\\Console\\Command->run(Object(Symfony\\Component\\Console\\Input\\ArgvInput), Object(Symfony\\Component\\Console\\Output\\ConsoleOutput))
#27 /Users/minpyaesonenyein/projects/skincollection/vendor/symfony/console/Application.php(324): Symfony\\Component\\Console\\Application->doRunCommand(Object(Illuminate\\Database\\Console\\Migrations\\StatusCommand), Object(Symfony\\Component\\Console\\Input\\ArgvInput), Object(Symfony\\Component\\Console\\Output\\ConsoleOutput))
#28 /Users/minpyaesonenyein/projects/skincollection/vendor/symfony/console/Application.php(175): Symfony\\Component\\Console\\Application->doRun(Object(Symfony\\Component\\Console\\Input\\ArgvInput), Object(Symfony\\Component\\Console\\Output\\ConsoleOutput))
#29 /Users/minpyaesonenyein/projects/skincollection/vendor/laravel/framework/src/Illuminate/Console/Application.php(102): Symfony\\Component\\Console\\Application->run(Object(Symfony\\Component\\Console\\Input\\ArgvInput), Object(Symfony\\Component\\Console\\Output\\ConsoleOutput))
#30 /Users/minpyaesonenyein/projects/skincollection/vendor/laravel/framework/src/Illuminate/Foundation/Console/Kernel.php(155): Illuminate\\Console\\Application->run(Object(Symfony\\Component\\Console\\Input\\ArgvInput), Object(Symfony\\Component\\Console\\Output\\ConsoleOutput))
#31 /Users/minpyaesonenyein/projects/skincollection/artisan(35): Illuminate\\Foundation\\Console\\Kernel->handle(Object(Symfony\\Component\\Console\\Input\\ArgvInput), Object(Symfony\\Component\\Console\\Output\\ConsoleOutput))
#32 {main}
"} 
[2026-04-01 09:03:37] local.ERROR: Changing columns for table "photos" requires Doctrine DBAL. Please install the doctrine/dbal package. {"exception":"[object] (RuntimeException(code: 0): Changing columns for table \"photos\" requires Doctrine DBAL. Please install the doctrine/dbal package. at /Users/minpyaesonenyein/projects/skincollection/vendor/laravel/framework/src/Illuminate/Database/Schema/Grammars/ChangeColumn.php:30)
[stacktrace]
#0 /Users/minpyaesonenyein/projects/skincollection/vendor/laravel/framework/src/Illuminate/Database/Schema/Grammars/Grammar.php(86): Illuminate\\Database\\Schema\\Grammars\\ChangeColumn::compile(Object(Illuminate\\Database\\Schema\\Grammars\\MySqlGrammar), Object(Illuminate\\Database\\Schema\\Blueprint), Object(Illuminate\\Support\\Fluent), Object(Illuminate\\Database\\MySqlConnection))
#1 /Users/minpyaesonenyein/projects/skincollection/vendor/laravel/framework/src/Illuminate/Database/Schema/Blueprint.php(135): Illuminate\\Database\\Schema\\Grammars\\Grammar->compileChange(Object(Illuminate\\Database\\Schema\\Blueprint), Object(Illuminate\\Support\\Fluent), Object(Illuminate\\Database\\MySqlConnection))
#2 /Users/minpyaesonenyein/projects/skincollection/vendor/laravel/framework/src/Illuminate/Database/Schema/Blueprint.php(108): Illuminate\\Database\\Schema\\Blueprint->toSql(Object(Illuminate\\Database\\MySqlConnection), Object(Illuminate\\Database\\Schema\\Grammars\\MySqlGrammar))
#3 /Users/minpyaesonenyein/projects/skincollection/vendor/laravel/framework/src/Illuminate/Database/Schema/Builder.php(439): Illuminate\\Database\\Schema\\Blueprint->build(Object(Illuminate\\Database\\MySqlConnection), Object(Illuminate\\Database\\Schema\\Grammars\\MySqlGrammar))
#4 /Users/minpyaesonenyein/projects/skincollection/vendor/laravel/framework/src/Illuminate/Database/Schema/Builder.php(269): Illuminate\\Database\\Schema\\Builder->build(Object(Illuminate\\Database\\Schema\\Blueprint))
#5 /Users/minpyaesonenyein/projects/skincollection/vendor/laravel/framework/src/Illuminate/Support/Facades/Facade.php(338): Illuminate\\Database\\Schema\\Builder->table('photos', Object(Closure))
#6 /Users/minpyaesonenyein/projects/skincollection/database/migrations/2026_04_01_000000_add_import_support_columns.php(32): Illuminate\\Support\\Facades\\Facade::__callStatic('table', Array)
#7 /Users/minpyaesonenyein/projects/skincollection/vendor/laravel/framework/src/Illuminate/Database/Migrations/Migrator.php(496): Illuminate\\Database\\Migrations\\Migration@anonymous->up()
#8 /Users/minpyaesonenyein/projects/skincollection/vendor/laravel/framework/src/Illuminate/Database/Migrations/Migrator.php(414): Illuminate\\Database\\Migrations\\Migrator->runMethod(Object(Illuminate\\Database\\MySqlConnection), Object(Illuminate\\Database\\Migrations\\Migration@anonymous), 'up')
#9 /Users/minpyaesonenyein/projects/skincollection/vendor/laravel/framework/src/Illuminate/Database/Migrations/Migrator.php(423): Illuminate\\Database\\Migrations\\Migrator->{closure:Illuminate\\Database\\Migrations\\Migrator::runMigration():410}()
#10 /Users/minpyaesonenyein/projects/skincollection/vendor/laravel/framework/src/Illuminate/Database/Migrations/Migrator.php(224): Illuminate\\Database\\Migrations\\Migrator->runMigration(Object(Illuminate\\Database\\Migrations\\Migration@anonymous), 'up')
#11 /Users/minpyaesonenyein/projects/skincollection/vendor/laravel/framework/src/Illuminate/Console/View/Components/Task.php(37): Illuminate\\Database\\Migrations\\Migrator->{closure:Illuminate\\Database\\Migrations\\Migrator::runUp():224}()
#12 /Users/minpyaesonenyein/projects/skincollection/vendor/laravel/framework/src/Illuminate/Database/Migrations/Migrator.php(778): Illuminate\\Console\\View\\Components\\Task->render('2026_04_01_0000...', Object(Closure))
#13 /Users/minpyaesonenyein/projects/skincollection/vendor/laravel/framework/src/Illuminate/Database/Migrations/Migrator.php(224): Illuminate\\Database\\Migrations\\Migrator->write('Illuminate\\\\Cons...', '2026_04_01_0000...', Object(Closure))
#14 /Users/minpyaesonenyein/projects/skincollection/vendor/laravel/framework/src/Illuminate/Database/Migrations/Migrator.php(189): Illuminate\\Database\\Migrations\\Migrator->runUp('/Users/minpyaes...', 3, false)
#15 /Users/minpyaesonenyein/projects/skincollection/vendor/laravel/framework/src/Illuminate/Database/Migrations/Migrator.php(132): Illuminate\\Database\\Migrations\\Migrator->runPending(Array, Array)
#16 /Users/minpyaesonenyein/projects/skincollection/vendor/laravel/framework/src/Illuminate/Database/Console/Migrations/MigrateCommand.php(88): Illuminate\\Database\\Migrations\\Migrator->run(Array, Array)
#17 /Users/minpyaesonenyein/projects/skincollection/vendor/laravel/framework/src/Illuminate/Database/Migrations/Migrator.php(636): Illuminate\\Database\\Console\\Migrations\\MigrateCommand->{closure:Illuminate\\Database\\Console\\Migrations\\MigrateCommand::handle():81}()
#18 /Users/minpyaesonenyein/projects/skincollection/vendor/laravel/framework/src/Illuminate/Database/Console/Migrations/MigrateCommand.php(81): Illuminate\\Database\\Migrations\\Migrator->usingConnection(NULL, Object(Closure))
#19 /Users/minpyaesonenyein/projects/skincollection/vendor/laravel/framework/src/Illuminate/Container/BoundMethod.php(36): Illuminate\\Database\\Console\\Migrations\\MigrateCommand->handle()
#20 /Users/minpyaesonenyein/projects/skincollection/vendor/laravel/framework/src/Illuminate/Container/Util.php(41): Illuminate\\Container\\BoundMethod::{closure:Illuminate\\Container\\BoundMethod::call():35}()
#21 /Users/minpyaesonenyein/projects/skincollection/vendor/laravel/framework/src/Illuminate/Container/BoundMethod.php(93): Illuminate\\Container\\Util::unwrapIfClosure(Object(Closure))
#22 /Users/minpyaesonenyein/projects/skincollection/vendor/laravel/framework/src/Illuminate/Container/BoundMethod.php(35): Illuminate\\Container\\BoundMethod::callBoundMethod(Object(Illuminate\\Foundation\\Application), Array, Object(Closure))
#23 /Users/minpyaesonenyein/projects/skincollection/vendor/laravel/framework/src/Illuminate/Container/Container.php(661): Illuminate\\Container\\BoundMethod::call(Object(Illuminate\\Foundation\\Application), Array, Array, NULL)
#24 /Users/minpyaesonenyein/projects/skincollection/vendor/laravel/framework/src/Illuminate/Console/Command.php(183): Illuminate\\Container\\Container->call(Array)
#25 /Users/minpyaesonenyein/projects/skincollection/vendor/symfony/console/Command/Command.php(326): Illuminate\\Console\\Command->execute(Object(Symfony\\Component\\Console\\Input\\ArgvInput), Object(Illuminate\\Console\\OutputStyle))
#26 /Users/minpyaesonenyein/projects/skincollection/vendor/laravel/framework/src/Illuminate/Console/Command.php(152): Symfony\\Component\\Console\\Command\\Command->run(Object(Symfony\\Component\\Console\\Input\\ArgvInput), Object(Illuminate\\Console\\OutputStyle))
#27 /Users/minpyaesonenyein/projects/skincollection/vendor/symfony/console/Application.php(1083): Illuminate\\Console\\Command->run(Object(Symfony\\Component\\Console\\Input\\ArgvInput), Object(Symfony\\Component\\Console\\Output\\ConsoleOutput))
#28 /Users/minpyaesonenyein/projects/skincollection/vendor/symfony/console/Application.php(324): Symfony\\Component\\Console\\Application->doRunCommand(Object(Illuminate\\Database\\Console\\Migrations\\MigrateCommand), Object(Symfony\\Component\\Console\\Input\\ArgvInput), Object(Symfony\\Component\\Console\\Output\\ConsoleOutput))
#29 /Users/minpyaesonenyein/projects/skincollection/vendor/symfony/console/Application.php(175): Symfony\\Component\\Console\\Application->doRun(Object(Symfony\\Component\\Console\\Input\\ArgvInput), Object(Symfony\\Component\\Console\\Output\\ConsoleOutput))
#30 /Users/minpyaesonenyein/projects/skincollection/vendor/laravel/framework/src/Illuminate/Console/Application.php(102): Symfony\\Component\\Console\\Application->run(Object(Symfony\\Component\\Console\\Input\\ArgvInput), Object(Symfony\\Component\\Console\\Output\\ConsoleOutput))
#31 /Users/minpyaesonenyein/projects/skincollection/vendor/laravel/framework/src/Illuminate/Foundation/Console/Kernel.php(155): Illuminate\\Console\\Application->run(Object(Symfony\\Component\\Console\\Input\\ArgvInput), Object(Symfony\\Component\\Console\\Output\\ConsoleOutput))
#32 /Users/minpyaesonenyein/projects/skincollection/artisan(35): Illuminate\\Foundation\\Console\\Kernel->handle(Object(Symfony\\Component\\Console\\Input\\ArgvInput), Object(Symfony\\Component\\Console\\Output\\ConsoleOutput))
#33 {main}
"} 
[2026-04-01 09:35:07] local.ERROR: Method App\Console\Commands\ImportOldDatabase::importAppointmentTimes does not exist. {"exception":"[object] (BadMethodCallException(code: 0): Method App\\Console\\Commands\\ImportOldDatabase::importAppointmentTimes does not exist. at /Users/minpyaesonenyein/projects/skincollection/vendor/laravel/framework/src/Illuminate/Macroable/Traits/Macroable.php:113)
[stacktrace]
#0 /Users/minpyaesonenyein/projects/skincollection/app/Console/Commands/ImportOldDatabase.php(86): Illuminate\\Console\\Command->__call('importAppointme...', Array)
#1 /Users/minpyaesonenyein/projects/skincollection/vendor/laravel/framework/src/Illuminate/Database/Concerns/ManagesTransactions.php(30): App\\Console\\Commands\\ImportOldDatabase->{closure:App\\Console\\Commands\\ImportOldDatabase::handle():82}(Object(Illuminate\\Database\\MySqlConnection))
#2 /Users/minpyaesonenyein/projects/skincollection/vendor/laravel/framework/src/Illuminate/Database/DatabaseManager.php(469): Illuminate\\Database\\Connection->transaction(Object(Closure))
#3 /Users/minpyaesonenyein/projects/skincollection/vendor/laravel/framework/src/Illuminate/Support/Facades/Facade.php(338): Illuminate\\Database\\DatabaseManager->__call('transaction', Array)
#4 /Users/minpyaesonenyein/projects/skincollection/app/Console/Commands/ImportOldDatabase.php(82): Illuminate\\Support\\Facades\\Facade::__callStatic('transaction', Array)
#5 /Users/minpyaesonenyein/projects/skincollection/vendor/laravel/framework/src/Illuminate/Container/BoundMethod.php(36): App\\Console\\Commands\\ImportOldDatabase->handle()
#6 /Users/minpyaesonenyein/projects/skincollection/vendor/laravel/framework/src/Illuminate/Container/Util.php(41): Illuminate\\Container\\BoundMethod::{closure:Illuminate\\Container\\BoundMethod::call():35}()
#7 /Users/minpyaesonenyein/projects/skincollection/vendor/laravel/framework/src/Illuminate/Container/BoundMethod.php(93): Illuminate\\Container\\Util::unwrapIfClosure(Object(Closure))
#8 /Users/minpyaesonenyein/projects/skincollection/vendor/laravel/framework/src/Illuminate/Container/BoundMethod.php(35): Illuminate\\Container\\BoundMethod::callBoundMethod(Object(Illuminate\\Foundation\\Application), Array, Object(Closure))
#9 /Users/minpyaesonenyein/projects/skincollection/vendor/laravel/framework/src/Illuminate/Container/Container.php(661): Illuminate\\Container\\BoundMethod::call(Object(Illuminate\\Foundation\\Application), Array, Array, NULL)
#10 /Users/minpyaesonenyein/projects/skincollection/vendor/laravel/framework/src/Illuminate/Console/Command.php(183): Illuminate\\Container\\Container->call(Array)
#11 /Users/minpyaesonenyein/projects/skincollection/vendor/symfony/console/Command/Command.php(326): Illuminate\\Console\\Command->execute(Object(Symfony\\Component\\Console\\Input\\ArgvInput), Object(Illuminate\\Console\\OutputStyle))
#12 /Users/minpyaesonenyein/projects/skincollection/vendor/laravel/framework/src/Illuminate/Console/Command.php(152): Symfony\\Component\\Console\\Command\\Command->run(Object(Symfony\\Component\\Console\\Input\\ArgvInput), Object(Illuminate\\Console\\OutputStyle))
#13 /Users/minpyaesonenyein/projects/skincollection/vendor/symfony/console/Application.php(1083): Illuminate\\Console\\Command->run(Object(Symfony\\Component\\Console\\Input\\ArgvInput), Object(Symfony\\Component\\Console\\Output\\ConsoleOutput))
#14 /Users/minpyaesonenyein/projects/skincollection/vendor/symfony/console/Application.php(324): Symfony\\Component\\Console\\Application->doRunCommand(Object(App\\Console\\Commands\\ImportOldDatabase), Object(Symfony\\Component\\Console\\Input\\ArgvInput), Object(Symfony\\Component\\Console\\Output\\ConsoleOutput))
#15 /Users/minpyaesonenyein/projects/skincollection/vendor/symfony/console/Application.php(175): Symfony\\Component\\Console\\Application->doRun(Object(Symfony\\Component\\Console\\Input\\ArgvInput), Object(Symfony\\Component\\Console\\Output\\ConsoleOutput))
#16 /Users/minpyaesonenyein/projects/skincollection/vendor/laravel/framework/src/Illuminate/Console/Application.php(102): Symfony\\Component\\Console\\Application->run(Object(Symfony\\Component\\Console\\Input\\ArgvInput), Object(Symfony\\Component\\Console\\Output\\ConsoleOutput))
#17 /Users/minpyaesonenyein/projects/skincollection/vendor/laravel/framework/src/Illuminate/Foundation/Console/Kernel.php(155): Illuminate\\Console\\Application->run(Object(Symfony\\Component\\Console\\Input\\ArgvInput), Object(Symfony\\Component\\Console\\Output\\ConsoleOutput))
#18 /Users/minpyaesonenyein/projects/skincollection/artisan(35): Illuminate\\Foundation\\Console\\Kernel->handle(Object(Symfony\\Component\\Console\\Input\\ArgvInput), Object(Symfony\\Component\\Console\\Output\\ConsoleOutput))
#19 {main}
"} 
[2026-04-01 09:44:17] local.ERROR: SQLSTATE[42S22]: Column not found: 1054 Unknown column 'role_id' in 'field list' (SQL: insert ignore into `users` (`clinic_id`, `created_at`, `email`, `email_verified_at`, `first_name`, `id`, `last_name`, `mobile_number`, `password`, `remember_token`, `role_id`, `status`, `updated_at`) values (1, 2022-12-25 05:22:19, firstuser@gmail.com, ?, first, 8, user, ?, $2y$10$OJ0BETCJ75BPs5bOHE10KuxJm5OwZrEcrCN3UdpqGOIcLUD7h7tlG, ?, 2, 1, 2023-01-21 02:55:12), (1, 2023-01-23 06:44:30, phwayphway@gmail.com, ?, Phway, 12, Phway, ?, $2y$10$A2AaktKnPp7fvBV/VLuur.GDCeoR/QaeY2GZmUk18WreBWL/qmRH., H8lH15uN4bq90dhAdyqK4qz9rNqF5Es5akq9BfbJG2VVbusOzz0YecNMX0az, 2, 1, 2023-01-23 06:44:30), (1, 2025-03-08 03:25:10, eitone125905@gmail.com, ?, Saint Theingi, 13, Htwe, 09796943312, $2y$10$cIVCaYv.dpMI73HQMm6UUugFKxyS4Elz/caCxrMkf55prmyRefohC, Ply5xS60N4QjBx86jDnMZ8j3NRkWSATMtucgHZYtVqCY2HJ5zFgkX6nfk8fa, 2, 1, 2025-03-08 03:25:10), (1, 2025-11-22 03:58:33, tgoreception@admin.com, ?, Taungoo, 14, Skin Collections, 09400650300, $2y$10$mWOD1a7IulBETpMC3xAeZerk8EFeNyfsp4nVWL6m/THLxfwjwlw2., M0M2SZ4gR60V5smvjFe1lfPAoq9MqKlJaeREPOfO0rdEsjam7XVR5x7NGmZG, 2, 1, 2025-11-22 03:58:33), (1, 2026-01-28 12:10:57, tgoreception2@admin.com, ?, Taungoo, 15, Reception, 09400650300, $2y$10$exywq.k7yQHxx/iq6E1dA.tzCAFc5zNEhRUPO5yrs/dSUuEymyrtO, ?, 1, 1, 2026-01-28 12:10:57)) {"exception":"[object] (Illuminate\\Database\\QueryException(code: 42S22): SQLSTATE[42S22]: Column not found: 1054 Unknown column 'role_id' in 'field list' (SQL: insert ignore into `users` (`clinic_id`, `created_at`, `email`, `email_verified_at`, `first_name`, `id`, `last_name`, `mobile_number`, `password`, `remember_token`, `role_id`, `status`, `updated_at`) values (1, 2022-12-25 05:22:19, firstuser@gmail.com, ?, first, 8, user, ?, $2y$10$OJ0BETCJ75BPs5bOHE10KuxJm5OwZrEcrCN3UdpqGOIcLUD7h7tlG, ?, 2, 1, 2023-01-21 02:55:12), (1, 2023-01-23 06:44:30, phwayphway@gmail.com, ?, Phway, 12, Phway, ?, $2y$10$A2AaktKnPp7fvBV/VLuur.GDCeoR/QaeY2GZmUk18WreBWL/qmRH., H8lH15uN4bq90dhAdyqK4qz9rNqF5Es5akq9BfbJG2VVbusOzz0YecNMX0az, 2, 1, 2023-01-23 06:44:30), (1, 2025-03-08 03:25:10, eitone125905@gmail.com, ?, Saint Theingi, 13, Htwe, 09796943312, $2y$10$cIVCaYv.dpMI73HQMm6UUugFKxyS4Elz/caCxrMkf55prmyRefohC, Ply5xS60N4QjBx86jDnMZ8j3NRkWSATMtucgHZYtVqCY2HJ5zFgkX6nfk8fa, 2, 1, 2025-03-08 03:25:10), (1, 2025-11-22 03:58:33, tgoreception@admin.com, ?, Taungoo, 14, Skin Collections, 09400650300, $2y$10$mWOD1a7IulBETpMC3xAeZerk8EFeNyfsp4nVWL6m/THLxfwjwlw2., M0M2SZ4gR60V5smvjFe1lfPAoq9MqKlJaeREPOfO0rdEsjam7XVR5x7NGmZG, 2, 1, 2025-11-22 03:58:33), (1, 2026-01-28 12:10:57, tgoreception2@admin.com, ?, Taungoo, 15, Reception, 09400650300, $2y$10$exywq.k7yQHxx/iq6E1dA.tzCAFc5zNEhRUPO5yrs/dSUuEymyrtO, ?, 1, 1, 2026-01-28 12:10:57)) at /Users/minpyaesonenyein/projects/skincollection/vendor/laravel/framework/src/Illuminate/Database/Connection.php:760)
[stacktrace]
#0 /Users/minpyaesonenyein/projects/skincollection/vendor/laravel/framework/src/Illuminate/Database/Connection.php(720): Illuminate\\Database\\Connection->runQueryCallback('insert ignore i...', Array, Object(Closure))
#1 /Users/minpyaesonenyein/projects/skincollection/vendor/laravel/framework/src/Illuminate/Database/Connection.php(558): Illuminate\\Database\\Connection->run('insert ignore i...', Array, Object(Closure))
#2 /Users/minpyaesonenyein/projects/skincollection/vendor/laravel/framework/src/Illuminate/Database/Query/Builder.php(3301): Illuminate\\Database\\Connection->affectingStatement('insert ignore i...', Array)
#3 /Users/minpyaesonenyein/projects/skincollection/app/Console/Commands/ImportOldDatabase.php(155): Illuminate\\Database\\Query\\Builder->insertOrIgnore(Array)
#4 /Users/minpyaesonenyein/projects/skincollection/app/Console/Commands/ImportOldDatabase.php(216): App\\Console\\Commands\\ImportOldDatabase->insert('users', Array)
#5 /Users/minpyaesonenyein/projects/skincollection/app/Console/Commands/ImportOldDatabase.php(84): App\\Console\\Commands\\ImportOldDatabase->importUsers()
#6 /Users/minpyaesonenyein/projects/skincollection/vendor/laravel/framework/src/Illuminate/Database/Concerns/ManagesTransactions.php(30): App\\Console\\Commands\\ImportOldDatabase->{closure:App\\Console\\Commands\\ImportOldDatabase::handle():82}(Object(Illuminate\\Database\\MySqlConnection))
#7 /Users/minpyaesonenyein/projects/skincollection/vendor/laravel/framework/src/Illuminate/Database/DatabaseManager.php(469): Illuminate\\Database\\Connection->transaction(Object(Closure))
#8 /Users/minpyaesonenyein/projects/skincollection/vendor/laravel/framework/src/Illuminate/Support/Facades/Facade.php(338): Illuminate\\Database\\DatabaseManager->__call('transaction', Array)
#9 /Users/minpyaesonenyein/projects/skincollection/app/Console/Commands/ImportOldDatabase.php(82): Illuminate\\Support\\Facades\\Facade::__callStatic('transaction', Array)
#10 /Users/minpyaesonenyein/projects/skincollection/vendor/laravel/framework/src/Illuminate/Container/BoundMethod.php(36): App\\Console\\Commands\\ImportOldDatabase->handle()
#11 /Users/minpyaesonenyein/projects/skincollection/vendor/laravel/framework/src/Illuminate/Container/Util.php(41): Illuminate\\Container\\BoundMethod::{closure:Illuminate\\Container\\BoundMethod::call():35}()
#12 /Users/minpyaesonenyein/projects/skincollection/vendor/laravel/framework/src/Illuminate/Container/BoundMethod.php(93): Illuminate\\Container\\Util::unwrapIfClosure(Object(Closure))
#13 /Users/minpyaesonenyein/projects/skincollection/vendor/laravel/framework/src/Illuminate/Container/BoundMethod.php(35): Illuminate\\Container\\BoundMethod::callBoundMethod(Object(Illuminate\\Foundation\\Application), Array, Object(Closure))
#14 /Users/minpyaesonenyein/projects/skincollection/vendor/laravel/framework/src/Illuminate/Container/Container.php(661): Illuminate\\Container\\BoundMethod::call(Object(Illuminate\\Foundation\\Application), Array, Array, NULL)
#15 /Users/minpyaesonenyein/projects/skincollection/vendor/laravel/framework/src/Illuminate/Console/Command.php(183): Illuminate\\Container\\Container->call(Array)
#16 /Users/minpyaesonenyein/projects/skincollection/vendor/symfony/console/Command/Command.php(326): Illuminate\\Console\\Command->execute(Object(Symfony\\Component\\Console\\Input\\ArgvInput), Object(Illuminate\\Console\\OutputStyle))
#17 /Users/minpyaesonenyein/projects/skincollection/vendor/laravel/framework/src/Illuminate/Console/Command.php(152): Symfony\\Component\\Console\\Command\\Command->run(Object(Symfony\\Component\\Console\\Input\\ArgvInput), Object(Illuminate\\Console\\OutputStyle))
#18 /Users/minpyaesonenyein/projects/skincollection/vendor/symfony/console/Application.php(1083): Illuminate\\Console\\Command->run(Object(Symfony\\Component\\Console\\Input\\ArgvInput), Object(Symfony\\Component\\Console\\Output\\ConsoleOutput))
#19 /Users/minpyaesonenyein/projects/skincollection/vendor/symfony/console/Application.php(324): Symfony\\Component\\Console\\Application->doRunCommand(Object(App\\Console\\Commands\\ImportOldDatabase), Object(Symfony\\Component\\Console\\Input\\ArgvInput), Object(Symfony\\Component\\Console\\Output\\ConsoleOutput))
#20 /Users/minpyaesonenyein/projects/skincollection/vendor/symfony/console/Application.php(175): Symfony\\Component\\Console\\Application->doRun(Object(Symfony\\Component\\Console\\Input\\ArgvInput), Object(Symfony\\Component\\Console\\Output\\ConsoleOutput))
#21 /Users/minpyaesonenyein/projects/skincollection/vendor/laravel/framework/src/Illuminate/Console/Application.php(102): Symfony\\Component\\Console\\Application->run(Object(Symfony\\Component\\Console\\Input\\ArgvInput), Object(Symfony\\Component\\Console\\Output\\ConsoleOutput))
#22 /Users/minpyaesonenyein/projects/skincollection/vendor/laravel/framework/src/Illuminate/Foundation/Console/Kernel.php(155): Illuminate\\Console\\Application->run(Object(Symfony\\Component\\Console\\Input\\ArgvInput), Object(Symfony\\Component\\Console\\Output\\ConsoleOutput))
#23 /Users/minpyaesonenyein/projects/skincollection/artisan(35): Illuminate\\Foundation\\Console\\Kernel->handle(Object(Symfony\\Component\\Console\\Input\\ArgvInput), Object(Symfony\\Component\\Console\\Output\\ConsoleOutput))
#24 {main}

[previous exception] [object] (PDOException(code: 42S22): SQLSTATE[42S22]: Column not found: 1054 Unknown column 'role_id' in 'field list' at /Users/minpyaesonenyein/projects/skincollection/vendor/laravel/framework/src/Illuminate/Database/Connection.php:566)
[stacktrace]
#0 /Users/minpyaesonenyein/projects/skincollection/vendor/laravel/framework/src/Illuminate/Database/Connection.php(566): PDO->prepare('insert ignore i...')
#1 /Users/minpyaesonenyein/projects/skincollection/vendor/laravel/framework/src/Illuminate/Database/Connection.php(753): Illuminate\\Database\\Connection->{closure:Illuminate\\Database\\Connection::affectingStatement():558}('insert ignore i...', Array)
#2 /Users/minpyaesonenyein/projects/skincollection/vendor/laravel/framework/src/Illuminate/Database/Connection.php(720): Illuminate\\Database\\Connection->runQueryCallback('insert ignore i...', Array, Object(Closure))
#3 /Users/minpyaesonenyein/projects/skincollection/vendor/laravel/framework/src/Illuminate/Database/Connection.php(558): Illuminate\\Database\\Connection->run('insert ignore i...', Array, Object(Closure))
#4 /Users/minpyaesonenyein/projects/skincollection/vendor/laravel/framework/src/Illuminate/Database/Query/Builder.php(3301): Illuminate\\Database\\Connection->affectingStatement('insert ignore i...', Array)
#5 /Users/minpyaesonenyein/projects/skincollection/app/Console/Commands/ImportOldDatabase.php(155): Illuminate\\Database\\Query\\Builder->insertOrIgnore(Array)
#6 /Users/minpyaesonenyein/projects/skincollection/app/Console/Commands/ImportOldDatabase.php(216): App\\Console\\Commands\\ImportOldDatabase->insert('users', Array)
#7 /Users/minpyaesonenyein/projects/skincollection/app/Console/Commands/ImportOldDatabase.php(84): App\\Console\\Commands\\ImportOldDatabase->importUsers()
#8 /Users/minpyaesonenyein/projects/skincollection/vendor/laravel/framework/src/Illuminate/Database/Concerns/ManagesTransactions.php(30): App\\Console\\Commands\\ImportOldDatabase->{closure:App\\Console\\Commands\\ImportOldDatabase::handle():82}(Object(Illuminate\\Database\\MySqlConnection))
#9 /Users/minpyaesonenyein/projects/skincollection/vendor/laravel/framework/src/Illuminate/Database/DatabaseManager.php(469): Illuminate\\Database\\Connection->transaction(Object(Closure))
#10 /Users/minpyaesonenyein/projects/skincollection/vendor/laravel/framework/src/Illuminate/Support/Facades/Facade.php(338): Illuminate\\Database\\DatabaseManager->__call('transaction', Array)
#11 /Users/minpyaesonenyein/projects/skincollection/app/Console/Commands/ImportOldDatabase.php(82): Illuminate\\Support\\Facades\\Facade::__callStatic('transaction', Array)
#12 /Users/minpyaesonenyein/projects/skincollection/vendor/laravel/framework/src/Illuminate/Container/BoundMethod.php(36): App\\Console\\Commands\\ImportOldDatabase->handle()
#13 /Users/minpyaesonenyein/projects/skincollection/vendor/laravel/framework/src/Illuminate/Container/Util.php(41): Illuminate\\Container\\BoundMethod::{closure:Illuminate\\Container\\BoundMethod::call():35}()
#14 /Users/minpyaesonenyein/projects/skincollection/vendor/laravel/framework/src/Illuminate/Container/BoundMethod.php(93): Illuminate\\Container\\Util::unwrapIfClosure(Object(Closure))
#15 /Users/minpyaesonenyein/projects/skincollection/vendor/laravel/framework/src/Illuminate/Container/BoundMethod.php(35): Illuminate\\Container\\BoundMethod::callBoundMethod(Object(Illuminate\\Foundation\\Application), Array, Object(Closure))
#16 /Users/minpyaesonenyein/projects/skincollection/vendor/laravel/framework/src/Illuminate/Container/Container.php(661): Illuminate\\Container\\BoundMethod::call(Object(Illuminate\\Foundation\\Application), Array, Array, NULL)
#17 /Users/minpyaesonenyein/projects/skincollection/vendor/laravel/framework/src/Illuminate/Console/Command.php(183): Illuminate\\Container\\Container->call(Array)
#18 /Users/minpyaesonenyein/projects/skincollection/vendor/symfony/console/Command/Command.php(326): Illuminate\\Console\\Command->execute(Object(Symfony\\Component\\Console\\Input\\ArgvInput), Object(Illuminate\\Console\\OutputStyle))
#19 /Users/minpyaesonenyein/projects/skincollection/vendor/laravel/framework/src/Illuminate/Console/Command.php(152): Symfony\\Component\\Console\\Command\\Command->run(Object(Symfony\\Component\\Console\\Input\\ArgvInput), Object(Illuminate\\Console\\OutputStyle))
#20 /Users/minpyaesonenyein/projects/skincollection/vendor/symfony/console/Application.php(1083): Illuminate\\Console\\Command->run(Object(Symfony\\Component\\Console\\Input\\ArgvInput), Object(Symfony\\Component\\Console\\Output\\ConsoleOutput))
#21 /Users/minpyaesonenyein/projects/skincollection/vendor/symfony/console/Application.php(324): Symfony\\Component\\Console\\Application->doRunCommand(Object(App\\Console\\Commands\\ImportOldDatabase), Object(Symfony\\Component\\Console\\Input\\ArgvInput), Object(Symfony\\Component\\Console\\Output\\ConsoleOutput))
#22 /Users/minpyaesonenyein/projects/skincollection/vendor/symfony/console/Application.php(175): Symfony\\Component\\Console\\Application->doRun(Object(Symfony\\Component\\Console\\Input\\ArgvInput), Object(Symfony\\Component\\Console\\Output\\ConsoleOutput))
#23 /Users/minpyaesonenyein/projects/skincollection/vendor/laravel/framework/src/Illuminate/Console/Application.php(102): Symfony\\Component\\Console\\Application->run(Object(Symfony\\Component\\Console\\Input\\ArgvInput), Object(Symfony\\Component\\Console\\Output\\ConsoleOutput))
#24 /Users/minpyaesonenyein/projects/skincollection/vendor/laravel/framework/src/Illuminate/Foundation/Console/Kernel.php(155): Illuminate\\Console\\Application->run(Object(Symfony\\Component\\Console\\Input\\ArgvInput), Object(Symfony\\Component\\Console\\Output\\ConsoleOutput))
#25 /Users/minpyaesonenyein/projects/skincollection/artisan(35): Illuminate\\Foundation\\Console\\Kernel->handle(Object(Symfony\\Component\\Console\\Input\\ArgvInput), Object(Symfony\\Component\\Console\\Output\\ConsoleOutput))
#26 {main}
"} 
[2026-04-01 10:01:09] local.ERROR: SQLSTATE[42S22]: Column not found: 1054 Unknown column 'role_id' in 'field list' (SQL: insert ignore into `users` (`clinic_id`, `created_at`, `email`, `email_verified_at`, `first_name`, `id`, `last_name`, `mobile_number`, `password`, `remember_token`, `role_id`, `status`, `updated_at`) values (1, 2022-12-25 05:22:19, firstuser@gmail.com, ?, first, 8, user, ?, $2y$10$OJ0BETCJ75BPs5bOHE10KuxJm5OwZrEcrCN3UdpqGOIcLUD7h7tlG, ?, 2, 1, 2023-01-21 02:55:12), (1, 2023-01-23 06:44:30, phwayphway@gmail.com, ?, Phway, 12, Phway, ?, $2y$10$A2AaktKnPp7fvBV/VLuur.GDCeoR/QaeY2GZmUk18WreBWL/qmRH., H8lH15uN4bq90dhAdyqK4qz9rNqF5Es5akq9BfbJG2VVbusOzz0YecNMX0az, 2, 1, 2023-01-23 06:44:30), (1, 2025-03-08 03:25:10, eitone125905@gmail.com, ?, Saint Theingi, 13, Htwe, 09796943312, $2y$10$cIVCaYv.dpMI73HQMm6UUugFKxyS4Elz/caCxrMkf55prmyRefohC, Ply5xS60N4QjBx86jDnMZ8j3NRkWSATMtucgHZYtVqCY2HJ5zFgkX6nfk8fa, 2, 1, 2025-03-08 03:25:10), (1, 2025-11-22 03:58:33, tgoreception@admin.com, ?, Taungoo, 14, Skin Collections, 09400650300, $2y$10$mWOD1a7IulBETpMC3xAeZerk8EFeNyfsp4nVWL6m/THLxfwjwlw2., M0M2SZ4gR60V5smvjFe1lfPAoq9MqKlJaeREPOfO0rdEsjam7XVR5x7NGmZG, 2, 1, 2025-11-22 03:58:33), (1, 2026-01-28 12:10:57, tgoreception2@admin.com, ?, Taungoo, 15, Reception, 09400650300, $2y$10$exywq.k7yQHxx/iq6E1dA.tzCAFc5zNEhRUPO5yrs/dSUuEymyrtO, ?, 1, 1, 2026-01-28 12:10:57)) {"exception":"[object] (Illuminate\\Database\\QueryException(code: 42S22): SQLSTATE[42S22]: Column not found: 1054 Unknown column 'role_id' in 'field list' (SQL: insert ignore into `users` (`clinic_id`, `created_at`, `email`, `email_verified_at`, `first_name`, `id`, `last_name`, `mobile_number`, `password`, `remember_token`, `role_id`, `status`, `updated_at`) values (1, 2022-12-25 05:22:19, firstuser@gmail.com, ?, first, 8, user, ?, $2y$10$OJ0BETCJ75BPs5bOHE10KuxJm5OwZrEcrCN3UdpqGOIcLUD7h7tlG, ?, 2, 1, 2023-01-21 02:55:12), (1, 2023-01-23 06:44:30, phwayphway@gmail.com, ?, Phway, 12, Phway, ?, $2y$10$A2AaktKnPp7fvBV/VLuur.GDCeoR/QaeY2GZmUk18WreBWL/qmRH., H8lH15uN4bq90dhAdyqK4qz9rNqF5Es5akq9BfbJG2VVbusOzz0YecNMX0az, 2, 1, 2023-01-23 06:44:30), (1, 2025-03-08 03:25:10, eitone125905@gmail.com, ?, Saint Theingi, 13, Htwe, 09796943312, $2y$10$cIVCaYv.dpMI73HQMm6UUugFKxyS4Elz/caCxrMkf55prmyRefohC, Ply5xS60N4QjBx86jDnMZ8j3NRkWSATMtucgHZYtVqCY2HJ5zFgkX6nfk8fa, 2, 1, 2025-03-08 03:25:10), (1, 2025-11-22 03:58:33, tgoreception@admin.com, ?, Taungoo, 14, Skin Collections, 09400650300, $2y$10$mWOD1a7IulBETpMC3xAeZerk8EFeNyfsp4nVWL6m/THLxfwjwlw2., M0M2SZ4gR60V5smvjFe1lfPAoq9MqKlJaeREPOfO0rdEsjam7XVR5x7NGmZG, 2, 1, 2025-11-22 03:58:33), (1, 2026-01-28 12:10:57, tgoreception2@admin.com, ?, Taungoo, 15, Reception, 09400650300, $2y$10$exywq.k7yQHxx/iq6E1dA.tzCAFc5zNEhRUPO5yrs/dSUuEymyrtO, ?, 1, 1, 2026-01-28 12:10:57)) at /Users/minpyaesonenyein/projects/skincollection/vendor/laravel/framework/src/Illuminate/Database/Connection.php:760)
[stacktrace]
#0 /Users/minpyaesonenyein/projects/skincollection/vendor/laravel/framework/src/Illuminate/Database/Connection.php(720): Illuminate\\Database\\Connection->runQueryCallback('insert ignore i...', Array, Object(Closure))
#1 /Users/minpyaesonenyein/projects/skincollection/vendor/laravel/framework/src/Illuminate/Database/Connection.php(558): Illuminate\\Database\\Connection->run('insert ignore i...', Array, Object(Closure))
#2 /Users/minpyaesonenyein/projects/skincollection/vendor/laravel/framework/src/Illuminate/Database/Query/Builder.php(3301): Illuminate\\Database\\Connection->affectingStatement('insert ignore i...', Array)
#3 /Users/minpyaesonenyein/projects/skincollection/app/Console/Commands/ImportOldDatabase.php(155): Illuminate\\Database\\Query\\Builder->insertOrIgnore(Array)
#4 /Users/minpyaesonenyein/projects/skincollection/app/Console/Commands/ImportOldDatabase.php(216): App\\Console\\Commands\\ImportOldDatabase->insert('users', Array)
#5 /Users/minpyaesonenyein/projects/skincollection/app/Console/Commands/ImportOldDatabase.php(84): App\\Console\\Commands\\ImportOldDatabase->importUsers()
#6 /Users/minpyaesonenyein/projects/skincollection/vendor/laravel/framework/src/Illuminate/Database/Concerns/ManagesTransactions.php(30): App\\Console\\Commands\\ImportOldDatabase->{closure:App\\Console\\Commands\\ImportOldDatabase::handle():82}(Object(Illuminate\\Database\\MySqlConnection))
#7 /Users/minpyaesonenyein/projects/skincollection/vendor/laravel/framework/src/Illuminate/Database/DatabaseManager.php(469): Illuminate\\Database\\Connection->transaction(Object(Closure))
#8 /Users/minpyaesonenyein/projects/skincollection/vendor/laravel/framework/src/Illuminate/Support/Facades/Facade.php(338): Illuminate\\Database\\DatabaseManager->__call('transaction', Array)
#9 /Users/minpyaesonenyein/projects/skincollection/app/Console/Commands/ImportOldDatabase.php(82): Illuminate\\Support\\Facades\\Facade::__callStatic('transaction', Array)
#10 /Users/minpyaesonenyein/projects/skincollection/vendor/laravel/framework/src/Illuminate/Container/BoundMethod.php(36): App\\Console\\Commands\\ImportOldDatabase->handle()
#11 /Users/minpyaesonenyein/projects/skincollection/vendor/laravel/framework/src/Illuminate/Container/Util.php(41): Illuminate\\Container\\BoundMethod::{closure:Illuminate\\Container\\BoundMethod::call():35}()
#12 /Users/minpyaesonenyein/projects/skincollection/vendor/laravel/framework/src/Illuminate/Container/BoundMethod.php(93): Illuminate\\Container\\Util::unwrapIfClosure(Object(Closure))
#13 /Users/minpyaesonenyein/projects/skincollection/vendor/laravel/framework/src/Illuminate/Container/BoundMethod.php(35): Illuminate\\Container\\BoundMethod::callBoundMethod(Object(Illuminate\\Foundation\\Application), Array, Object(Closure))
#14 /Users/minpyaesonenyein/projects/skincollection/vendor/laravel/framework/src/Illuminate/Container/Container.php(661): Illuminate\\Container\\BoundMethod::call(Object(Illuminate\\Foundation\\Application), Array, Array, NULL)
#15 /Users/minpyaesonenyein/projects/skincollection/vendor/laravel/framework/src/Illuminate/Console/Command.php(183): Illuminate\\Container\\Container->call(Array)
#16 /Users/minpyaesonenyein/projects/skincollection/vendor/symfony/console/Command/Command.php(326): Illuminate\\Console\\Command->execute(Object(Symfony\\Component\\Console\\Input\\ArgvInput), Object(Illuminate\\Console\\OutputStyle))
#17 /Users/minpyaesonenyein/projects/skincollection/vendor/laravel/framework/src/Illuminate/Console/Command.php(152): Symfony\\Component\\Console\\Command\\Command->run(Object(Symfony\\Component\\Console\\Input\\ArgvInput), Object(Illuminate\\Console\\OutputStyle))
#18 /Users/minpyaesonenyein/projects/skincollection/vendor/symfony/console/Application.php(1083): Illuminate\\Console\\Command->run(Object(Symfony\\Component\\Console\\Input\\ArgvInput), Object(Symfony\\Component\\Console\\Output\\ConsoleOutput))
#19 /Users/minpyaesonenyein/projects/skincollection/vendor/symfony/console/Application.php(324): Symfony\\Component\\Console\\Application->doRunCommand(Object(App\\Console\\Commands\\ImportOldDatabase), Object(Symfony\\Component\\Console\\Input\\ArgvInput), Object(Symfony\\Component\\Console\\Output\\ConsoleOutput))
#20 /Users/minpyaesonenyein/projects/skincollection/vendor/symfony/console/Application.php(175): Symfony\\Component\\Console\\Application->doRun(Object(Symfony\\Component\\Console\\Input\\ArgvInput), Object(Symfony\\Component\\Console\\Output\\ConsoleOutput))
#21 /Users/minpyaesonenyein/projects/skincollection/vendor/laravel/framework/src/Illuminate/Console/Application.php(102): Symfony\\Component\\Console\\Application->run(Object(Symfony\\Component\\Console\\Input\\ArgvInput), Object(Symfony\\Component\\Console\\Output\\ConsoleOutput))
#22 /Users/minpyaesonenyein/projects/skincollection/vendor/laravel/framework/src/Illuminate/Foundation/Console/Kernel.php(155): Illuminate\\Console\\Application->run(Object(Symfony\\Component\\Console\\Input\\ArgvInput), Object(Symfony\\Component\\Console\\Output\\ConsoleOutput))
#23 /Users/minpyaesonenyein/projects/skincollection/artisan(35): Illuminate\\Foundation\\Console\\Kernel->handle(Object(Symfony\\Component\\Console\\Input\\ArgvInput), Object(Symfony\\Component\\Console\\Output\\ConsoleOutput))
#24 {main}

[previous exception] [object] (PDOException(code: 42S22): SQLSTATE[42S22]: Column not found: 1054 Unknown column 'role_id' in 'field list' at /Users/minpyaesonenyein/projects/skincollection/vendor/laravel/framework/src/Illuminate/Database/Connection.php:566)
[stacktrace]
#0 /Users/minpyaesonenyein/projects/skincollection/vendor/laravel/framework/src/Illuminate/Database/Connection.php(566): PDO->prepare('insert ignore i...')
#1 /Users/minpyaesonenyein/projects/skincollection/vendor/laravel/framework/src/Illuminate/Database/Connection.php(753): Illuminate\\Database\\Connection->{closure:Illuminate\\Database\\Connection::affectingStatement():558}('insert ignore i...', Array)
#2 /Users/minpyaesonenyein/projects/skincollection/vendor/laravel/framework/src/Illuminate/Database/Connection.php(720): Illuminate\\Database\\Connection->runQueryCallback('insert ignore i...', Array, Object(Closure))
#3 /Users/minpyaesonenyein/projects/skincollection/vendor/laravel/framework/src/Illuminate/Database/Connection.php(558): Illuminate\\Database\\Connection->run('insert ignore i...', Array, Object(Closure))
#4 /Users/minpyaesonenyein/projects/skincollection/vendor/laravel/framework/src/Illuminate/Database/Query/Builder.php(3301): Illuminate\\Database\\Connection->affectingStatement('insert ignore i...', Array)
#5 /Users/minpyaesonenyein/projects/skincollection/app/Console/Commands/ImportOldDatabase.php(155): Illuminate\\Database\\Query\\Builder->insertOrIgnore(Array)
#6 /Users/minpyaesonenyein/projects/skincollection/app/Console/Commands/ImportOldDatabase.php(216): App\\Console\\Commands\\ImportOldDatabase->insert('users', Array)
#7 /Users/minpyaesonenyein/projects/skincollection/app/Console/Commands/ImportOldDatabase.php(84): App\\Console\\Commands\\ImportOldDatabase->importUsers()
#8 /Users/minpyaesonenyein/projects/skincollection/vendor/laravel/framework/src/Illuminate/Database/Concerns/ManagesTransactions.php(30): App\\Console\\Commands\\ImportOldDatabase->{closure:App\\Console\\Commands\\ImportOldDatabase::handle():82}(Object(Illuminate\\Database\\MySqlConnection))
#9 /Users/minpyaesonenyein/projects/skincollection/vendor/laravel/framework/src/Illuminate/Database/DatabaseManager.php(469): Illuminate\\Database\\Connection->transaction(Object(Closure))
#10 /Users/minpyaesonenyein/projects/skincollection/vendor/laravel/framework/src/Illuminate/Support/Facades/Facade.php(338): Illuminate\\Database\\DatabaseManager->__call('transaction', Array)
#11 /Users/minpyaesonenyein/projects/skincollection/app/Console/Commands/ImportOldDatabase.php(82): Illuminate\\Support\\Facades\\Facade::__callStatic('transaction', Array)
#12 /Users/minpyaesonenyein/projects/skincollection/vendor/laravel/framework/src/Illuminate/Container/BoundMethod.php(36): App\\Console\\Commands\\ImportOldDatabase->handle()
#13 /Users/minpyaesonenyein/projects/skincollection/vendor/laravel/framework/src/Illuminate/Container/Util.php(41): Illuminate\\Container\\BoundMethod::{closure:Illuminate\\Container\\BoundMethod::call():35}()
#14 /Users/minpyaesonenyein/projects/skincollection/vendor/laravel/framework/src/Illuminate/Container/BoundMethod.php(93): Illuminate\\Container\\Util::unwrapIfClosure(Object(Closure))
#15 /Users/minpyaesonenyein/projects/skincollection/vendor/laravel/framework/src/Illuminate/Container/BoundMethod.php(35): Illuminate\\Container\\BoundMethod::callBoundMethod(Object(Illuminate\\Foundation\\Application), Array, Object(Closure))
#16 /Users/minpyaesonenyein/projects/skincollection/vendor/laravel/framework/src/Illuminate/Container/Container.php(661): Illuminate\\Container\\BoundMethod::call(Object(Illuminate\\Foundation\\Application), Array, Array, NULL)
#17 /Users/minpyaesonenyein/projects/skincollection/vendor/laravel/framework/src/Illuminate/Console/Command.php(183): Illuminate\\Container\\Container->call(Array)
#18 /Users/minpyaesonenyein/projects/skincollection/vendor/symfony/console/Command/Command.php(326): Illuminate\\Console\\Command->execute(Object(Symfony\\Component\\Console\\Input\\ArgvInput), Object(Illuminate\\Console\\OutputStyle))
#19 /Users/minpyaesonenyein/projects/skincollection/vendor/laravel/framework/src/Illuminate/Console/Command.php(152): Symfony\\Component\\Console\\Command\\Command->run(Object(Symfony\\Component\\Console\\Input\\ArgvInput), Object(Illuminate\\Console\\OutputStyle))
#20 /Users/minpyaesonenyein/projects/skincollection/vendor/symfony/console/Application.php(1083): Illuminate\\Console\\Command->run(Object(Symfony\\Component\\Console\\Input\\ArgvInput), Object(Symfony\\Component\\Console\\Output\\ConsoleOutput))
#21 /Users/minpyaesonenyein/projects/skincollection/vendor/symfony/console/Application.php(324): Symfony\\Component\\Console\\Application->doRunCommand(Object(App\\Console\\Commands\\ImportOldDatabase), Object(Symfony\\Component\\Console\\Input\\ArgvInput), Object(Symfony\\Component\\Console\\Output\\ConsoleOutput))
#22 /Users/minpyaesonenyein/projects/skincollection/vendor/symfony/console/Application.php(175): Symfony\\Component\\Console\\Application->doRun(Object(Symfony\\Component\\Console\\Input\\ArgvInput), Object(Symfony\\Component\\Console\\Output\\ConsoleOutput))
#23 /Users/minpyaesonenyein/projects/skincollection/vendor/laravel/framework/src/Illuminate/Console/Application.php(102): Symfony\\Component\\Console\\Application->run(Object(Symfony\\Component\\Console\\Input\\ArgvInput), Object(Symfony\\Component\\Console\\Output\\ConsoleOutput))
#24 /Users/minpyaesonenyein/projects/skincollection/vendor/laravel/framework/src/Illuminate/Foundation/Console/Kernel.php(155): Illuminate\\Console\\Application->run(Object(Symfony\\Component\\Console\\Input\\ArgvInput), Object(Symfony\\Component\\Console\\Output\\ConsoleOutput))
#25 /Users/minpyaesonenyein/projects/skincollection/artisan(35): Illuminate\\Foundation\\Console\\Kernel->handle(Object(Symfony\\Component\\Console\\Input\\ArgvInput), Object(Symfony\\Component\\Console\\Output\\ConsoleOutput))
#26 {main}
"} 
[2026-04-01 10:34:13] local.ERROR: SQLSTATE[42S22]: Column not found: 1054 Unknown column 'role_id' in 'field list' (SQL: insert ignore into `users` (`clinic_id`, `created_at`, `email`, `email_verified_at`, `first_name`, `id`, `last_name`, `mobile_number`, `password`, `remember_token`, `role_id`, `status`, `updated_at`) values (1, 2022-12-25 05:22:19, firstuser@gmail.com, ?, first, 8, user, ?, $2y$10$OJ0BETCJ75BPs5bOHE10KuxJm5OwZrEcrCN3UdpqGOIcLUD7h7tlG, ?, 2, 1, 2023-01-21 02:55:12), (1, 2023-01-23 06:44:30, phwayphway@gmail.com, ?, Phway, 12, Phway, ?, $2y$10$A2AaktKnPp7fvBV/VLuur.GDCeoR/QaeY2GZmUk18WreBWL/qmRH., H8lH15uN4bq90dhAdyqK4qz9rNqF5Es5akq9BfbJG2VVbusOzz0YecNMX0az, 2, 1, 2023-01-23 06:44:30), (1, 2025-03-08 03:25:10, eitone125905@gmail.com, ?, Saint Theingi, 13, Htwe, 09796943312, $2y$10$cIVCaYv.dpMI73HQMm6UUugFKxyS4Elz/caCxrMkf55prmyRefohC, Ply5xS60N4QjBx86jDnMZ8j3NRkWSATMtucgHZYtVqCY2HJ5zFgkX6nfk8fa, 2, 1, 2025-03-08 03:25:10), (1, 2025-11-22 03:58:33, tgoreception@admin.com, ?, Taungoo, 14, Skin Collections, 09400650300, $2y$10$mWOD1a7IulBETpMC3xAeZerk8EFeNyfsp4nVWL6m/THLxfwjwlw2., M0M2SZ4gR60V5smvjFe1lfPAoq9MqKlJaeREPOfO0rdEsjam7XVR5x7NGmZG, 2, 1, 2025-11-22 03:58:33), (1, 2026-01-28 12:10:57, tgoreception2@admin.com, ?, Taungoo, 15, Reception, 09400650300, $2y$10$exywq.k7yQHxx/iq6E1dA.tzCAFc5zNEhRUPO5yrs/dSUuEymyrtO, ?, 1, 1, 2026-01-28 12:10:57)) {"exception":"[object] (Illuminate\\Database\\QueryException(code: 42S22): SQLSTATE[42S22]: Column not found: 1054 Unknown column 'role_id' in 'field list' (SQL: insert ignore into `users` (`clinic_id`, `created_at`, `email`, `email_verified_at`, `first_name`, `id`, `last_name`, `mobile_number`, `password`, `remember_token`, `role_id`, `status`, `updated_at`) values (1, 2022-12-25 05:22:19, firstuser@gmail.com, ?, first, 8, user, ?, $2y$10$OJ0BETCJ75BPs5bOHE10KuxJm5OwZrEcrCN3UdpqGOIcLUD7h7tlG, ?, 2, 1, 2023-01-21 02:55:12), (1, 2023-01-23 06:44:30, phwayphway@gmail.com, ?, Phway, 12, Phway, ?, $2y$10$A2AaktKnPp7fvBV/VLuur.GDCeoR/QaeY2GZmUk18WreBWL/qmRH., H8lH15uN4bq90dhAdyqK4qz9rNqF5Es5akq9BfbJG2VVbusOzz0YecNMX0az, 2, 1, 2023-01-23 06:44:30), (1, 2025-03-08 03:25:10, eitone125905@gmail.com, ?, Saint Theingi, 13, Htwe, 09796943312, $2y$10$cIVCaYv.dpMI73HQMm6UUugFKxyS4Elz/caCxrMkf55prmyRefohC, Ply5xS60N4QjBx86jDnMZ8j3NRkWSATMtucgHZYtVqCY2HJ5zFgkX6nfk8fa, 2, 1, 2025-03-08 03:25:10), (1, 2025-11-22 03:58:33, tgoreception@admin.com, ?, Taungoo, 14, Skin Collections, 09400650300, $2y$10$mWOD1a7IulBETpMC3xAeZerk8EFeNyfsp4nVWL6m/THLxfwjwlw2., M0M2SZ4gR60V5smvjFe1lfPAoq9MqKlJaeREPOfO0rdEsjam7XVR5x7NGmZG, 2, 1, 2025-11-22 03:58:33), (1, 2026-01-28 12:10:57, tgoreception2@admin.com, ?, Taungoo, 15, Reception, 09400650300, $2y$10$exywq.k7yQHxx/iq6E1dA.tzCAFc5zNEhRUPO5yrs/dSUuEymyrtO, ?, 1, 1, 2026-01-28 12:10:57)) at /Users/minpyaesonenyein/projects/skincollection/vendor/laravel/framework/src/Illuminate/Database/Connection.php:760)
[stacktrace]
#0 /Users/minpyaesonenyein/projects/skincollection/vendor/laravel/framework/src/Illuminate/Database/Connection.php(720): Illuminate\\Database\\Connection->runQueryCallback('insert ignore i...', Array, Object(Closure))
#1 /Users/minpyaesonenyein/projects/skincollection/vendor/laravel/framework/src/Illuminate/Database/Connection.php(558): Illuminate\\Database\\Connection->run('insert ignore i...', Array, Object(Closure))
#2 /Users/minpyaesonenyein/projects/skincollection/vendor/laravel/framework/src/Illuminate/Database/Query/Builder.php(3301): Illuminate\\Database\\Connection->affectingStatement('insert ignore i...', Array)
#3 /Users/minpyaesonenyein/projects/skincollection/app/Console/Commands/ImportOldDatabase.php(155): Illuminate\\Database\\Query\\Builder->insertOrIgnore(Array)
#4 /Users/minpyaesonenyein/projects/skincollection/app/Console/Commands/ImportOldDatabase.php(216): App\\Console\\Commands\\ImportOldDatabase->insert('users', Array)
#5 /Users/minpyaesonenyein/projects/skincollection/app/Console/Commands/ImportOldDatabase.php(84): App\\Console\\Commands\\ImportOldDatabase->importUsers()
#6 /Users/minpyaesonenyein/projects/skincollection/vendor/laravel/framework/src/Illuminate/Database/Concerns/ManagesTransactions.php(30): App\\Console\\Commands\\ImportOldDatabase->{closure:App\\Console\\Commands\\ImportOldDatabase::handle():82}(Object(Illuminate\\Database\\MySqlConnection))
#7 /Users/minpyaesonenyein/projects/skincollection/vendor/laravel/framework/src/Illuminate/Database/DatabaseManager.php(469): Illuminate\\Database\\Connection->transaction(Object(Closure))
#8 /Users/minpyaesonenyein/projects/skincollection/vendor/laravel/framework/src/Illuminate/Support/Facades/Facade.php(338): Illuminate\\Database\\DatabaseManager->__call('transaction', Array)
#9 /Users/minpyaesonenyein/projects/skincollection/app/Console/Commands/ImportOldDatabase.php(82): Illuminate\\Support\\Facades\\Facade::__callStatic('transaction', Array)
#10 /Users/minpyaesonenyein/projects/skincollection/vendor/laravel/framework/src/Illuminate/Container/BoundMethod.php(36): App\\Console\\Commands\\ImportOldDatabase->handle()
#11 /Users/minpyaesonenyein/projects/skincollection/vendor/laravel/framework/src/Illuminate/Container/Util.php(41): Illuminate\\Container\\BoundMethod::{closure:Illuminate\\Container\\BoundMethod::call():35}()
#12 /Users/minpyaesonenyein/projects/skincollection/vendor/laravel/framework/src/Illuminate/Container/BoundMethod.php(93): Illuminate\\Container\\Util::unwrapIfClosure(Object(Closure))
#13 /Users/minpyaesonenyein/projects/skincollection/vendor/laravel/framework/src/Illuminate/Container/BoundMethod.php(35): Illuminate\\Container\\BoundMethod::callBoundMethod(Object(Illuminate\\Foundation\\Application), Array, Object(Closure))
#14 /Users/minpyaesonenyein/projects/skincollection/vendor/laravel/framework/src/Illuminate/Container/Container.php(661): Illuminate\\Container\\BoundMethod::call(Object(Illuminate\\Foundation\\Application), Array, Array, NULL)
#15 /Users/minpyaesonenyein/projects/skincollection/vendor/laravel/framework/src/Illuminate/Console/Command.php(183): Illuminate\\Container\\Container->call(Array)
#16 /Users/minpyaesonenyein/projects/skincollection/vendor/symfony/console/Command/Command.php(326): Illuminate\\Console\\Command->execute(Object(Symfony\\Component\\Console\\Input\\ArgvInput), Object(Illuminate\\Console\\OutputStyle))
#17 /Users/minpyaesonenyein/projects/skincollection/vendor/laravel/framework/src/Illuminate/Console/Command.php(152): Symfony\\Component\\Console\\Command\\Command->run(Object(Symfony\\Component\\Console\\Input\\ArgvInput), Object(Illuminate\\Console\\OutputStyle))
#18 /Users/minpyaesonenyein/projects/skincollection/vendor/symfony/console/Application.php(1083): Illuminate\\Console\\Command->run(Object(Symfony\\Component\\Console\\Input\\ArgvInput), Object(Symfony\\Component\\Console\\Output\\ConsoleOutput))
#19 /Users/minpyaesonenyein/projects/skincollection/vendor/symfony/console/Application.php(324): Symfony\\Component\\Console\\Application->doRunCommand(Object(App\\Console\\Commands\\ImportOldDatabase), Object(Symfony\\Component\\Console\\Input\\ArgvInput), Object(Symfony\\Component\\Console\\Output\\ConsoleOutput))
#20 /Users/minpyaesonenyein/projects/skincollection/vendor/symfony/console/Application.php(175): Symfony\\Component\\Console\\Application->doRun(Object(Symfony\\Component\\Console\\Input\\ArgvInput), Object(Symfony\\Component\\Console\\Output\\ConsoleOutput))
#21 /Users/minpyaesonenyein/projects/skincollection/vendor/laravel/framework/src/Illuminate/Console/Application.php(102): Symfony\\Component\\Console\\Application->run(Object(Symfony\\Component\\Console\\Input\\ArgvInput), Object(Symfony\\Component\\Console\\Output\\ConsoleOutput))
#22 /Users/minpyaesonenyein/projects/skincollection/vendor/laravel/framework/src/Illuminate/Foundation/Console/Kernel.php(155): Illuminate\\Console\\Application->run(Object(Symfony\\Component\\Console\\Input\\ArgvInput), Object(Symfony\\Component\\Console\\Output\\ConsoleOutput))
#23 /Users/minpyaesonenyein/projects/skincollection/artisan(35): Illuminate\\Foundation\\Console\\Kernel->handle(Object(Symfony\\Component\\Console\\Input\\ArgvInput), Object(Symfony\\Component\\Console\\Output\\ConsoleOutput))
#24 {main}

[previous exception] [object] (PDOException(code: 42S22): SQLSTATE[42S22]: Column not found: 1054 Unknown column 'role_id' in 'field list' at /Users/minpyaesonenyein/projects/skincollection/vendor/laravel/framework/src/Illuminate/Database/Connection.php:566)
[stacktrace]
#0 /Users/minpyaesonenyein/projects/skincollection/vendor/laravel/framework/src/Illuminate/Database/Connection.php(566): PDO->prepare('insert ignore i...')
#1 /Users/minpyaesonenyein/projects/skincollection/vendor/laravel/framework/src/Illuminate/Database/Connection.php(753): Illuminate\\Database\\Connection->{closure:Illuminate\\Database\\Connection::affectingStatement():558}('insert ignore i...', Array)
#2 /Users/minpyaesonenyein/projects/skincollection/vendor/laravel/framework/src/Illuminate/Database/Connection.php(720): Illuminate\\Database\\Connection->runQueryCallback('insert ignore i...', Array, Object(Closure))
#3 /Users/minpyaesonenyein/projects/skincollection/vendor/laravel/framework/src/Illuminate/Database/Connection.php(558): Illuminate\\Database\\Connection->run('insert ignore i...', Array, Object(Closure))
#4 /Users/minpyaesonenyein/projects/skincollection/vendor/laravel/framework/src/Illuminate/Database/Query/Builder.php(3301): Illuminate\\Database\\Connection->affectingStatement('insert ignore i...', Array)
#5 /Users/minpyaesonenyein/projects/skincollection/app/Console/Commands/ImportOldDatabase.php(155): Illuminate\\Database\\Query\\Builder->insertOrIgnore(Array)
#6 /Users/minpyaesonenyein/projects/skincollection/app/Console/Commands/ImportOldDatabase.php(216): App\\Console\\Commands\\ImportOldDatabase->insert('users', Array)
#7 /Users/minpyaesonenyein/projects/skincollection/app/Console/Commands/ImportOldDatabase.php(84): App\\Console\\Commands\\ImportOldDatabase->importUsers()
#8 /Users/minpyaesonenyein/projects/skincollection/vendor/laravel/framework/src/Illuminate/Database/Concerns/ManagesTransactions.php(30): App\\Console\\Commands\\ImportOldDatabase->{closure:App\\Console\\Commands\\ImportOldDatabase::handle():82}(Object(Illuminate\\Database\\MySqlConnection))
#9 /Users/minpyaesonenyein/projects/skincollection/vendor/laravel/framework/src/Illuminate/Database/DatabaseManager.php(469): Illuminate\\Database\\Connection->transaction(Object(Closure))
#10 /Users/minpyaesonenyein/projects/skincollection/vendor/laravel/framework/src/Illuminate/Support/Facades/Facade.php(338): Illuminate\\Database\\DatabaseManager->__call('transaction', Array)
#11 /Users/minpyaesonenyein/projects/skincollection/app/Console/Commands/ImportOldDatabase.php(82): Illuminate\\Support\\Facades\\Facade::__callStatic('transaction', Array)
#12 /Users/minpyaesonenyein/projects/skincollection/vendor/laravel/framework/src/Illuminate/Container/BoundMethod.php(36): App\\Console\\Commands\\ImportOldDatabase->handle()
#13 /Users/minpyaesonenyein/projects/skincollection/vendor/laravel/framework/src/Illuminate/Container/Util.php(41): Illuminate\\Container\\BoundMethod::{closure:Illuminate\\Container\\BoundMethod::call():35}()
#14 /Users/minpyaesonenyein/projects/skincollection/vendor/laravel/framework/src/Illuminate/Container/BoundMethod.php(93): Illuminate\\Container\\Util::unwrapIfClosure(Object(Closure))
#15 /Users/minpyaesonenyein/projects/skincollection/vendor/laravel/framework/src/Illuminate/Container/BoundMethod.php(35): Illuminate\\Container\\BoundMethod::callBoundMethod(Object(Illuminate\\Foundation\\Application), Array, Object(Closure))
#16 /Users/minpyaesonenyein/projects/skincollection/vendor/laravel/framework/src/Illuminate/Container/Container.php(661): Illuminate\\Container\\BoundMethod::call(Object(Illuminate\\Foundation\\Application), Array, Array, NULL)
#17 /Users/minpyaesonenyein/projects/skincollection/vendor/laravel/framework/src/Illuminate/Console/Command.php(183): Illuminate\\Container\\Container->call(Array)
#18 /Users/minpyaesonenyein/projects/skincollection/vendor/symfony/console/Command/Command.php(326): Illuminate\\Console\\Command->execute(Object(Symfony\\Component\\Console\\Input\\ArgvInput), Object(Illuminate\\Console\\OutputStyle))
#19 /Users/minpyaesonenyein/projects/skincollection/vendor/laravel/framework/src/Illuminate/Console/Command.php(152): Symfony\\Component\\Console\\Command\\Command->run(Object(Symfony\\Component\\Console\\Input\\ArgvInput), Object(Illuminate\\Console\\OutputStyle))
#20 /Users/minpyaesonenyein/projects/skincollection/vendor/symfony/console/Application.php(1083): Illuminate\\Console\\Command->run(Object(Symfony\\Component\\Console\\Input\\ArgvInput), Object(Symfony\\Component\\Console\\Output\\ConsoleOutput))
#21 /Users/minpyaesonenyein/projects/skincollection/vendor/symfony/console/Application.php(324): Symfony\\Component\\Console\\Application->doRunCommand(Object(App\\Console\\Commands\\ImportOldDatabase), Object(Symfony\\Component\\Console\\Input\\ArgvInput), Object(Symfony\\Component\\Console\\Output\\ConsoleOutput))
#22 /Users/minpyaesonenyein/projects/skincollection/vendor/symfony/console/Application.php(175): Symfony\\Component\\Console\\Application->doRun(Object(Symfony\\Component\\Console\\Input\\ArgvInput), Object(Symfony\\Component\\Console\\Output\\ConsoleOutput))
#23 /Users/minpyaesonenyein/projects/skincollection/vendor/laravel/framework/src/Illuminate/Console/Application.php(102): Symfony\\Component\\Console\\Application->run(Object(Symfony\\Component\\Console\\Input\\ArgvInput), Object(Symfony\\Component\\Console\\Output\\ConsoleOutput))
#24 /Users/minpyaesonenyein/projects/skincollection/vendor/laravel/framework/src/Illuminate/Foundation/Console/Kernel.php(155): Illuminate\\Console\\Application->run(Object(Symfony\\Component\\Console\\Input\\ArgvInput), Object(Symfony\\Component\\Console\\Output\\ConsoleOutput))
#25 /Users/minpyaesonenyein/projects/skincollection/artisan(35): Illuminate\\Foundation\\Console\\Kernel->handle(Object(Symfony\\Component\\Console\\Input\\ArgvInput), Object(Symfony\\Component\\Console\\Output\\ConsoleOutput))
#26 {main}
"} 
[2026-04-01 10:35:36] local.ERROR: Method App\Console\Commands\ImportOldDatabase::importAppointmentTimes does not exist. {"exception":"[object] (BadMethodCallException(code: 0): Method App\\Console\\Commands\\ImportOldDatabase::importAppointmentTimes does not exist. at /Users/minpyaesonenyein/projects/skincollection/vendor/laravel/framework/src/Illuminate/Macroable/Traits/Macroable.php:113)
[stacktrace]
#0 /Users/minpyaesonenyein/projects/skincollection/app/Console/Commands/ImportOldDatabase.php(86): Illuminate\\Console\\Command->__call('importAppointme...', Array)
#1 /Users/minpyaesonenyein/projects/skincollection/vendor/laravel/framework/src/Illuminate/Database/Concerns/ManagesTransactions.php(30): App\\Console\\Commands\\ImportOldDatabase->{closure:App\\Console\\Commands\\ImportOldDatabase::handle():82}(Object(Illuminate\\Database\\MySqlConnection))
#2 /Users/minpyaesonenyein/projects/skincollection/vendor/laravel/framework/src/Illuminate/Database/DatabaseManager.php(469): Illuminate\\Database\\Connection->transaction(Object(Closure))
#3 /Users/minpyaesonenyein/projects/skincollection/vendor/laravel/framework/src/Illuminate/Support/Facades/Facade.php(338): Illuminate\\Database\\DatabaseManager->__call('transaction', Array)
#4 /Users/minpyaesonenyein/projects/skincollection/app/Console/Commands/ImportOldDatabase.php(82): Illuminate\\Support\\Facades\\Facade::__callStatic('transaction', Array)
#5 /Users/minpyaesonenyein/projects/skincollection/vendor/laravel/framework/src/Illuminate/Container/BoundMethod.php(36): App\\Console\\Commands\\ImportOldDatabase->handle()
#6 /Users/minpyaesonenyein/projects/skincollection/vendor/laravel/framework/src/Illuminate/Container/Util.php(41): Illuminate\\Container\\BoundMethod::{closure:Illuminate\\Container\\BoundMethod::call():35}()
#7 /Users/minpyaesonenyein/projects/skincollection/vendor/laravel/framework/src/Illuminate/Container/BoundMethod.php(93): Illuminate\\Container\\Util::unwrapIfClosure(Object(Closure))
#8 /Users/minpyaesonenyein/projects/skincollection/vendor/laravel/framework/src/Illuminate/Container/BoundMethod.php(35): Illuminate\\Container\\BoundMethod::callBoundMethod(Object(Illuminate\\Foundation\\Application), Array, Object(Closure))
#9 /Users/minpyaesonenyein/projects/skincollection/vendor/laravel/framework/src/Illuminate/Container/Container.php(661): Illuminate\\Container\\BoundMethod::call(Object(Illuminate\\Foundation\\Application), Array, Array, NULL)
#10 /Users/minpyaesonenyein/projects/skincollection/vendor/laravel/framework/src/Illuminate/Console/Command.php(183): Illuminate\\Container\\Container->call(Array)
#11 /Users/minpyaesonenyein/projects/skincollection/vendor/symfony/console/Command/Command.php(326): Illuminate\\Console\\Command->execute(Object(Symfony\\Component\\Console\\Input\\ArgvInput), Object(Illuminate\\Console\\OutputStyle))
#12 /Users/minpyaesonenyein/projects/skincollection/vendor/laravel/framework/src/Illuminate/Console/Command.php(152): Symfony\\Component\\Console\\Command\\Command->run(Object(Symfony\\Component\\Console\\Input\\ArgvInput), Object(Illuminate\\Console\\OutputStyle))
#13 /Users/minpyaesonenyein/projects/skincollection/vendor/symfony/console/Application.php(1083): Illuminate\\Console\\Command->run(Object(Symfony\\Component\\Console\\Input\\ArgvInput), Object(Symfony\\Component\\Console\\Output\\ConsoleOutput))
#14 /Users/minpyaesonenyein/projects/skincollection/vendor/symfony/console/Application.php(324): Symfony\\Component\\Console\\Application->doRunCommand(Object(App\\Console\\Commands\\ImportOldDatabase), Object(Symfony\\Component\\Console\\Input\\ArgvInput), Object(Symfony\\Component\\Console\\Output\\ConsoleOutput))
#15 /Users/minpyaesonenyein/projects/skincollection/vendor/symfony/console/Application.php(175): Symfony\\Component\\Console\\Application->doRun(Object(Symfony\\Component\\Console\\Input\\ArgvInput), Object(Symfony\\Component\\Console\\Output\\ConsoleOutput))
#16 /Users/minpyaesonenyein/projects/skincollection/vendor/laravel/framework/src/Illuminate/Console/Application.php(102): Symfony\\Component\\Console\\Application->run(Object(Symfony\\Component\\Console\\Input\\ArgvInput), Object(Symfony\\Component\\Console\\Output\\ConsoleOutput))
#17 /Users/minpyaesonenyein/projects/skincollection/vendor/laravel/framework/src/Illuminate/Foundation/Console/Kernel.php(155): Illuminate\\Console\\Application->run(Object(Symfony\\Component\\Console\\Input\\ArgvInput), Object(Symfony\\Component\\Console\\Output\\ConsoleOutput))
#18 /Users/minpyaesonenyein/projects/skincollection/artisan(35): Illuminate\\Foundation\\Console\\Kernel->handle(Object(Symfony\\Component\\Console\\Input\\ArgvInput), Object(Symfony\\Component\\Console\\Output\\ConsoleOutput))
#19 {main}
"} 
[2026-04-28 15:58:57] local.ERROR: SQLSTATE[HY000] [2002] Operation timed out (SQL: select * from information_schema.tables where table_schema = skincollection and table_name = migrations and table_type = 'BASE TABLE') {"exception":"[object] (Illuminate\\Database\\QueryException(code: 2002): SQLSTATE[HY000] [2002] Operation timed out (SQL: select * from information_schema.tables where table_schema = skincollection and table_name = migrations and table_type = 'BASE TABLE') at /Users/minpyaesonenyein/projects/skincollection/vendor/laravel/framework/src/Illuminate/Database/Connection.php:760)
[stacktrace]
#0 /Users/minpyaesonenyein/projects/skincollection/vendor/laravel/framework/src/Illuminate/Database/Connection.php(720): Illuminate\\Database\\Connection->runQueryCallback('select * from i...', Array, Object(Closure))
#1 /Users/minpyaesonenyein/projects/skincollection/vendor/laravel/framework/src/Illuminate/Database/Connection.php(405): Illuminate\\Database\\Connection->run('select * from i...', Array, Object(Closure))
#2 /Users/minpyaesonenyein/projects/skincollection/vendor/laravel/framework/src/Illuminate/Database/Connection.php(392): Illuminate\\Database\\Connection->select('select * from i...', Array, false)
#3 /Users/minpyaesonenyein/projects/skincollection/vendor/laravel/framework/src/Illuminate/Database/Schema/MySqlBuilder.php(43): Illuminate\\Database\\Connection->selectFromWriteConnection('select * from i...', Array)
#4 /Users/minpyaesonenyein/projects/skincollection/vendor/laravel/framework/src/Illuminate/Database/Migrations/DatabaseMigrationRepository.php(169): Illuminate\\Database\\Schema\\MySqlBuilder->hasTable('migrations')
#5 /Users/minpyaesonenyein/projects/skincollection/vendor/laravel/framework/src/Illuminate/Database/Migrations/Migrator.php(722): Illuminate\\Database\\Migrations\\DatabaseMigrationRepository->repositoryExists()
#6 /Users/minpyaesonenyein/projects/skincollection/vendor/laravel/framework/src/Illuminate/Database/Console/Migrations/MigrateCommand.php(138): Illuminate\\Database\\Migrations\\Migrator->repositoryExists()
#7 /Users/minpyaesonenyein/projects/skincollection/vendor/laravel/framework/src/Illuminate/Support/helpers.php(260): Illuminate\\Database\\Console\\Migrations\\MigrateCommand->{closure:Illuminate\\Database\\Console\\Migrations\\MigrateCommand::repositoryExists():138}(1)
#8 /Users/minpyaesonenyein/projects/skincollection/vendor/laravel/framework/src/Illuminate/Database/Console/Migrations/MigrateCommand.php(138): retry(1, Object(Closure), 0, Object(Closure))
#9 /Users/minpyaesonenyein/projects/skincollection/vendor/laravel/framework/src/Illuminate/Database/Console/Migrations/MigrateCommand.php(114): Illuminate\\Database\\Console\\Migrations\\MigrateCommand->repositoryExists()
#10 /Users/minpyaesonenyein/projects/skincollection/vendor/laravel/framework/src/Illuminate/Database/Console/Migrations/MigrateCommand.php(82): Illuminate\\Database\\Console\\Migrations\\MigrateCommand->prepareDatabase()
#11 /Users/minpyaesonenyein/projects/skincollection/vendor/laravel/framework/src/Illuminate/Database/Migrations/Migrator.php(636): Illuminate\\Database\\Console\\Migrations\\MigrateCommand->{closure:Illuminate\\Database\\Console\\Migrations\\MigrateCommand::handle():81}()
#12 /Users/minpyaesonenyein/projects/skincollection/vendor/laravel/framework/src/Illuminate/Database/Console/Migrations/MigrateCommand.php(81): Illuminate\\Database\\Migrations\\Migrator->usingConnection(NULL, Object(Closure))
#13 /Users/minpyaesonenyein/projects/skincollection/vendor/laravel/framework/src/Illuminate/Container/BoundMethod.php(36): Illuminate\\Database\\Console\\Migrations\\MigrateCommand->handle()
#14 /Users/minpyaesonenyein/projects/skincollection/vendor/laravel/framework/src/Illuminate/Container/Util.php(41): Illuminate\\Container\\BoundMethod::{closure:Illuminate\\Container\\BoundMethod::call():35}()
#15 /Users/minpyaesonenyein/projects/skincollection/vendor/laravel/framework/src/Illuminate/Container/BoundMethod.php(93): Illuminate\\Container\\Util::unwrapIfClosure(Object(Closure))
#16 /Users/minpyaesonenyein/projects/skincollection/vendor/laravel/framework/src/Illuminate/Container/BoundMethod.php(35): Illuminate\\Container\\BoundMethod::callBoundMethod(Object(Illuminate\\Foundation\\Application), Array, Object(Closure))
#17 /Users/minpyaesonenyein/projects/skincollection/vendor/laravel/framework/src/Illuminate/Container/Container.php(661): Illuminate\\Container\\BoundMethod::call(Object(Illuminate\\Foundation\\Application), Array, Array, NULL)
#18 /Users/minpyaesonenyein/projects/skincollection/vendor/laravel/framework/src/Illuminate/Console/Command.php(183): Illuminate\\Container\\Container->call(Array)
#19 /Users/minpyaesonenyein/projects/skincollection/vendor/symfony/console/Command/Command.php(326): Illuminate\\Console\\Command->execute(Object(Symfony\\Component\\Console\\Input\\ArgvInput), Object(Illuminate\\Console\\OutputStyle))
#20 /Users/minpyaesonenyein/projects/skincollection/vendor/laravel/framework/src/Illuminate/Console/Command.php(152): Symfony\\Component\\Console\\Command\\Command->run(Object(Symfony\\Component\\Console\\Input\\ArgvInput), Object(Illuminate\\Console\\OutputStyle))
#21 /Users/minpyaesonenyein/projects/skincollection/vendor/symfony/console/Application.php(1083): Illuminate\\Console\\Command->run(Object(Symfony\\Component\\Console\\Input\\ArgvInput), Object(Symfony\\Component\\Console\\Output\\ConsoleOutput))
#22 /Users/minpyaesonenyein/projects/skincollection/vendor/symfony/console/Application.php(324): Symfony\\Component\\Console\\Application->doRunCommand(Object(Illuminate\\Database\\Console\\Migrations\\MigrateCommand), Object(Symfony\\Component\\Console\\Input\\ArgvInput), Object(Symfony\\Component\\Console\\Output\\ConsoleOutput))
#23 /Users/minpyaesonenyein/projects/skincollection/vendor/symfony/console/Application.php(175): Symfony\\Component\\Console\\Application->doRun(Object(Symfony\\Component\\Console\\Input\\ArgvInput), Object(Symfony\\Component\\Console\\Output\\ConsoleOutput))
#24 /Users/minpyaesonenyein/projects/skincollection/vendor/laravel/framework/src/Illuminate/Console/Application.php(102): Symfony\\Component\\Console\\Application->run(Object(Symfony\\Component\\Console\\Input\\ArgvInput), Object(Symfony\\Component\\Console\\Output\\ConsoleOutput))
#25 /Users/minpyaesonenyein/projects/skincollection/vendor/laravel/framework/src/Illuminate/Foundation/Console/Kernel.php(155): Illuminate\\Console\\Application->run(Object(Symfony\\Component\\Console\\Input\\ArgvInput), Object(Symfony\\Component\\Console\\Output\\ConsoleOutput))
#26 /Users/minpyaesonenyein/projects/skincollection/artisan(35): Illuminate\\Foundation\\Console\\Kernel->handle(Object(Symfony\\Component\\Console\\Input\\ArgvInput), Object(Symfony\\Component\\Console\\Output\\ConsoleOutput))
#27 {main}

[previous exception] [object] (PDOException(code: 2002): SQLSTATE[HY000] [2002] Operation timed out at /Users/minpyaesonenyein/projects/skincollection/vendor/laravel/framework/src/Illuminate/Database/Connectors/Connector.php:70)
[stacktrace]
#0 /Users/minpyaesonenyein/projects/skincollection/vendor/laravel/framework/src/Illuminate/Database/Connectors/Connector.php(70): PDO->__construct('mysql:host=192....', 'root', Object(SensitiveParameterValue), Array)
#1 /Users/minpyaesonenyein/projects/skincollection/vendor/laravel/framework/src/Illuminate/Database/Connectors/Connector.php(45): Illuminate\\Database\\Connectors\\Connector->createPdoConnection('mysql:host=192....', 'root', '', Array)
#2 /Users/minpyaesonenyein/projects/skincollection/vendor/laravel/framework/src/Illuminate/Database/Connectors/MySqlConnector.php(24): Illuminate\\Database\\Connectors\\Connector->createConnection('mysql:host=192....', Array, Array)
#3 /Users/minpyaesonenyein/projects/skincollection/vendor/laravel/framework/src/Illuminate/Database/Connectors/ConnectionFactory.php(184): Illuminate\\Database\\Connectors\\MySqlConnector->connect(Array)
#4 [internal function]: Illuminate\\Database\\Connectors\\ConnectionFactory->{closure:Illuminate\\Database\\Connectors\\ConnectionFactory::createPdoResolverWithHosts():179}()
#5 /Users/minpyaesonenyein/projects/skincollection/vendor/laravel/framework/src/Illuminate/Database/Connection.php(1181): call_user_func(Object(Closure))
#6 /Users/minpyaesonenyein/projects/skincollection/vendor/laravel/framework/src/Illuminate/Database/Connection.php(486): Illuminate\\Database\\Connection->getPdo()
#7 /Users/minpyaesonenyein/projects/skincollection/vendor/laravel/framework/src/Illuminate/Database/Connection.php(414): Illuminate\\Database\\Connection->getPdoForSelect(false)
#8 /Users/minpyaesonenyein/projects/skincollection/vendor/laravel/framework/src/Illuminate/Database/Connection.php(753): Illuminate\\Database\\Connection->{closure:Illuminate\\Database\\Connection::select():405}('select * from i...', Array)
#9 /Users/minpyaesonenyein/projects/skincollection/vendor/laravel/framework/src/Illuminate/Database/Connection.php(720): Illuminate\\Database\\Connection->runQueryCallback('select * from i...', Array, Object(Closure))
#10 /Users/minpyaesonenyein/projects/skincollection/vendor/laravel/framework/src/Illuminate/Database/Connection.php(405): Illuminate\\Database\\Connection->run('select * from i...', Array, Object(Closure))
#11 /Users/minpyaesonenyein/projects/skincollection/vendor/laravel/framework/src/Illuminate/Database/Connection.php(392): Illuminate\\Database\\Connection->select('select * from i...', Array, false)
#12 /Users/minpyaesonenyein/projects/skincollection/vendor/laravel/framework/src/Illuminate/Database/Schema/MySqlBuilder.php(43): Illuminate\\Database\\Connection->selectFromWriteConnection('select * from i...', Array)
#13 /Users/minpyaesonenyein/projects/skincollection/vendor/laravel/framework/src/Illuminate/Database/Migrations/DatabaseMigrationRepository.php(169): Illuminate\\Database\\Schema\\MySqlBuilder->hasTable('migrations')
#14 /Users/minpyaesonenyein/projects/skincollection/vendor/laravel/framework/src/Illuminate/Database/Migrations/Migrator.php(722): Illuminate\\Database\\Migrations\\DatabaseMigrationRepository->repositoryExists()
#15 /Users/minpyaesonenyein/projects/skincollection/vendor/laravel/framework/src/Illuminate/Database/Console/Migrations/MigrateCommand.php(138): Illuminate\\Database\\Migrations\\Migrator->repositoryExists()
#16 /Users/minpyaesonenyein/projects/skincollection/vendor/laravel/framework/src/Illuminate/Support/helpers.php(260): Illuminate\\Database\\Console\\Migrations\\MigrateCommand->{closure:Illuminate\\Database\\Console\\Migrations\\MigrateCommand::repositoryExists():138}(1)
#17 /Users/minpyaesonenyein/projects/skincollection/vendor/laravel/framework/src/Illuminate/Database/Console/Migrations/MigrateCommand.php(138): retry(1, Object(Closure), 0, Object(Closure))
#18 /Users/minpyaesonenyein/projects/skincollection/vendor/laravel/framework/src/Illuminate/Database/Console/Migrations/MigrateCommand.php(114): Illuminate\\Database\\Console\\Migrations\\MigrateCommand->repositoryExists()
#19 /Users/minpyaesonenyein/projects/skincollection/vendor/laravel/framework/src/Illuminate/Database/Console/Migrations/MigrateCommand.php(82): Illuminate\\Database\\Console\\Migrations\\MigrateCommand->prepareDatabase()
#20 /Users/minpyaesonenyein/projects/skincollection/vendor/laravel/framework/src/Illuminate/Database/Migrations/Migrator.php(636): Illuminate\\Database\\Console\\Migrations\\MigrateCommand->{closure:Illuminate\\Database\\Console\\Migrations\\MigrateCommand::handle():81}()
#21 /Users/minpyaesonenyein/projects/skincollection/vendor/laravel/framework/src/Illuminate/Database/Console/Migrations/MigrateCommand.php(81): Illuminate\\Database\\Migrations\\Migrator->usingConnection(NULL, Object(Closure))
#22 /Users/minpyaesonenyein/projects/skincollection/vendor/laravel/framework/src/Illuminate/Container/BoundMethod.php(36): Illuminate\\Database\\Console\\Migrations\\MigrateCommand->handle()
#23 /Users/minpyaesonenyein/projects/skincollection/vendor/laravel/framework/src/Illuminate/Container/Util.php(41): Illuminate\\Container\\BoundMethod::{closure:Illuminate\\Container\\BoundMethod::call():35}()
#24 /Users/minpyaesonenyein/projects/skincollection/vendor/laravel/framework/src/Illuminate/Container/BoundMethod.php(93): Illuminate\\Container\\Util::unwrapIfClosure(Object(Closure))
#25 /Users/minpyaesonenyein/projects/skincollection/vendor/laravel/framework/src/Illuminate/Container/BoundMethod.php(35): Illuminate\\Container\\BoundMethod::callBoundMethod(Object(Illuminate\\Foundation\\Application), Array, Object(Closure))
#26 /Users/minpyaesonenyein/projects/skincollection/vendor/laravel/framework/src/Illuminate/Container/Container.php(661): Illuminate\\Container\\BoundMethod::call(Object(Illuminate\\Foundation\\Application), Array, Array, NULL)
#27 /Users/minpyaesonenyein/projects/skincollection/vendor/laravel/framework/src/Illuminate/Console/Command.php(183): Illuminate\\Container\\Container->call(Array)
#28 /Users/minpyaesonenyein/projects/skincollection/vendor/symfony/console/Command/Command.php(326): Illuminate\\Console\\Command->execute(Object(Symfony\\Component\\Console\\Input\\ArgvInput), Object(Illuminate\\Console\\OutputStyle))
#29 /Users/minpyaesonenyein/projects/skincollection/vendor/laravel/framework/src/Illuminate/Console/Command.php(152): Symfony\\Component\\Console\\Command\\Command->run(Object(Symfony\\Component\\Console\\Input\\ArgvInput), Object(Illuminate\\Console\\OutputStyle))
#30 /Users/minpyaesonenyein/projects/skincollection/vendor/symfony/console/Application.php(1083): Illuminate\\Console\\Command->run(Object(Symfony\\Component\\Console\\Input\\ArgvInput), Object(Symfony\\Component\\Console\\Output\\ConsoleOutput))
#31 /Users/minpyaesonenyein/projects/skincollection/vendor/symfony/console/Application.php(324): Symfony\\Component\\Console\\Application->doRunCommand(Object(Illuminate\\Database\\Console\\Migrations\\MigrateCommand), Object(Symfony\\Component\\Console\\Input\\ArgvInput), Object(Symfony\\Component\\Console\\Output\\ConsoleOutput))
#32 /Users/minpyaesonenyein/projects/skincollection/vendor/symfony/console/Application.php(175): Symfony\\Component\\Console\\Application->doRun(Object(Symfony\\Component\\Console\\Input\\ArgvInput), Object(Symfony\\Component\\Console\\Output\\ConsoleOutput))
#33 /Users/minpyaesonenyein/projects/skincollection/vendor/laravel/framework/src/Illuminate/Console/Application.php(102): Symfony\\Component\\Console\\Application->run(Object(Symfony\\Component\\Console\\Input\\ArgvInput), Object(Symfony\\Component\\Console\\Output\\ConsoleOutput))
#34 /Users/minpyaesonenyein/projects/skincollection/vendor/laravel/framework/src/Illuminate/Foundation/Console/Kernel.php(155): Illuminate\\Console\\Application->run(Object(Symfony\\Component\\Console\\Input\\ArgvInput), Object(Symfony\\Component\\Console\\Output\\ConsoleOutput))
#35 /Users/minpyaesonenyein/projects/skincollection/artisan(35): Illuminate\\Foundation\\Console\\Kernel->handle(Object(Symfony\\Component\\Console\\Input\\ArgvInput), Object(Symfony\\Component\\Console\\Output\\ConsoleOutput))
#36 {main}
"} 
[2026-04-28 16:00:46] local.ERROR: SQLSTATE[HY000] [2002] Operation timed out (SQL: select * from information_schema.tables where table_schema = skincollection and table_name = migrations and table_type = 'BASE TABLE') {"exception":"[object] (Illuminate\\Database\\QueryException(code: 2002): SQLSTATE[HY000] [2002] Operation timed out (SQL: select * from information_schema.tables where table_schema = skincollection and table_name = migrations and table_type = 'BASE TABLE') at /Users/minpyaesonenyein/projects/skincollection/vendor/laravel/framework/src/Illuminate/Database/Connection.php:760)
[stacktrace]
#0 /Users/minpyaesonenyein/projects/skincollection/vendor/laravel/framework/src/Illuminate/Database/Connection.php(720): Illuminate\\Database\\Connection->runQueryCallback('select * from i...', Array, Object(Closure))
#1 /Users/minpyaesonenyein/projects/skincollection/vendor/laravel/framework/src/Illuminate/Database/Connection.php(405): Illuminate\\Database\\Connection->run('select * from i...', Array, Object(Closure))
#2 /Users/minpyaesonenyein/projects/skincollection/vendor/laravel/framework/src/Illuminate/Database/Connection.php(392): Illuminate\\Database\\Connection->select('select * from i...', Array, false)
#3 /Users/minpyaesonenyein/projects/skincollection/vendor/laravel/framework/src/Illuminate/Database/Schema/MySqlBuilder.php(43): Illuminate\\Database\\Connection->selectFromWriteConnection('select * from i...', Array)
#4 /Users/minpyaesonenyein/projects/skincollection/vendor/laravel/framework/src/Illuminate/Database/Migrations/DatabaseMigrationRepository.php(169): Illuminate\\Database\\Schema\\MySqlBuilder->hasTable('migrations')
#5 /Users/minpyaesonenyein/projects/skincollection/vendor/laravel/framework/src/Illuminate/Database/Migrations/Migrator.php(722): Illuminate\\Database\\Migrations\\DatabaseMigrationRepository->repositoryExists()
#6 /Users/minpyaesonenyein/projects/skincollection/vendor/laravel/framework/src/Illuminate/Database/Console/Migrations/MigrateCommand.php(138): Illuminate\\Database\\Migrations\\Migrator->repositoryExists()
#7 /Users/minpyaesonenyein/projects/skincollection/vendor/laravel/framework/src/Illuminate/Support/helpers.php(260): Illuminate\\Database\\Console\\Migrations\\MigrateCommand->{closure:Illuminate\\Database\\Console\\Migrations\\MigrateCommand::repositoryExists():138}(1)
#8 /Users/minpyaesonenyein/projects/skincollection/vendor/laravel/framework/src/Illuminate/Database/Console/Migrations/MigrateCommand.php(138): retry(1, Object(Closure), 0, Object(Closure))
#9 /Users/minpyaesonenyein/projects/skincollection/vendor/laravel/framework/src/Illuminate/Database/Console/Migrations/MigrateCommand.php(114): Illuminate\\Database\\Console\\Migrations\\MigrateCommand->repositoryExists()
#10 /Users/minpyaesonenyein/projects/skincollection/vendor/laravel/framework/src/Illuminate/Database/Console/Migrations/MigrateCommand.php(82): Illuminate\\Database\\Console\\Migrations\\MigrateCommand->prepareDatabase()
#11 /Users/minpyaesonenyein/projects/skincollection/vendor/laravel/framework/src/Illuminate/Database/Migrations/Migrator.php(636): Illuminate\\Database\\Console\\Migrations\\MigrateCommand->{closure:Illuminate\\Database\\Console\\Migrations\\MigrateCommand::handle():81}()
#12 /Users/minpyaesonenyein/projects/skincollection/vendor/laravel/framework/src/Illuminate/Database/Console/Migrations/MigrateCommand.php(81): Illuminate\\Database\\Migrations\\Migrator->usingConnection(NULL, Object(Closure))
#13 /Users/minpyaesonenyein/projects/skincollection/vendor/laravel/framework/src/Illuminate/Container/BoundMethod.php(36): Illuminate\\Database\\Console\\Migrations\\MigrateCommand->handle()
#14 /Users/minpyaesonenyein/projects/skincollection/vendor/laravel/framework/src/Illuminate/Container/Util.php(41): Illuminate\\Container\\BoundMethod::{closure:Illuminate\\Container\\BoundMethod::call():35}()
#15 /Users/minpyaesonenyein/projects/skincollection/vendor/laravel/framework/src/Illuminate/Container/BoundMethod.php(93): Illuminate\\Container\\Util::unwrapIfClosure(Object(Closure))
#16 /Users/minpyaesonenyein/projects/skincollection/vendor/laravel/framework/src/Illuminate/Container/BoundMethod.php(35): Illuminate\\Container\\BoundMethod::callBoundMethod(Object(Illuminate\\Foundation\\Application), Array, Object(Closure))
#17 /Users/minpyaesonenyein/projects/skincollection/vendor/laravel/framework/src/Illuminate/Container/Container.php(661): Illuminate\\Container\\BoundMethod::call(Object(Illuminate\\Foundation\\Application), Array, Array, NULL)
#18 /Users/minpyaesonenyein/projects/skincollection/vendor/laravel/framework/src/Illuminate/Console/Command.php(183): Illuminate\\Container\\Container->call(Array)
#19 /Users/minpyaesonenyein/projects/skincollection/vendor/symfony/console/Command/Command.php(326): Illuminate\\Console\\Command->execute(Object(Symfony\\Component\\Console\\Input\\ArgvInput), Object(Illuminate\\Console\\OutputStyle))
#20 /Users/minpyaesonenyein/projects/skincollection/vendor/laravel/framework/src/Illuminate/Console/Command.php(152): Symfony\\Component\\Console\\Command\\Command->run(Object(Symfony\\Component\\Console\\Input\\ArgvInput), Object(Illuminate\\Console\\OutputStyle))
#21 /Users/minpyaesonenyein/projects/skincollection/vendor/symfony/console/Application.php(1083): Illuminate\\Console\\Command->run(Object(Symfony\\Component\\Console\\Input\\ArgvInput), Object(Symfony\\Component\\Console\\Output\\ConsoleOutput))
#22 /Users/minpyaesonenyein/projects/skincollection/vendor/symfony/console/Application.php(324): Symfony\\Component\\Console\\Application->doRunCommand(Object(Illuminate\\Database\\Console\\Migrations\\MigrateCommand), Object(Symfony\\Component\\Console\\Input\\ArgvInput), Object(Symfony\\Component\\Console\\Output\\ConsoleOutput))
#23 /Users/minpyaesonenyein/projects/skincollection/vendor/symfony/console/Application.php(175): Symfony\\Component\\Console\\Application->doRun(Object(Symfony\\Component\\Console\\Input\\ArgvInput), Object(Symfony\\Component\\Console\\Output\\ConsoleOutput))
#24 /Users/minpyaesonenyein/projects/skincollection/vendor/laravel/framework/src/Illuminate/Console/Application.php(102): Symfony\\Component\\Console\\Application->run(Object(Symfony\\Component\\Console\\Input\\ArgvInput), Object(Symfony\\Component\\Console\\Output\\ConsoleOutput))
#25 /Users/minpyaesonenyein/projects/skincollection/vendor/laravel/framework/src/Illuminate/Foundation/Console/Kernel.php(155): Illuminate\\Console\\Application->run(Object(Symfony\\Component\\Console\\Input\\ArgvInput), Object(Symfony\\Component\\Console\\Output\\ConsoleOutput))
#26 /Users/minpyaesonenyein/projects/skincollection/artisan(35): Illuminate\\Foundation\\Console\\Kernel->handle(Object(Symfony\\Component\\Console\\Input\\ArgvInput), Object(Symfony\\Component\\Console\\Output\\ConsoleOutput))
#27 {main}

[previous exception] [object] (PDOException(code: 2002): SQLSTATE[HY000] [2002] Operation timed out at /Users/minpyaesonenyein/projects/skincollection/vendor/laravel/framework/src/Illuminate/Database/Connectors/Connector.php:70)
[stacktrace]
#0 /Users/minpyaesonenyein/projects/skincollection/vendor/laravel/framework/src/Illuminate/Database/Connectors/Connector.php(70): PDO->__construct('mysql:host=192....', 'root', Object(SensitiveParameterValue), Array)
#1 /Users/minpyaesonenyein/projects/skincollection/vendor/laravel/framework/src/Illuminate/Database/Connectors/Connector.php(45): Illuminate\\Database\\Connectors\\Connector->createPdoConnection('mysql:host=192....', 'root', '', Array)
#2 /Users/minpyaesonenyein/projects/skincollection/vendor/laravel/framework/src/Illuminate/Database/Connectors/MySqlConnector.php(24): Illuminate\\Database\\Connectors\\Connector->createConnection('mysql:host=192....', Array, Array)
#3 /Users/minpyaesonenyein/projects/skincollection/vendor/laravel/framework/src/Illuminate/Database/Connectors/ConnectionFactory.php(184): Illuminate\\Database\\Connectors\\MySqlConnector->connect(Array)
#4 [internal function]: Illuminate\\Database\\Connectors\\ConnectionFactory->{closure:Illuminate\\Database\\Connectors\\ConnectionFactory::createPdoResolverWithHosts():179}()
#5 /Users/minpyaesonenyein/projects/skincollection/vendor/laravel/framework/src/Illuminate/Database/Connection.php(1181): call_user_func(Object(Closure))
#6 /Users/minpyaesonenyein/projects/skincollection/vendor/laravel/framework/src/Illuminate/Database/Connection.php(486): Illuminate\\Database\\Connection->getPdo()
#7 /Users/minpyaesonenyein/projects/skincollection/vendor/laravel/framework/src/Illuminate/Database/Connection.php(414): Illuminate\\Database\\Connection->getPdoForSelect(false)
#8 /Users/minpyaesonenyein/projects/skincollection/vendor/laravel/framework/src/Illuminate/Database/Connection.php(753): Illuminate\\Database\\Connection->{closure:Illuminate\\Database\\Connection::select():405}('select * from i...', Array)
#9 /Users/minpyaesonenyein/projects/skincollection/vendor/laravel/framework/src/Illuminate/Database/Connection.php(720): Illuminate\\Database\\Connection->runQueryCallback('select * from i...', Array, Object(Closure))
#10 /Users/minpyaesonenyein/projects/skincollection/vendor/laravel/framework/src/Illuminate/Database/Connection.php(405): Illuminate\\Database\\Connection->run('select * from i...', Array, Object(Closure))
#11 /Users/minpyaesonenyein/projects/skincollection/vendor/laravel/framework/src/Illuminate/Database/Connection.php(392): Illuminate\\Database\\Connection->select('select * from i...', Array, false)
#12 /Users/minpyaesonenyein/projects/skincollection/vendor/laravel/framework/src/Illuminate/Database/Schema/MySqlBuilder.php(43): Illuminate\\Database\\Connection->selectFromWriteConnection('select * from i...', Array)
#13 /Users/minpyaesonenyein/projects/skincollection/vendor/laravel/framework/src/Illuminate/Database/Migrations/DatabaseMigrationRepository.php(169): Illuminate\\Database\\Schema\\MySqlBuilder->hasTable('migrations')
#14 /Users/minpyaesonenyein/projects/skincollection/vendor/laravel/framework/src/Illuminate/Database/Migrations/Migrator.php(722): Illuminate\\Database\\Migrations\\DatabaseMigrationRepository->repositoryExists()
#15 /Users/minpyaesonenyein/projects/skincollection/vendor/laravel/framework/src/Illuminate/Database/Console/Migrations/MigrateCommand.php(138): Illuminate\\Database\\Migrations\\Migrator->repositoryExists()
#16 /Users/minpyaesonenyein/projects/skincollection/vendor/laravel/framework/src/Illuminate/Support/helpers.php(260): Illuminate\\Database\\Console\\Migrations\\MigrateCommand->{closure:Illuminate\\Database\\Console\\Migrations\\MigrateCommand::repositoryExists():138}(1)
#17 /Users/minpyaesonenyein/projects/skincollection/vendor/laravel/framework/src/Illuminate/Database/Console/Migrations/MigrateCommand.php(138): retry(1, Object(Closure), 0, Object(Closure))
#18 /Users/minpyaesonenyein/projects/skincollection/vendor/laravel/framework/src/Illuminate/Database/Console/Migrations/MigrateCommand.php(114): Illuminate\\Database\\Console\\Migrations\\MigrateCommand->repositoryExists()
#19 /Users/minpyaesonenyein/projects/skincollection/vendor/laravel/framework/src/Illuminate/Database/Console/Migrations/MigrateCommand.php(82): Illuminate\\Database\\Console\\Migrations\\MigrateCommand->prepareDatabase()
#20 /Users/minpyaesonenyein/projects/skincollection/vendor/laravel/framework/src/Illuminate/Database/Migrations/Migrator.php(636): Illuminate\\Database\\Console\\Migrations\\MigrateCommand->{closure:Illuminate\\Database\\Console\\Migrations\\MigrateCommand::handle():81}()
#21 /Users/minpyaesonenyein/projects/skincollection/vendor/laravel/framework/src/Illuminate/Database/Console/Migrations/MigrateCommand.php(81): Illuminate\\Database\\Migrations\\Migrator->usingConnection(NULL, Object(Closure))
#22 /Users/minpyaesonenyein/projects/skincollection/vendor/laravel/framework/src/Illuminate/Container/BoundMethod.php(36): Illuminate\\Database\\Console\\Migrations\\MigrateCommand->handle()
#23 /Users/minpyaesonenyein/projects/skincollection/vendor/laravel/framework/src/Illuminate/Container/Util.php(41): Illuminate\\Container\\BoundMethod::{closure:Illuminate\\Container\\BoundMethod::call():35}()
#24 /Users/minpyaesonenyein/projects/skincollection/vendor/laravel/framework/src/Illuminate/Container/BoundMethod.php(93): Illuminate\\Container\\Util::unwrapIfClosure(Object(Closure))
#25 /Users/minpyaesonenyein/projects/skincollection/vendor/laravel/framework/src/Illuminate/Container/BoundMethod.php(35): Illuminate\\Container\\BoundMethod::callBoundMethod(Object(Illuminate\\Foundation\\Application), Array, Object(Closure))
#26 /Users/minpyaesonenyein/projects/skincollection/vendor/laravel/framework/src/Illuminate/Container/Container.php(661): Illuminate\\Container\\BoundMethod::call(Object(Illuminate\\Foundation\\Application), Array, Array, NULL)
#27 /Users/minpyaesonenyein/projects/skincollection/vendor/laravel/framework/src/Illuminate/Console/Command.php(183): Illuminate\\Container\\Container->call(Array)
#28 /Users/minpyaesonenyein/projects/skincollection/vendor/symfony/console/Command/Command.php(326): Illuminate\\Console\\Command->execute(Object(Symfony\\Component\\Console\\Input\\ArgvInput), Object(Illuminate\\Console\\OutputStyle))
#29 /Users/minpyaesonenyein/projects/skincollection/vendor/laravel/framework/src/Illuminate/Console/Command.php(152): Symfony\\Component\\Console\\Command\\Command->run(Object(Symfony\\Component\\Console\\Input\\ArgvInput), Object(Illuminate\\Console\\OutputStyle))
#30 /Users/minpyaesonenyein/projects/skincollection/vendor/symfony/console/Application.php(1083): Illuminate\\Console\\Command->run(Object(Symfony\\Component\\Console\\Input\\ArgvInput), Object(Symfony\\Component\\Console\\Output\\ConsoleOutput))
#31 /Users/minpyaesonenyein/projects/skincollection/vendor/symfony/console/Application.php(324): Symfony\\Component\\Console\\Application->doRunCommand(Object(Illuminate\\Database\\Console\\Migrations\\MigrateCommand), Object(Symfony\\Component\\Console\\Input\\ArgvInput), Object(Symfony\\Component\\Console\\Output\\ConsoleOutput))
#32 /Users/minpyaesonenyein/projects/skincollection/vendor/symfony/console/Application.php(175): Symfony\\Component\\Console\\Application->doRun(Object(Symfony\\Component\\Console\\Input\\ArgvInput), Object(Symfony\\Component\\Console\\Output\\ConsoleOutput))
#33 /Users/minpyaesonenyein/projects/skincollection/vendor/laravel/framework/src/Illuminate/Console/Application.php(102): Symfony\\Component\\Console\\Application->run(Object(Symfony\\Component\\Console\\Input\\ArgvInput), Object(Symfony\\Component\\Console\\Output\\ConsoleOutput))
#34 /Users/minpyaesonenyein/projects/skincollection/vendor/laravel/framework/src/Illuminate/Foundation/Console/Kernel.php(155): Illuminate\\Console\\Application->run(Object(Symfony\\Component\\Console\\Input\\ArgvInput), Object(Symfony\\Component\\Console\\Output\\ConsoleOutput))
#35 /Users/minpyaesonenyein/projects/skincollection/artisan(35): Illuminate\\Foundation\\Console\\Kernel->handle(Object(Symfony\\Component\\Console\\Input\\ArgvInput), Object(Symfony\\Component\\Console\\Output\\ConsoleOutput))
#36 {main}
"} 
[2026-04-28 16:18:37] local.ERROR: SQLSTATE[42S01]: Base table or view already exists: 1050 Table 'patients' already exists (SQL: create table `patients` (`id` bigint unsigned not null auto_increment primary key, `first_name` varchar(255) not null, `last_name` varchar(255) null, `email` varchar(255) null, `phone` varchar(255) null, `gender` varchar(255) not null, `age` int null, `address` text null, `weight` decimal(5, 2) null, `feet` int null, `inches` int null, `BMI` decimal(5, 2) null, `disease` text null, `photo` json null, `token` varchar(255) not null, `created_at` timestamp null, `updated_at` timestamp null) default character set utf8mb4 collate 'utf8mb4_unicode_ci') {"exception":"[object] (Illuminate\\Database\\QueryException(code: 42S01): SQLSTATE[42S01]: Base table or view already exists: 1050 Table 'patients' already exists (SQL: create table `patients` (`id` bigint unsigned not null auto_increment primary key, `first_name` varchar(255) not null, `last_name` varchar(255) null, `email` varchar(255) null, `phone` varchar(255) null, `gender` varchar(255) not null, `age` int null, `address` text null, `weight` decimal(5, 2) null, `feet` int null, `inches` int null, `BMI` decimal(5, 2) null, `disease` text null, `photo` json null, `token` varchar(255) not null, `created_at` timestamp null, `updated_at` timestamp null) default character set utf8mb4 collate 'utf8mb4_unicode_ci') at /Users/minpyaesonenyein/projects/skincollection/vendor/laravel/framework/src/Illuminate/Database/Connection.php:760)
[stacktrace]
#0 /Users/minpyaesonenyein/projects/skincollection/vendor/laravel/framework/src/Illuminate/Database/Connection.php(720): Illuminate\\Database\\Connection->runQueryCallback('create table `p...', Array, Object(Closure))
#1 /Users/minpyaesonenyein/projects/skincollection/vendor/laravel/framework/src/Illuminate/Database/Connection.php(534): Illuminate\\Database\\Connection->run('create table `p...', Array, Object(Closure))
#2 /Users/minpyaesonenyein/projects/skincollection/vendor/laravel/framework/src/Illuminate/Database/Schema/Blueprint.php(109): Illuminate\\Database\\Connection->statement('create table `p...')
#3 /Users/minpyaesonenyein/projects/skincollection/vendor/laravel/framework/src/Illuminate/Database/Schema/Builder.php(439): Illuminate\\Database\\Schema\\Blueprint->build(Object(Illuminate\\Database\\MySqlConnection), Object(Illuminate\\Database\\Schema\\Grammars\\MySqlGrammar))
#4 /Users/minpyaesonenyein/projects/skincollection/vendor/laravel/framework/src/Illuminate/Database/Schema/Builder.php(281): Illuminate\\Database\\Schema\\Builder->build(Object(Illuminate\\Database\\Schema\\Blueprint))
#5 /Users/minpyaesonenyein/projects/skincollection/vendor/laravel/framework/src/Illuminate/Support/Facades/Facade.php(338): Illuminate\\Database\\Schema\\Builder->create('patients', Object(Closure))
#6 /Users/minpyaesonenyein/projects/skincollection/database/migrations/2023_10_25_000000_create_patients_table.php(16): Illuminate\\Support\\Facades\\Facade::__callStatic('create', Array)
#7 /Users/minpyaesonenyein/projects/skincollection/vendor/laravel/framework/src/Illuminate/Database/Migrations/Migrator.php(496): Illuminate\\Database\\Migrations\\Migration@anonymous->up()
#8 /Users/minpyaesonenyein/projects/skincollection/vendor/laravel/framework/src/Illuminate/Database/Migrations/Migrator.php(414): Illuminate\\Database\\Migrations\\Migrator->runMethod(Object(Illuminate\\Database\\MySqlConnection), Object(Illuminate\\Database\\Migrations\\Migration@anonymous), 'up')
#9 /Users/minpyaesonenyein/projects/skincollection/vendor/laravel/framework/src/Illuminate/Database/Migrations/Migrator.php(423): Illuminate\\Database\\Migrations\\Migrator->{closure:Illuminate\\Database\\Migrations\\Migrator::runMigration():410}()
#10 /Users/minpyaesonenyein/projects/skincollection/vendor/laravel/framework/src/Illuminate/Database/Migrations/Migrator.php(224): Illuminate\\Database\\Migrations\\Migrator->runMigration(Object(Illuminate\\Database\\Migrations\\Migration@anonymous), 'up')
#11 /Users/minpyaesonenyein/projects/skincollection/vendor/laravel/framework/src/Illuminate/Console/View/Components/Task.php(37): Illuminate\\Database\\Migrations\\Migrator->{closure:Illuminate\\Database\\Migrations\\Migrator::runUp():224}()
#12 /Users/minpyaesonenyein/projects/skincollection/vendor/laravel/framework/src/Illuminate/Database/Migrations/Migrator.php(778): Illuminate\\Console\\View\\Components\\Task->render('2023_10_25_0000...', Object(Closure))
#13 /Users/minpyaesonenyein/projects/skincollection/vendor/laravel/framework/src/Illuminate/Database/Migrations/Migrator.php(224): Illuminate\\Database\\Migrations\\Migrator->write('Illuminate\\\\Cons...', '2023_10_25_0000...', Object(Closure))
#14 /Users/minpyaesonenyein/projects/skincollection/vendor/laravel/framework/src/Illuminate/Database/Migrations/Migrator.php(189): Illuminate\\Database\\Migrations\\Migrator->runUp('/Users/minpyaes...', 2, false)
#15 /Users/minpyaesonenyein/projects/skincollection/vendor/laravel/framework/src/Illuminate/Database/Migrations/Migrator.php(132): Illuminate\\Database\\Migrations\\Migrator->runPending(Array, Array)
#16 /Users/minpyaesonenyein/projects/skincollection/vendor/laravel/framework/src/Illuminate/Database/Console/Migrations/MigrateCommand.php(88): Illuminate\\Database\\Migrations\\Migrator->run(Array, Array)
#17 /Users/minpyaesonenyein/projects/skincollection/vendor/laravel/framework/src/Illuminate/Database/Migrations/Migrator.php(636): Illuminate\\Database\\Console\\Migrations\\MigrateCommand->{closure:Illuminate\\Database\\Console\\Migrations\\MigrateCommand::handle():81}()
#18 /Users/minpyaesonenyein/projects/skincollection/vendor/laravel/framework/src/Illuminate/Database/Console/Migrations/MigrateCommand.php(81): Illuminate\\Database\\Migrations\\Migrator->usingConnection(NULL, Object(Closure))
#19 /Users/minpyaesonenyein/projects/skincollection/vendor/laravel/framework/src/Illuminate/Container/BoundMethod.php(36): Illuminate\\Database\\Console\\Migrations\\MigrateCommand->handle()
#20 /Users/minpyaesonenyein/projects/skincollection/vendor/laravel/framework/src/Illuminate/Container/Util.php(41): Illuminate\\Container\\BoundMethod::{closure:Illuminate\\Container\\BoundMethod::call():35}()
#21 /Users/minpyaesonenyein/projects/skincollection/vendor/laravel/framework/src/Illuminate/Container/BoundMethod.php(93): Illuminate\\Container\\Util::unwrapIfClosure(Object(Closure))
#22 /Users/minpyaesonenyein/projects/skincollection/vendor/laravel/framework/src/Illuminate/Container/BoundMethod.php(35): Illuminate\\Container\\BoundMethod::callBoundMethod(Object(Illuminate\\Foundation\\Application), Array, Object(Closure))
#23 /Users/minpyaesonenyein/projects/skincollection/vendor/laravel/framework/src/Illuminate/Container/Container.php(661): Illuminate\\Container\\BoundMethod::call(Object(Illuminate\\Foundation\\Application), Array, Array, NULL)
#24 /Users/minpyaesonenyein/projects/skincollection/vendor/laravel/framework/src/Illuminate/Console/Command.php(183): Illuminate\\Container\\Container->call(Array)
#25 /Users/minpyaesonenyein/projects/skincollection/vendor/symfony/console/Command/Command.php(326): Illuminate\\Console\\Command->execute(Object(Symfony\\Component\\Console\\Input\\ArgvInput), Object(Illuminate\\Console\\OutputStyle))
#26 /Users/minpyaesonenyein/projects/skincollection/vendor/laravel/framework/src/Illuminate/Console/Command.php(152): Symfony\\Component\\Console\\Command\\Command->run(Object(Symfony\\Component\\Console\\Input\\ArgvInput), Object(Illuminate\\Console\\OutputStyle))
#27 /Users/minpyaesonenyein/projects/skincollection/vendor/symfony/console/Application.php(1083): Illuminate\\Console\\Command->run(Object(Symfony\\Component\\Console\\Input\\ArgvInput), Object(Symfony\\Component\\Console\\Output\\ConsoleOutput))
#28 /Users/minpyaesonenyein/projects/skincollection/vendor/symfony/console/Application.php(324): Symfony\\Component\\Console\\Application->doRunCommand(Object(Illuminate\\Database\\Console\\Migrations\\MigrateCommand), Object(Symfony\\Component\\Console\\Input\\ArgvInput), Object(Symfony\\Component\\Console\\Output\\ConsoleOutput))
#29 /Users/minpyaesonenyein/projects/skincollection/vendor/symfony/console/Application.php(175): Symfony\\Component\\Console\\Application->doRun(Object(Symfony\\Component\\Console\\Input\\ArgvInput), Object(Symfony\\Component\\Console\\Output\\ConsoleOutput))
#30 /Users/minpyaesonenyein/projects/skincollection/vendor/laravel/framework/src/Illuminate/Console/Application.php(102): Symfony\\Component\\Console\\Application->run(Object(Symfony\\Component\\Console\\Input\\ArgvInput), Object(Symfony\\Component\\Console\\Output\\ConsoleOutput))
#31 /Users/minpyaesonenyein/projects/skincollection/vendor/laravel/framework/src/Illuminate/Foundation/Console/Kernel.php(155): Illuminate\\Console\\Application->run(Object(Symfony\\Component\\Console\\Input\\ArgvInput), Object(Symfony\\Component\\Console\\Output\\ConsoleOutput))
#32 /Users/minpyaesonenyein/projects/skincollection/artisan(35): Illuminate\\Foundation\\Console\\Kernel->handle(Object(Symfony\\Component\\Console\\Input\\ArgvInput), Object(Symfony\\Component\\Console\\Output\\ConsoleOutput))
#33 {main}

[previous exception] [object] (PDOException(code: 42S01): SQLSTATE[42S01]: Base table or view already exists: 1050 Table 'patients' already exists at /Users/minpyaesonenyein/projects/skincollection/vendor/laravel/framework/src/Illuminate/Database/Connection.php:545)
[stacktrace]
#0 /Users/minpyaesonenyein/projects/skincollection/vendor/laravel/framework/src/Illuminate/Database/Connection.php(545): PDOStatement->execute()
#1 /Users/minpyaesonenyein/projects/skincollection/vendor/laravel/framework/src/Illuminate/Database/Connection.php(753): Illuminate\\Database\\Connection->{closure:Illuminate\\Database\\Connection::statement():534}('create table `p...', Array)
#2 /Users/minpyaesonenyein/projects/skincollection/vendor/laravel/framework/src/Illuminate/Database/Connection.php(720): Illuminate\\Database\\Connection->runQueryCallback('create table `p...', Array, Object(Closure))
#3 /Users/minpyaesonenyein/projects/skincollection/vendor/laravel/framework/src/Illuminate/Database/Connection.php(534): Illuminate\\Database\\Connection->run('create table `p...', Array, Object(Closure))
#4 /Users/minpyaesonenyein/projects/skincollection/vendor/laravel/framework/src/Illuminate/Database/Schema/Blueprint.php(109): Illuminate\\Database\\Connection->statement('create table `p...')
#5 /Users/minpyaesonenyein/projects/skincollection/vendor/laravel/framework/src/Illuminate/Database/Schema/Builder.php(439): Illuminate\\Database\\Schema\\Blueprint->build(Object(Illuminate\\Database\\MySqlConnection), Object(Illuminate\\Database\\Schema\\Grammars\\MySqlGrammar))
#6 /Users/minpyaesonenyein/projects/skincollection/vendor/laravel/framework/src/Illuminate/Database/Schema/Builder.php(281): Illuminate\\Database\\Schema\\Builder->build(Object(Illuminate\\Database\\Schema\\Blueprint))
#7 /Users/minpyaesonenyein/projects/skincollection/vendor/laravel/framework/src/Illuminate/Support/Facades/Facade.php(338): Illuminate\\Database\\Schema\\Builder->create('patients', Object(Closure))
#8 /Users/minpyaesonenyein/projects/skincollection/database/migrations/2023_10_25_000000_create_patients_table.php(16): Illuminate\\Support\\Facades\\Facade::__callStatic('create', Array)
#9 /Users/minpyaesonenyein/projects/skincollection/vendor/laravel/framework/src/Illuminate/Database/Migrations/Migrator.php(496): Illuminate\\Database\\Migrations\\Migration@anonymous->up()
#10 /Users/minpyaesonenyein/projects/skincollection/vendor/laravel/framework/src/Illuminate/Database/Migrations/Migrator.php(414): Illuminate\\Database\\Migrations\\Migrator->runMethod(Object(Illuminate\\Database\\MySqlConnection), Object(Illuminate\\Database\\Migrations\\Migration@anonymous), 'up')
#11 /Users/minpyaesonenyein/projects/skincollection/vendor/laravel/framework/src/Illuminate/Database/Migrations/Migrator.php(423): Illuminate\\Database\\Migrations\\Migrator->{closure:Illuminate\\Database\\Migrations\\Migrator::runMigration():410}()
#12 /Users/minpyaesonenyein/projects/skincollection/vendor/laravel/framework/src/Illuminate/Database/Migrations/Migrator.php(224): Illuminate\\Database\\Migrations\\Migrator->runMigration(Object(Illuminate\\Database\\Migrations\\Migration@anonymous), 'up')
#13 /Users/minpyaesonenyein/projects/skincollection/vendor/laravel/framework/src/Illuminate/Console/View/Components/Task.php(37): Illuminate\\Database\\Migrations\\Migrator->{closure:Illuminate\\Database\\Migrations\\Migrator::runUp():224}()
#14 /Users/minpyaesonenyein/projects/skincollection/vendor/laravel/framework/src/Illuminate/Database/Migrations/Migrator.php(778): Illuminate\\Console\\View\\Components\\Task->render('2023_10_25_0000...', Object(Closure))
#15 /Users/minpyaesonenyein/projects/skincollection/vendor/laravel/framework/src/Illuminate/Database/Migrations/Migrator.php(224): Illuminate\\Database\\Migrations\\Migrator->write('Illuminate\\\\Cons...', '2023_10_25_0000...', Object(Closure))
#16 /Users/minpyaesonenyein/projects/skincollection/vendor/laravel/framework/src/Illuminate/Database/Migrations/Migrator.php(189): Illuminate\\Database\\Migrations\\Migrator->runUp('/Users/minpyaes...', 2, false)
#17 /Users/minpyaesonenyein/projects/skincollection/vendor/laravel/framework/src/Illuminate/Database/Migrations/Migrator.php(132): Illuminate\\Database\\Migrations\\Migrator->runPending(Array, Array)
#18 /Users/minpyaesonenyein/projects/skincollection/vendor/laravel/framework/src/Illuminate/Database/Console/Migrations/MigrateCommand.php(88): Illuminate\\Database\\Migrations\\Migrator->run(Array, Array)
#19 /Users/minpyaesonenyein/projects/skincollection/vendor/laravel/framework/src/Illuminate/Database/Migrations/Migrator.php(636): Illuminate\\Database\\Console\\Migrations\\MigrateCommand->{closure:Illuminate\\Database\\Console\\Migrations\\MigrateCommand::handle():81}()
#20 /Users/minpyaesonenyein/projects/skincollection/vendor/laravel/framework/src/Illuminate/Database/Console/Migrations/MigrateCommand.php(81): Illuminate\\Database\\Migrations\\Migrator->usingConnection(NULL, Object(Closure))
#21 /Users/minpyaesonenyein/projects/skincollection/vendor/laravel/framework/src/Illuminate/Container/BoundMethod.php(36): Illuminate\\Database\\Console\\Migrations\\MigrateCommand->handle()
#22 /Users/minpyaesonenyein/projects/skincollection/vendor/laravel/framework/src/Illuminate/Container/Util.php(41): Illuminate\\Container\\BoundMethod::{closure:Illuminate\\Container\\BoundMethod::call():35}()
#23 /Users/minpyaesonenyein/projects/skincollection/vendor/laravel/framework/src/Illuminate/Container/BoundMethod.php(93): Illuminate\\Container\\Util::unwrapIfClosure(Object(Closure))
#24 /Users/minpyaesonenyein/projects/skincollection/vendor/laravel/framework/src/Illuminate/Container/BoundMethod.php(35): Illuminate\\Container\\BoundMethod::callBoundMethod(Object(Illuminate\\Foundation\\Application), Array, Object(Closure))
#25 /Users/minpyaesonenyein/projects/skincollection/vendor/laravel/framework/src/Illuminate/Container/Container.php(661): Illuminate\\Container\\BoundMethod::call(Object(Illuminate\\Foundation\\Application), Array, Array, NULL)
#26 /Users/minpyaesonenyein/projects/skincollection/vendor/laravel/framework/src/Illuminate/Console/Command.php(183): Illuminate\\Container\\Container->call(Array)
#27 /Users/minpyaesonenyein/projects/skincollection/vendor/symfony/console/Command/Command.php(326): Illuminate\\Console\\Command->execute(Object(Symfony\\Component\\Console\\Input\\ArgvInput), Object(Illuminate\\Console\\OutputStyle))
#28 /Users/minpyaesonenyein/projects/skincollection/vendor/laravel/framework/src/Illuminate/Console/Command.php(152): Symfony\\Component\\Console\\Command\\Command->run(Object(Symfony\\Component\\Console\\Input\\ArgvInput), Object(Illuminate\\Console\\OutputStyle))
#29 /Users/minpyaesonenyein/projects/skincollection/vendor/symfony/console/Application.php(1083): Illuminate\\Console\\Command->run(Object(Symfony\\Component\\Console\\Input\\ArgvInput), Object(Symfony\\Component\\Console\\Output\\ConsoleOutput))
#30 /Users/minpyaesonenyein/projects/skincollection/vendor/symfony/console/Application.php(324): Symfony\\Component\\Console\\Application->doRunCommand(Object(Illuminate\\Database\\Console\\Migrations\\MigrateCommand), Object(Symfony\\Component\\Console\\Input\\ArgvInput), Object(Symfony\\Component\\Console\\Output\\ConsoleOutput))
#31 /Users/minpyaesonenyein/projects/skincollection/vendor/symfony/console/Application.php(175): Symfony\\Component\\Console\\Application->doRun(Object(Symfony\\Component\\Console\\Input\\ArgvInput), Object(Symfony\\Component\\Console\\Output\\ConsoleOutput))
#32 /Users/minpyaesonenyein/projects/skincollection/vendor/laravel/framework/src/Illuminate/Console/Application.php(102): Symfony\\Component\\Console\\Application->run(Object(Symfony\\Component\\Console\\Input\\ArgvInput), Object(Symfony\\Component\\Console\\Output\\ConsoleOutput))
#33 /Users/minpyaesonenyein/projects/skincollection/vendor/laravel/framework/src/Illuminate/Foundation/Console/Kernel.php(155): Illuminate\\Console\\Application->run(Object(Symfony\\Component\\Console\\Input\\ArgvInput), Object(Symfony\\Component\\Console\\Output\\ConsoleOutput))
#34 /Users/minpyaesonenyein/projects/skincollection/artisan(35): Illuminate\\Foundation\\Console\\Kernel->handle(Object(Symfony\\Component\\Console\\Input\\ArgvInput), Object(Symfony\\Component\\Console\\Output\\ConsoleOutput))
#35 {main}
"} 
[2026-04-29 02:21:37] local.ERROR: htmlspecialchars(): Argument #1 ($string) must be of type string, array given {"view":{"view":"/Users/minpyaesonenyein/projects/skincollection/resources/views/patients/edit.blade.php","data":{"errors":"<pre class=sf-dump id=sf-dump-176721310 data-indent-pad=\"  \"><span class=sf-dump-note>Illuminate\\Support\\ViewErrorBag</span> {<a class=sf-dump-ref>#1245</a><samp data-depth=1 class=sf-dump-expanded>
  #<span class=sf-dump-protected title=\"Protected property\">bags</span>: []
</samp>}
</pre><script>Sfdump(\"sf-dump-176721310\", {\"maxDepth\":3,\"maxStringLength\":160})</script>
","activeClinic":"<pre class=sf-dump id=sf-dump-177473536 data-indent-pad=\"  \"><span class=sf-dump-note>App\\Models\\Clinic</span> {<a class=sf-dump-ref>#1299</a><samp data-depth=1 class=sf-dump-expanded>
  #<span class=sf-dump-protected title=\"Protected property\">connection</span>: \"<span class=sf-dump-str title=\"5 characters\">mysql</span>\"
  #<span class=sf-dump-protected title=\"Protected property\">table</span>: \"<span class=sf-dump-str title=\"7 characters\">clinics</span>\"
  #<span class=sf-dump-protected title=\"Protected property\">primaryKey</span>: \"<span class=sf-dump-str title=\"2 characters\">id</span>\"
  #<span class=sf-dump-protected title=\"Protected property\">keyType</span>: \"<span class=sf-dump-str title=\"3 characters\">int</span>\"
  +<span class=sf-dump-public title=\"Public property\">incrementing</span>: <span class=sf-dump-const>true</span>
  #<span class=sf-dump-protected title=\"Protected property\">with</span>: []
  #<span class=sf-dump-protected title=\"Protected property\">withCount</span>: []
  +<span class=sf-dump-public title=\"Public property\">preventsLazyLoading</span>: <span class=sf-dump-const>false</span>
  #<span class=sf-dump-protected title=\"Protected property\">perPage</span>: <span class=sf-dump-num>15</span>
  +<span class=sf-dump-public title=\"Public property\">exists</span>: <span class=sf-dump-const>true</span>
  +<span class=sf-dump-public title=\"Public property\">wasRecentlyCreated</span>: <span class=sf-dump-const>false</span>
  #<span class=sf-dump-protected title=\"Protected property\">escapeWhenCastingToString</span>: <span class=sf-dump-const>false</span>
  #<span class=sf-dump-protected title=\"Protected property\">attributes</span>: <span class=sf-dump-note>array:9</span> [<samp data-depth=2 class=sf-dump-compact>
    \"<span class=sf-dump-key>id</span>\" => <span class=sf-dump-num>1</span>
    \"<span class=sf-dump-key>name</span>\" => \"<span class=sf-dump-str title=\"11 characters\">Main Clinic</span>\"
    \"<span class=sf-dump-key>prefix</span>\" => \"<span class=sf-dump-str title=\"4 characters\">MAIN</span>\"
    \"<span class=sf-dump-key>email</span>\" => <span class=sf-dump-const>null</span>
    \"<span class=sf-dump-key>phone</span>\" => <span class=sf-dump-const>null</span>
    \"<span class=sf-dump-key>address</span>\" => <span class=sf-dump-const>null</span>
    \"<span class=sf-dump-key>status</span>\" => <span class=sf-dump-num>1</span>
    \"<span class=sf-dump-key>created_at</span>\" => \"<span class=sf-dump-str title=\"19 characters\">2025-12-20 08:16:02</span>\"
    \"<span class=sf-dump-key>updated_at</span>\" => \"<span class=sf-dump-str title=\"19 characters\">2025-12-20 08:16:02</span>\"
  </samp>]
  #<span class=sf-dump-protected title=\"Protected property\">original</span>: <span class=sf-dump-note>array:9</span> [<samp data-depth=2 class=sf-dump-compact>
    \"<span class=sf-dump-key>id</span>\" => <span class=sf-dump-num>1</span>
    \"<span class=sf-dump-key>name</span>\" => \"<span class=sf-dump-str title=\"11 characters\">Main Clinic</span>\"
    \"<span class=sf-dump-key>prefix</span>\" => \"<span class=sf-dump-str title=\"4 characters\">MAIN</span>\"
    \"<span class=sf-dump-key>email</span>\" => <span class=sf-dump-const>null</span>
    \"<span class=sf-dump-key>phone</span>\" => <span class=sf-dump-const>null</span>
    \"<span class=sf-dump-key>address</span>\" => <span class=sf-dump-const>null</span>
    \"<span class=sf-dump-key>status</span>\" => <span class=sf-dump-num>1</span>
    \"<span class=sf-dump-key>created_at</span>\" => \"<span class=sf-dump-str title=\"19 characters\">2025-12-20 08:16:02</span>\"
    \"<span class=sf-dump-key>updated_at</span>\" => \"<span class=sf-dump-str title=\"19 characters\">2025-12-20 08:16:02</span>\"
  </samp>]
  #<span class=sf-dump-protected title=\"Protected property\">changes</span>: []
  #<span class=sf-dump-protected title=\"Protected property\">casts</span>: []
  #<span class=sf-dump-protected title=\"Protected property\">classCastCache</span>: []
  #<span class=sf-dump-protected title=\"Protected property\">attributeCastCache</span>: []
  #<span class=sf-dump-protected title=\"Protected property\">dates</span>: []
  #<span class=sf-dump-protected title=\"Protected property\">dateFormat</span>: <span class=sf-dump-const>null</span>
  #<span class=sf-dump-protected title=\"Protected property\">appends</span>: []
  #<span class=sf-dump-protected title=\"Protected property\">dispatchesEvents</span>: []
  #<span class=sf-dump-protected title=\"Protected property\">observables</span>: []
  #<span class=sf-dump-protected title=\"Protected property\">relations</span>: []
  #<span class=sf-dump-protected title=\"Protected property\">touches</span>: []
  +<span class=sf-dump-public title=\"Public property\">timestamps</span>: <span class=sf-dump-const>true</span>
  #<span class=sf-dump-protected title=\"Protected property\">hidden</span>: []
  #<span class=sf-dump-protected title=\"Protected property\">visible</span>: []
  #<span class=sf-dump-protected title=\"Protected property\">fillable</span>: <span class=sf-dump-note>array:6</span> [<samp data-depth=2 class=sf-dump-compact>
    <span class=sf-dump-index>0</span> => \"<span class=sf-dump-str title=\"4 characters\">name</span>\"
    <span class=sf-dump-index>1</span> => \"<span class=sf-dump-str title=\"6 characters\">prefix</span>\"
    <span class=sf-dump-index>2</span> => \"<span class=sf-dump-str title=\"7 characters\">address</span>\"
    <span class=sf-dump-index>3</span> => \"<span class=sf-dump-str title=\"5 characters\">phone</span>\"
    <span class=sf-dump-index>4</span> => \"<span class=sf-dump-str title=\"5 characters\">email</span>\"
    <span class=sf-dump-index>5</span> => \"<span class=sf-dump-str title=\"6 characters\">status</span>\"
  </samp>]
  #<span class=sf-dump-protected title=\"Protected property\">guarded</span>: <span class=sf-dump-note>array:1</span> [<samp data-depth=2 class=sf-dump-compact>
    <span class=sf-dump-index>0</span> => \"<span class=sf-dump-str>*</span>\"
  </samp>]
</samp>}
</pre><script>Sfdump(\"sf-dump-177473536\", {\"maxDepth\":3,\"maxStringLength\":160})</script>
","viewingAllClinics":"<pre class=sf-dump id=sf-dump-1201449040 data-indent-pad=\"  \"><span class=sf-dump-const>false</span>
</pre><script>Sfdump(\"sf-dump-1201449040\", {\"maxDepth\":3,\"maxStringLength\":160})</script>
","availableClinics":"<pre class=sf-dump id=sf-dump-1542824143 data-indent-pad=\"  \"><span class=sf-dump-note>Illuminate\\Database\\Eloquent\\Collection</span> {<a class=sf-dump-ref>#1282</a><samp data-depth=1 class=sf-dump-expanded>
  #<span class=sf-dump-protected title=\"Protected property\">items</span>: <span class=sf-dump-note>array:2</span> [<samp data-depth=2 class=sf-dump-compact>
    <span class=sf-dump-index>0</span> => <span class=\"sf-dump-note sf-dump-ellipsization\" title=\"App\\Models\\Clinic
\"><span class=\"sf-dump-ellipsis sf-dump-ellipsis-note\">App\\Models</span><span class=\"sf-dump-ellipsis sf-dump-ellipsis-note\">\\</span><span class=\"sf-dump-ellipsis-tail\">Clinic</span></span> {<a class=sf-dump-ref>#1292</a><samp data-depth=3 class=sf-dump-compact>
      #<span class=sf-dump-protected title=\"Protected property\">connection</span>: \"<span class=sf-dump-str title=\"5 characters\">mysql</span>\"
      #<span class=sf-dump-protected title=\"Protected property\">table</span>: \"<span class=sf-dump-str title=\"7 characters\">clinics</span>\"
      #<span class=sf-dump-protected title=\"Protected property\">primaryKey</span>: \"<span class=sf-dump-str title=\"2 characters\">id</span>\"
      #<span class=sf-dump-protected title=\"Protected property\">keyType</span>: \"<span class=sf-dump-str title=\"3 characters\">int</span>\"
      +<span class=sf-dump-public title=\"Public property\">incrementing</span>: <span class=sf-dump-const>true</span>
      #<span class=sf-dump-protected title=\"Protected property\">with</span>: []
      #<span class=sf-dump-protected title=\"Protected property\">withCount</span>: []
      +<span class=sf-dump-public title=\"Public property\">preventsLazyLoading</span>: <span class=sf-dump-const>false</span>
      #<span class=sf-dump-protected title=\"Protected property\">perPage</span>: <span class=sf-dump-num>15</span>
      +<span class=sf-dump-public title=\"Public property\">exists</span>: <span class=sf-dump-const>true</span>
      +<span class=sf-dump-public title=\"Public property\">wasRecentlyCreated</span>: <span class=sf-dump-const>false</span>
      #<span class=sf-dump-protected title=\"Protected property\">escapeWhenCastingToString</span>: <span class=sf-dump-const>false</span>
      #<span class=sf-dump-protected title=\"Protected property\">attributes</span>: <span class=sf-dump-note>array:9</span> [ &#8230;9]
      #<span class=sf-dump-protected title=\"Protected property\">original</span>: <span class=sf-dump-note>array:9</span> [ &#8230;9]
      #<span class=sf-dump-protected title=\"Protected property\">changes</span>: []
      #<span class=sf-dump-protected title=\"Protected property\">casts</span>: []
      #<span class=sf-dump-protected title=\"Protected property\">classCastCache</span>: []
      #<span class=sf-dump-protected title=\"Protected property\">attributeCastCache</span>: []
      #<span class=sf-dump-protected title=\"Protected property\">dates</span>: []
      #<span class=sf-dump-protected title=\"Protected property\">dateFormat</span>: <span class=sf-dump-const>null</span>
      #<span class=sf-dump-protected title=\"Protected property\">appends</span>: []
      #<span class=sf-dump-protected title=\"Protected property\">dispatchesEvents</span>: []
      #<span class=sf-dump-protected title=\"Protected property\">observables</span>: []
      #<span class=sf-dump-protected title=\"Protected property\">relations</span>: []
      #<span class=sf-dump-protected title=\"Protected property\">touches</span>: []
      +<span class=sf-dump-public title=\"Public property\">timestamps</span>: <span class=sf-dump-const>true</span>
      #<span class=sf-dump-protected title=\"Protected property\">hidden</span>: []
      #<span class=sf-dump-protected title=\"Protected property\">visible</span>: []
      #<span class=sf-dump-protected title=\"Protected property\">fillable</span>: <span class=sf-dump-note>array:6</span> [ &#8230;6]
      #<span class=sf-dump-protected title=\"Protected property\">guarded</span>: <span class=sf-dump-note>array:1</span> [ &#8230;1]
    </samp>}
    <span class=sf-dump-index>1</span> => <span class=\"sf-dump-note sf-dump-ellipsization\" title=\"App\\Models\\Clinic
\"><span class=\"sf-dump-ellipsis sf-dump-ellipsis-note\">App\\Models</span><span class=\"sf-dump-ellipsis sf-dump-ellipsis-note\">\\</span><span class=\"sf-dump-ellipsis-tail\">Clinic</span></span> {<a class=sf-dump-ref>#1301</a><samp data-depth=3 class=sf-dump-compact>
      #<span class=sf-dump-protected title=\"Protected property\">connection</span>: \"<span class=sf-dump-str title=\"5 characters\">mysql</span>\"
      #<span class=sf-dump-protected title=\"Protected property\">table</span>: \"<span class=sf-dump-str title=\"7 characters\">clinics</span>\"
      #<span class=sf-dump-protected title=\"Protected property\">primaryKey</span>: \"<span class=sf-dump-str title=\"2 characters\">id</span>\"
      #<span class=sf-dump-protected title=\"Protected property\">keyType</span>: \"<span class=sf-dump-str title=\"3 characters\">int</span>\"
      +<span class=sf-dump-public title=\"Public property\">incrementing</span>: <span class=sf-dump-const>true</span>
      #<span class=sf-dump-protected title=\"Protected property\">with</span>: []
      #<span class=sf-dump-protected title=\"Protected property\">withCount</span>: []
      +<span class=sf-dump-public title=\"Public property\">preventsLazyLoading</span>: <span class=sf-dump-const>false</span>
      #<span class=sf-dump-protected title=\"Protected property\">perPage</span>: <span class=sf-dump-num>15</span>
      +<span class=sf-dump-public title=\"Public property\">exists</span>: <span class=sf-dump-const>true</span>
      +<span class=sf-dump-public title=\"Public property\">wasRecentlyCreated</span>: <span class=sf-dump-const>false</span>
      #<span class=sf-dump-protected title=\"Protected property\">escapeWhenCastingToString</span>: <span class=sf-dump-const>false</span>
      #<span class=sf-dump-protected title=\"Protected property\">attributes</span>: <span class=sf-dump-note>array:9</span> [ &#8230;9]
      #<span class=sf-dump-protected title=\"Protected property\">original</span>: <span class=sf-dump-note>array:9</span> [ &#8230;9]
      #<span class=sf-dump-protected title=\"Protected property\">changes</span>: []
      #<span class=sf-dump-protected title=\"Protected property\">casts</span>: []
      #<span class=sf-dump-protected title=\"Protected property\">classCastCache</span>: []
      #<span class=sf-dump-protected title=\"Protected property\">attributeCastCache</span>: []
      #<span class=sf-dump-protected title=\"Protected property\">dates</span>: []
      #<span class=sf-dump-protected title=\"Protected property\">dateFormat</span>: <span class=sf-dump-const>null</span>
      #<span class=sf-dump-protected title=\"Protected property\">appends</span>: []
      #<span class=sf-dump-protected title=\"Protected property\">dispatchesEvents</span>: []
      #<span class=sf-dump-protected title=\"Protected property\">observables</span>: []
      #<span class=sf-dump-protected title=\"Protected property\">relations</span>: []
      #<span class=sf-dump-protected title=\"Protected property\">touches</span>: []
      +<span class=sf-dump-public title=\"Public property\">timestamps</span>: <span class=sf-dump-const>true</span>
      #<span class=sf-dump-protected title=\"Protected property\">hidden</span>: []
      #<span class=sf-dump-protected title=\"Protected property\">visible</span>: []
      #<span class=sf-dump-protected title=\"Protected property\">fillable</span>: <span class=sf-dump-note>array:6</span> [ &#8230;6]
      #<span class=sf-dump-protected title=\"Protected property\">guarded</span>: <span class=sf-dump-note>array:1</span> [ &#8230;1]
    </samp>}
  </samp>]
  #<span class=sf-dump-protected title=\"Protected property\">escapeWhenCastingToString</span>: <span class=sf-dump-const>false</span>
</samp>}
</pre><script>Sfdump(\"sf-dump-1542824143\", {\"maxDepth\":3,\"maxStringLength\":160})</script>
","patient":"<pre class=sf-dump id=sf-dump-1664886476 data-indent-pad=\"  \"><span class=sf-dump-note>App\\Models\\Patient</span> {<a class=sf-dump-ref>#1280</a><samp data-depth=1 class=sf-dump-expanded>
  #<span class=sf-dump-protected title=\"Protected property\">connection</span>: \"<span class=sf-dump-str title=\"5 characters\">mysql</span>\"
  #<span class=sf-dump-protected title=\"Protected property\">table</span>: \"<span class=sf-dump-str title=\"8 characters\">patients</span>\"
  #<span class=sf-dump-protected title=\"Protected property\">primaryKey</span>: \"<span class=sf-dump-str title=\"2 characters\">id</span>\"
  #<span class=sf-dump-protected title=\"Protected property\">keyType</span>: \"<span class=sf-dump-str title=\"3 characters\">int</span>\"
  +<span class=sf-dump-public title=\"Public property\">incrementing</span>: <span class=sf-dump-const>true</span>
  #<span class=sf-dump-protected title=\"Protected property\">with</span>: []
  #<span class=sf-dump-protected title=\"Protected property\">withCount</span>: []
  +<span class=sf-dump-public title=\"Public property\">preventsLazyLoading</span>: <span class=sf-dump-const>false</span>
  #<span class=sf-dump-protected title=\"Protected property\">perPage</span>: <span class=sf-dump-num>15</span>
  +<span class=sf-dump-public title=\"Public property\">exists</span>: <span class=sf-dump-const>true</span>
  +<span class=sf-dump-public title=\"Public property\">wasRecentlyCreated</span>: <span class=sf-dump-const>false</span>
  #<span class=sf-dump-protected title=\"Protected property\">escapeWhenCastingToString</span>: <span class=sf-dump-const>false</span>
  #<span class=sf-dump-protected title=\"Protected property\">attributes</span>: <span class=sf-dump-note>array:19</span> [<samp data-depth=2 class=sf-dump-compact>
    \"<span class=sf-dump-key>id</span>\" => <span class=sf-dump-num>4341</span>
    \"<span class=sf-dump-key>clinic_id</span>\" => <span class=sf-dump-num>2</span>
    \"<span class=sf-dump-key>first_name</span>\" => \"<span class=sf-dump-str title=\"9 characters\">Pwint Moe</span>\"
    \"<span class=sf-dump-key>last_name</span>\" => \"<span class=sf-dump-str title=\"3 characters\">San</span>\"
    \"<span class=sf-dump-key>email</span>\" => <span class=sf-dump-const>null</span>
    \"<span class=sf-dump-key>phone</span>\" => \"<span class=sf-dump-str title=\"11 characters\">09457324230</span>\"
    \"<span class=sf-dump-key>gender</span>\" => \"<span class=sf-dump-str title=\"6 characters\">Female</span>\"
    \"<span class=sf-dump-key>age</span>\" => <span class=sf-dump-num>19</span>
    \"<span class=sf-dump-key>address</span>\" => \"<span class=sf-dump-str title=\"5 characters\">Tamwe</span>\"
    \"<span class=sf-dump-key>weight</span>\" => <span class=sf-dump-const>null</span>
    \"<span class=sf-dump-key>feet</span>\" => <span class=sf-dump-const>null</span>
    \"<span class=sf-dump-key>inches</span>\" => <span class=sf-dump-const>null</span>
    \"<span class=sf-dump-key>BMI</span>\" => <span class=sf-dump-const>null</span>
    \"<span class=sf-dump-key>disease</span>\" => <span class=sf-dump-const>null</span>
    \"<span class=sf-dump-key>photo</span>\" => \"<span class=sf-dump-str title=\"2 characters\">[]</span>\"
    \"<span class=sf-dump-key>token</span>\" => \"<span class=sf-dump-str title=\"4 characters\">0004</span>\"
    \"<span class=sf-dump-key>created_at</span>\" => \"<span class=sf-dump-str title=\"19 characters\">2025-03-15 09:59:04</span>\"
    \"<span class=sf-dump-key>updated_at</span>\" => \"<span class=sf-dump-str title=\"19 characters\">2025-03-15 09:59:04</span>\"
    \"<span class=sf-dump-key>Column1</span>\" => <span class=sf-dump-const>null</span>
  </samp>]
  #<span class=sf-dump-protected title=\"Protected property\">original</span>: <span class=sf-dump-note>array:19</span> [<samp data-depth=2 class=sf-dump-compact>
    \"<span class=sf-dump-key>id</span>\" => <span class=sf-dump-num>4341</span>
    \"<span class=sf-dump-key>clinic_id</span>\" => <span class=sf-dump-num>2</span>
    \"<span class=sf-dump-key>first_name</span>\" => \"<span class=sf-dump-str title=\"9 characters\">Pwint Moe</span>\"
    \"<span class=sf-dump-key>last_name</span>\" => \"<span class=sf-dump-str title=\"3 characters\">San</span>\"
    \"<span class=sf-dump-key>email</span>\" => <span class=sf-dump-const>null</span>
    \"<span class=sf-dump-key>phone</span>\" => \"<span class=sf-dump-str title=\"11 characters\">09457324230</span>\"
    \"<span class=sf-dump-key>gender</span>\" => \"<span class=sf-dump-str title=\"6 characters\">Female</span>\"
    \"<span class=sf-dump-key>age</span>\" => <span class=sf-dump-num>19</span>
    \"<span class=sf-dump-key>address</span>\" => \"<span class=sf-dump-str title=\"5 characters\">Tamwe</span>\"
    \"<span class=sf-dump-key>weight</span>\" => <span class=sf-dump-const>null</span>
    \"<span class=sf-dump-key>feet</span>\" => <span class=sf-dump-const>null</span>
    \"<span class=sf-dump-key>inches</span>\" => <span class=sf-dump-const>null</span>
    \"<span class=sf-dump-key>BMI</span>\" => <span class=sf-dump-const>null</span>
    \"<span class=sf-dump-key>disease</span>\" => <span class=sf-dump-const>null</span>
    \"<span class=sf-dump-key>photo</span>\" => \"<span class=sf-dump-str title=\"2 characters\">[]</span>\"
    \"<span class=sf-dump-key>token</span>\" => \"<span class=sf-dump-str title=\"4 characters\">0004</span>\"
    \"<span class=sf-dump-key>created_at</span>\" => \"<span class=sf-dump-str title=\"19 characters\">2025-03-15 09:59:04</span>\"
    \"<span class=sf-dump-key>updated_at</span>\" => \"<span class=sf-dump-str title=\"19 characters\">2025-03-15 09:59:04</span>\"
    \"<span class=sf-dump-key>Column1</span>\" => <span class=sf-dump-const>null</span>
  </samp>]
  #<span class=sf-dump-protected title=\"Protected property\">changes</span>: []
  #<span class=sf-dump-protected title=\"Protected property\">casts</span>: <span class=sf-dump-note>array:1</span> [<samp data-depth=2 class=sf-dump-compact>
    \"<span class=sf-dump-key>photo</span>\" => \"<span class=sf-dump-str title=\"5 characters\">array</span>\"
  </samp>]
  #<span class=sf-dump-protected title=\"Protected property\">classCastCache</span>: []
  #<span class=sf-dump-protected title=\"Protected property\">attributeCastCache</span>: []
  #<span class=sf-dump-protected title=\"Protected property\">dates</span>: []
  #<span class=sf-dump-protected title=\"Protected property\">dateFormat</span>: <span class=sf-dump-const>null</span>
  #<span class=sf-dump-protected title=\"Protected property\">appends</span>: []
  #<span class=sf-dump-protected title=\"Protected property\">dispatchesEvents</span>: []
  #<span class=sf-dump-protected title=\"Protected property\">observables</span>: []
  #<span class=sf-dump-protected title=\"Protected property\">relations</span>: []
  #<span class=sf-dump-protected title=\"Protected property\">touches</span>: []
  +<span class=sf-dump-public title=\"Public property\">timestamps</span>: <span class=sf-dump-const>true</span>
  #<span class=sf-dump-protected title=\"Protected property\">hidden</span>: []
  #<span class=sf-dump-protected title=\"Protected property\">visible</span>: []
  #<span class=sf-dump-protected title=\"Protected property\">fillable</span>: []
  #<span class=sf-dump-protected title=\"Protected property\">guarded</span>: []
</samp>}
</pre><script>Sfdump(\"sf-dump-1664886476\", {\"maxDepth\":3,\"maxStringLength\":160})</script>
","preloadedPhotos":"<pre class=sf-dump id=sf-dump-638826640 data-indent-pad=\"  \"><span class=sf-dump-note>Illuminate\\Support\\Collection</span> {<a class=sf-dump-ref>#1290</a><samp data-depth=1 class=sf-dump-expanded>
  #<span class=sf-dump-protected title=\"Protected property\">items</span>: []
  #<span class=sf-dump-protected title=\"Protected property\">escapeWhenCastingToString</span>: <span class=sf-dump-const>false</span>
</samp>}
</pre><script>Sfdump(\"sf-dump-638826640\", {\"maxDepth\":3,\"maxStringLength\":160})</script>
"}},"userId":1,"exception":"[object] (Spatie\\LaravelIgnition\\Exceptions\\ViewException(code: 0): htmlspecialchars(): Argument #1 ($string) must be of type string, array given at /Users/minpyaesonenyein/projects/skincollection/vendor/laravel/framework/src/Illuminate/Support/helpers.php:123)
[stacktrace]
#0 /Users/minpyaesonenyein/projects/skincollection/vendor/laravel/framework/src/Illuminate/Support/helpers.php(123): htmlspecialchars(Array, 3, 'UTF-8', true)
#1 /Users/minpyaesonenyein/projects/skincollection/resources/views/patients/edit.blade.php(328): e(Array)
#2 /Users/minpyaesonenyein/projects/skincollection/vendor/laravel/framework/src/Illuminate/Filesystem/Filesystem.php(109): require('/Users/minpyaes...')
#3 /Users/minpyaesonenyein/projects/skincollection/vendor/laravel/framework/src/Illuminate/Filesystem/Filesystem.php(110): Illuminate\\Filesystem\\Filesystem::{closure:Illuminate\\Filesystem\\Filesystem::getRequire():106}()
#4 /Users/minpyaesonenyein/projects/skincollection/vendor/laravel/framework/src/Illuminate/View/Engines/PhpEngine.php(58): Illuminate\\Filesystem\\Filesystem->getRequire('/Users/minpyaes...', Array)
#5 /Users/minpyaesonenyein/projects/skincollection/vendor/livewire/livewire/src/ComponentConcerns/RendersLivewireComponents.php(69): Illuminate\\View\\Engines\\PhpEngine->evaluatePath('/Users/minpyaes...', Array)
#6 /Users/minpyaesonenyein/projects/skincollection/vendor/laravel/framework/src/Illuminate/View/Engines/CompilerEngine.php(70): Livewire\\LivewireViewCompilerEngine->evaluatePath('/Users/minpyaes...', Array)
#7 /Users/minpyaesonenyein/projects/skincollection/vendor/livewire/livewire/src/ComponentConcerns/RendersLivewireComponents.php(35): Illuminate\\View\\Engines\\CompilerEngine->get('/Users/minpyaes...', Array)
#8 /Users/minpyaesonenyein/projects/skincollection/vendor/laravel/framework/src/Illuminate/View/View.php(195): Livewire\\LivewireViewCompilerEngine->get('/Users/minpyaes...', Array)
#9 /Users/minpyaesonenyein/projects/skincollection/vendor/laravel/framework/src/Illuminate/View/View.php(178): Illuminate\\View\\View->getContents()
#10 /Users/minpyaesonenyein/projects/skincollection/vendor/laravel/framework/src/Illuminate/View/View.php(147): Illuminate\\View\\View->renderContents()
#11 /Users/minpyaesonenyein/projects/skincollection/vendor/laravel/framework/src/Illuminate/Http/Response.php(69): Illuminate\\View\\View->render()
#12 /Users/minpyaesonenyein/projects/skincollection/vendor/laravel/framework/src/Illuminate/Http/Response.php(35): Illuminate\\Http\\Response->setContent(Object(Illuminate\\View\\View))
#13 /Users/minpyaesonenyein/projects/skincollection/vendor/laravel/framework/src/Illuminate/Routing/Router.php(906): Illuminate\\Http\\Response->__construct(Object(Illuminate\\View\\View), 200, Array)
#14 /Users/minpyaesonenyein/projects/skincollection/vendor/laravel/framework/src/Illuminate/Routing/Router.php(875): Illuminate\\Routing\\Router::toResponse(Object(Illuminate\\Http\\Request), Object(Illuminate\\View\\View))
#15 /Users/minpyaesonenyein/projects/skincollection/vendor/laravel/framework/src/Illuminate/Routing/Router.php(797): Illuminate\\Routing\\Router->prepareResponse(Object(Illuminate\\Http\\Request), Object(Illuminate\\View\\View))
#16 /Users/minpyaesonenyein/projects/skincollection/vendor/laravel/framework/src/Illuminate/Pipeline/Pipeline.php(141): Illuminate\\Routing\\Router->{closure:Illuminate\\Routing\\Router::runRouteWithinStack():797}(Object(Illuminate\\Http\\Request))
#17 /Users/minpyaesonenyein/projects/skincollection/app/Http/Middleware/EnsureClinicContext.php(34): Illuminate\\Pipeline\\Pipeline->{closure:Illuminate\\Pipeline\\Pipeline::prepareDestination():139}(Object(Illuminate\\Http\\Request))
#18 /Users/minpyaesonenyein/projects/skincollection/vendor/laravel/framework/src/Illuminate/Pipeline/Pipeline.php(180): App\\Http\\Middleware\\EnsureClinicContext->handle(Object(Illuminate\\Http\\Request), Object(Closure))
#19 /Users/minpyaesonenyein/projects/skincollection/vendor/laravel/framework/src/Illuminate/Routing/Middleware/SubstituteBindings.php(50): Illuminate\\Pipeline\\Pipeline->{closure:{closure:Illuminate\\Pipeline\\Pipeline::carry():155}:156}(Object(Illuminate\\Http\\Request))
#20 /Users/minpyaesonenyein/projects/skincollection/vendor/laravel/framework/src/Illuminate/Pipeline/Pipeline.php(180): Illuminate\\Routing\\Middleware\\SubstituteBindings->handle(Object(Illuminate\\Http\\Request), Object(Closure))
#21 /Users/minpyaesonenyein/projects/skincollection/vendor/laravel/framework/src/Illuminate/Auth/Middleware/Authenticate.php(44): Illuminate\\Pipeline\\Pipeline->{closure:{closure:Illuminate\\Pipeline\\Pipeline::carry():155}:156}(Object(Illuminate\\Http\\Request))
#22 /Users/minpyaesonenyein/projects/skincollection/vendor/laravel/framework/src/Illuminate/Pipeline/Pipeline.php(180): Illuminate\\Auth\\Middleware\\Authenticate->handle(Object(Illuminate\\Http\\Request), Object(Closure))
#23 /Users/minpyaesonenyein/projects/skincollection/vendor/laravel/framework/src/Illuminate/Foundation/Http/Middleware/VerifyCsrfToken.php(78): Illuminate\\Pipeline\\Pipeline->{closure:{closure:Illuminate\\Pipeline\\Pipeline::carry():155}:156}(Object(Illuminate\\Http\\Request))
#24 /Users/minpyaesonenyein/projects/skincollection/vendor/laravel/framework/src/Illuminate/Pipeline/Pipeline.php(180): Illuminate\\Foundation\\Http\\Middleware\\VerifyCsrfToken->handle(Object(Illuminate\\Http\\Request), Object(Closure))
#25 /Users/minpyaesonenyein/projects/skincollection/vendor/laravel/framework/src/Illuminate/View/Middleware/ShareErrorsFromSession.php(49): Illuminate\\Pipeline\\Pipeline->{closure:{closure:Illuminate\\Pipeline\\Pipeline::carry():155}:156}(Object(Illuminate\\Http\\Request))
#26 /Users/minpyaesonenyein/projects/skincollection/vendor/laravel/framework/src/Illuminate/Pipeline/Pipeline.php(180): Illuminate\\View\\Middleware\\ShareErrorsFromSession->handle(Object(Illuminate\\Http\\Request), Object(Closure))
#27 /Users/minpyaesonenyein/projects/skincollection/vendor/laravel/framework/src/Illuminate/Session/Middleware/StartSession.php(121): Illuminate\\Pipeline\\Pipeline->{closure:{closure:Illuminate\\Pipeline\\Pipeline::carry():155}:156}(Object(Illuminate\\Http\\Request))
#28 /Users/minpyaesonenyein/projects/skincollection/vendor/laravel/framework/src/Illuminate/Session/Middleware/StartSession.php(64): Illuminate\\Session\\Middleware\\StartSession->handleStatefulRequest(Object(Illuminate\\Http\\Request), Object(Illuminate\\Session\\Store), Object(Closure))
#29 /Users/minpyaesonenyein/projects/skincollection/vendor/laravel/framework/src/Illuminate/Pipeline/Pipeline.php(180): Illuminate\\Session\\Middleware\\StartSession->handle(Object(Illuminate\\Http\\Request), Object(Closure))
#30 /Users/minpyaesonenyein/projects/skincollection/vendor/laravel/framework/src/Illuminate/Cookie/Middleware/AddQueuedCookiesToResponse.php(37): Illuminate\\Pipeline\\Pipeline->{closure:{closure:Illuminate\\Pipeline\\Pipeline::carry():155}:156}(Object(Illuminate\\Http\\Request))
#31 /Users/minpyaesonenyein/projects/skincollection/vendor/laravel/framework/src/Illuminate/Pipeline/Pipeline.php(180): Illuminate\\Cookie\\Middleware\\AddQueuedCookiesToResponse->handle(Object(Illuminate\\Http\\Request), Object(Closure))
#32 /Users/minpyaesonenyein/projects/skincollection/vendor/laravel/framework/src/Illuminate/Cookie/Middleware/EncryptCookies.php(67): Illuminate\\Pipeline\\Pipeline->{closure:{closure:Illuminate\\Pipeline\\Pipeline::carry():155}:156}(Object(Illuminate\\Http\\Request))
#33 /Users/minpyaesonenyein/projects/skincollection/vendor/laravel/framework/src/Illuminate/Pipeline/Pipeline.php(180): Illuminate\\Cookie\\Middleware\\EncryptCookies->handle(Object(Illuminate\\Http\\Request), Object(Closure))
#34 /Users/minpyaesonenyein/projects/skincollection/vendor/laravel/framework/src/Illuminate/Pipeline/Pipeline.php(116): Illuminate\\Pipeline\\Pipeline->{closure:{closure:Illuminate\\Pipeline\\Pipeline::carry():155}:156}(Object(Illuminate\\Http\\Request))
#35 /Users/minpyaesonenyein/projects/skincollection/vendor/laravel/framework/src/Illuminate/Routing/Router.php(797): Illuminate\\Pipeline\\Pipeline->then(Object(Closure))
#36 /Users/minpyaesonenyein/projects/skincollection/vendor/laravel/framework/src/Illuminate/Routing/Router.php(776): Illuminate\\Routing\\Router->runRouteWithinStack(Object(Illuminate\\Routing\\Route), Object(Illuminate\\Http\\Request))
#37 /Users/minpyaesonenyein/projects/skincollection/vendor/laravel/framework/src/Illuminate/Routing/Router.php(740): Illuminate\\Routing\\Router->runRoute(Object(Illuminate\\Http\\Request), Object(Illuminate\\Routing\\Route))
#38 /Users/minpyaesonenyein/projects/skincollection/vendor/laravel/framework/src/Illuminate/Routing/Router.php(729): Illuminate\\Routing\\Router->dispatchToRoute(Object(Illuminate\\Http\\Request))
#39 /Users/minpyaesonenyein/projects/skincollection/vendor/laravel/framework/src/Illuminate/Foundation/Http/Kernel.php(190): Illuminate\\Routing\\Router->dispatch(Object(Illuminate\\Http\\Request))
#40 /Users/minpyaesonenyein/projects/skincollection/vendor/laravel/framework/src/Illuminate/Pipeline/Pipeline.php(141): Illuminate\\Foundation\\Http\\Kernel->{closure:Illuminate\\Foundation\\Http\\Kernel::dispatchToRouter():187}(Object(Illuminate\\Http\\Request))
#41 /Users/minpyaesonenyein/projects/skincollection/vendor/livewire/livewire/src/DisableBrowserCache.php(19): Illuminate\\Pipeline\\Pipeline->{closure:Illuminate\\Pipeline\\Pipeline::prepareDestination():139}(Object(Illuminate\\Http\\Request))
#42 /Users/minpyaesonenyein/projects/skincollection/vendor/laravel/framework/src/Illuminate/Pipeline/Pipeline.php(180): Livewire\\DisableBrowserCache->handle(Object(Illuminate\\Http\\Request), Object(Closure))
#43 /Users/minpyaesonenyein/projects/skincollection/vendor/laravel/framework/src/Illuminate/Foundation/Http/Middleware/TransformsRequest.php(21): Illuminate\\Pipeline\\Pipeline->{closure:{closure:Illuminate\\Pipeline\\Pipeline::carry():155}:156}(Object(Illuminate\\Http\\Request))
#44 /Users/minpyaesonenyein/projects/skincollection/vendor/laravel/framework/src/Illuminate/Foundation/Http/Middleware/ConvertEmptyStringsToNull.php(31): Illuminate\\Foundation\\Http\\Middleware\\TransformsRequest->handle(Object(Illuminate\\Http\\Request), Object(Closure))
#45 /Users/minpyaesonenyein/projects/skincollection/vendor/laravel/framework/src/Illuminate/Pipeline/Pipeline.php(180): Illuminate\\Foundation\\Http\\Middleware\\ConvertEmptyStringsToNull->handle(Object(Illuminate\\Http\\Request), Object(Closure))
#46 /Users/minpyaesonenyein/projects/skincollection/vendor/laravel/framework/src/Illuminate/Foundation/Http/Middleware/TransformsRequest.php(21): Illuminate\\Pipeline\\Pipeline->{closure:{closure:Illuminate\\Pipeline\\Pipeline::carry():155}:156}(Object(Illuminate\\Http\\Request))
#47 /Users/minpyaesonenyein/projects/skincollection/vendor/laravel/framework/src/Illuminate/Foundation/Http/Middleware/TrimStrings.php(40): Illuminate\\Foundation\\Http\\Middleware\\TransformsRequest->handle(Object(Illuminate\\Http\\Request), Object(Closure))
#48 /Users/minpyaesonenyein/projects/skincollection/vendor/laravel/framework/src/Illuminate/Pipeline/Pipeline.php(180): Illuminate\\Foundation\\Http\\Middleware\\TrimStrings->handle(Object(Illuminate\\Http\\Request), Object(Closure))
#49 /Users/minpyaesonenyein/projects/skincollection/vendor/laravel/framework/src/Illuminate/Foundation/Http/Middleware/ValidatePostSize.php(27): Illuminate\\Pipeline\\Pipeline->{closure:{closure:Illuminate\\Pipeline\\Pipeline::carry():155}:156}(Object(Illuminate\\Http\\Request))
#50 /Users/minpyaesonenyein/projects/skincollection/vendor/laravel/framework/src/Illuminate/Pipeline/Pipeline.php(180): Illuminate\\Foundation\\Http\\Middleware\\ValidatePostSize->handle(Object(Illuminate\\Http\\Request), Object(Closure))
#51 /Users/minpyaesonenyein/projects/skincollection/vendor/laravel/framework/src/Illuminate/Foundation/Http/Middleware/PreventRequestsDuringMaintenance.php(86): Illuminate\\Pipeline\\Pipeline->{closure:{closure:Illuminate\\Pipeline\\Pipeline::carry():155}:156}(Object(Illuminate\\Http\\Request))
#52 /Users/minpyaesonenyein/projects/skincollection/vendor/laravel/framework/src/Illuminate/Pipeline/Pipeline.php(180): Illuminate\\Foundation\\Http\\Middleware\\PreventRequestsDuringMaintenance->handle(Object(Illuminate\\Http\\Request), Object(Closure))
#53 /Users/minpyaesonenyein/projects/skincollection/vendor/fruitcake/laravel-cors/src/HandleCors.php(38): Illuminate\\Pipeline\\Pipeline->{closure:{closure:Illuminate\\Pipeline\\Pipeline::carry():155}:156}(Object(Illuminate\\Http\\Request))
#54 /Users/minpyaesonenyein/projects/skincollection/vendor/laravel/framework/src/Illuminate/Pipeline/Pipeline.php(180): Fruitcake\\Cors\\HandleCors->handle(Object(Illuminate\\Http\\Request), Object(Closure))
#55 /Users/minpyaesonenyein/projects/skincollection/vendor/laravel/framework/src/Illuminate/Http/Middleware/TrustProxies.php(39): Illuminate\\Pipeline\\Pipeline->{closure:{closure:Illuminate\\Pipeline\\Pipeline::carry():155}:156}(Object(Illuminate\\Http\\Request))
#56 /Users/minpyaesonenyein/projects/skincollection/vendor/laravel/framework/src/Illuminate/Pipeline/Pipeline.php(180): Illuminate\\Http\\Middleware\\TrustProxies->handle(Object(Illuminate\\Http\\Request), Object(Closure))
#57 /Users/minpyaesonenyein/projects/skincollection/vendor/laravel/framework/src/Illuminate/Pipeline/Pipeline.php(116): Illuminate\\Pipeline\\Pipeline->{closure:{closure:Illuminate\\Pipeline\\Pipeline::carry():155}:156}(Object(Illuminate\\Http\\Request))
#58 /Users/minpyaesonenyein/projects/skincollection/vendor/laravel/framework/src/Illuminate/Foundation/Http/Kernel.php(165): Illuminate\\Pipeline\\Pipeline->then(Object(Closure))
#59 /Users/minpyaesonenyein/projects/skincollection/vendor/laravel/framework/src/Illuminate/Foundation/Http/Kernel.php(134): Illuminate\\Foundation\\Http\\Kernel->sendRequestThroughRouter(Object(Illuminate\\Http\\Request))
#60 /Users/minpyaesonenyein/projects/skincollection/public/index.php(51): Illuminate\\Foundation\\Http\\Kernel->handle(Object(Illuminate\\Http\\Request))
#61 /Users/minpyaesonenyein/projects/skincollection/server.php(21): require_once('/Users/minpyaes...')
#62 {main}

[previous exception] [object] (TypeError(code: 0): htmlspecialchars(): Argument #1 ($string) must be of type string, array given at /Users/minpyaesonenyein/projects/skincollection/vendor/laravel/framework/src/Illuminate/Support/helpers.php:123)
[stacktrace]
#0 /Users/minpyaesonenyein/projects/skincollection/vendor/laravel/framework/src/Illuminate/Support/helpers.php(123): htmlspecialchars(Array, 3, 'UTF-8', true)
#1 /Users/minpyaesonenyein/projects/skincollection/storage/framework/views/dd59511c17c9e54f4128e34d1f42e2abcd7fc517.php(502): e(Array)
#2 /Users/minpyaesonenyein/projects/skincollection/vendor/laravel/framework/src/Illuminate/Filesystem/Filesystem.php(109): require('/Users/minpyaes...')
#3 /Users/minpyaesonenyein/projects/skincollection/vendor/laravel/framework/src/Illuminate/Filesystem/Filesystem.php(110): Illuminate\\Filesystem\\Filesystem::{closure:Illuminate\\Filesystem\\Filesystem::getRequire():106}()
#4 /Users/minpyaesonenyein/projects/skincollection/vendor/laravel/framework/src/Illuminate/View/Engines/PhpEngine.php(58): Illuminate\\Filesystem\\Filesystem->getRequire('/Users/minpyaes...', Array)
#5 /Users/minpyaesonenyein/projects/skincollection/vendor/livewire/livewire/src/ComponentConcerns/RendersLivewireComponents.php(69): Illuminate\\View\\Engines\\PhpEngine->evaluatePath('/Users/minpyaes...', Array)
#6 /Users/minpyaesonenyein/projects/skincollection/vendor/laravel/framework/src/Illuminate/View/Engines/CompilerEngine.php(70): Livewire\\LivewireViewCompilerEngine->evaluatePath('/Users/minpyaes...', Array)
#7 /Users/minpyaesonenyein/projects/skincollection/vendor/livewire/livewire/src/ComponentConcerns/RendersLivewireComponents.php(35): Illuminate\\View\\Engines\\CompilerEngine->get('/Users/minpyaes...', Array)
#8 /Users/minpyaesonenyein/projects/skincollection/vendor/laravel/framework/src/Illuminate/View/View.php(195): Livewire\\LivewireViewCompilerEngine->get('/Users/minpyaes...', Array)
#9 /Users/minpyaesonenyein/projects/skincollection/vendor/laravel/framework/src/Illuminate/View/View.php(178): Illuminate\\View\\View->getContents()
#10 /Users/minpyaesonenyein/projects/skincollection/vendor/laravel/framework/src/Illuminate/View/View.php(147): Illuminate\\View\\View->renderContents()
#11 /Users/minpyaesonenyein/projects/skincollection/vendor/laravel/framework/src/Illuminate/Http/Response.php(69): Illuminate\\View\\View->render()
#12 /Users/minpyaesonenyein/projects/skincollection/vendor/laravel/framework/src/Illuminate/Http/Response.php(35): Illuminate\\Http\\Response->setContent(Object(Illuminate\\View\\View))
#13 /Users/minpyaesonenyein/projects/skincollection/vendor/laravel/framework/src/Illuminate/Routing/Router.php(906): Illuminate\\Http\\Response->__construct(Object(Illuminate\\View\\View), 200, Array)
#14 /Users/minpyaesonenyein/projects/skincollection/vendor/laravel/framework/src/Illuminate/Routing/Router.php(875): Illuminate\\Routing\\Router::toResponse(Object(Illuminate\\Http\\Request), Object(Illuminate\\View\\View))
#15 /Users/minpyaesonenyein/projects/skincollection/vendor/laravel/framework/src/Illuminate/Routing/Router.php(797): Illuminate\\Routing\\Router->prepareResponse(Object(Illuminate\\Http\\Request), Object(Illuminate\\View\\View))
#16 /Users/minpyaesonenyein/projects/skincollection/vendor/laravel/framework/src/Illuminate/Pipeline/Pipeline.php(141): Illuminate\\Routing\\Router->{closure:Illuminate\\Routing\\Router::runRouteWithinStack():797}(Object(Illuminate\\Http\\Request))
#17 /Users/minpyaesonenyein/projects/skincollection/app/Http/Middleware/EnsureClinicContext.php(34): Illuminate\\Pipeline\\Pipeline->{closure:Illuminate\\Pipeline\\Pipeline::prepareDestination():139}(Object(Illuminate\\Http\\Request))
#18 /Users/minpyaesonenyein/projects/skincollection/vendor/laravel/framework/src/Illuminate/Pipeline/Pipeline.php(180): App\\Http\\Middleware\\EnsureClinicContext->handle(Object(Illuminate\\Http\\Request), Object(Closure))
#19 /Users/minpyaesonenyein/projects/skincollection/vendor/laravel/framework/src/Illuminate/Routing/Middleware/SubstituteBindings.php(50): Illuminate\\Pipeline\\Pipeline->{closure:{closure:Illuminate\\Pipeline\\Pipeline::carry():155}:156}(Object(Illuminate\\Http\\Request))
#20 /Users/minpyaesonenyein/projects/skincollection/vendor/laravel/framework/src/Illuminate/Pipeline/Pipeline.php(180): Illuminate\\Routing\\Middleware\\SubstituteBindings->handle(Object(Illuminate\\Http\\Request), Object(Closure))
#21 /Users/minpyaesonenyein/projects/skincollection/vendor/laravel/framework/src/Illuminate/Auth/Middleware/Authenticate.php(44): Illuminate\\Pipeline\\Pipeline->{closure:{closure:Illuminate\\Pipeline\\Pipeline::carry():155}:156}(Object(Illuminate\\Http\\Request))
#22 /Users/minpyaesonenyein/projects/skincollection/vendor/laravel/framework/src/Illuminate/Pipeline/Pipeline.php(180): Illuminate\\Auth\\Middleware\\Authenticate->handle(Object(Illuminate\\Http\\Request), Object(Closure))
#23 /Users/minpyaesonenyein/projects/skincollection/vendor/laravel/framework/src/Illuminate/Foundation/Http/Middleware/VerifyCsrfToken.php(78): Illuminate\\Pipeline\\Pipeline->{closure:{closure:Illuminate\\Pipeline\\Pipeline::carry():155}:156}(Object(Illuminate\\Http\\Request))
#24 /Users/minpyaesonenyein/projects/skincollection/vendor/laravel/framework/src/Illuminate/Pipeline/Pipeline.php(180): Illuminate\\Foundation\\Http\\Middleware\\VerifyCsrfToken->handle(Object(Illuminate\\Http\\Request), Object(Closure))
#25 /Users/minpyaesonenyein/projects/skincollection/vendor/laravel/framework/src/Illuminate/View/Middleware/ShareErrorsFromSession.php(49): Illuminate\\Pipeline\\Pipeline->{closure:{closure:Illuminate\\Pipeline\\Pipeline::carry():155}:156}(Object(Illuminate\\Http\\Request))
#26 /Users/minpyaesonenyein/projects/skincollection/vendor/laravel/framework/src/Illuminate/Pipeline/Pipeline.php(180): Illuminate\\View\\Middleware\\ShareErrorsFromSession->handle(Object(Illuminate\\Http\\Request), Object(Closure))
#27 /Users/minpyaesonenyein/projects/skincollection/vendor/laravel/framework/src/Illuminate/Session/Middleware/StartSession.php(121): Illuminate\\Pipeline\\Pipeline->{closure:{closure:Illuminate\\Pipeline\\Pipeline::carry():155}:156}(Object(Illuminate\\Http\\Request))
#28 /Users/minpyaesonenyein/projects/skincollection/vendor/laravel/framework/src/Illuminate/Session/Middleware/StartSession.php(64): Illuminate\\Session\\Middleware\\StartSession->handleStatefulRequest(Object(Illuminate\\Http\\Request), Object(Illuminate\\Session\\Store), Object(Closure))
#29 /Users/minpyaesonenyein/projects/skincollection/vendor/laravel/framework/src/Illuminate/Pipeline/Pipeline.php(180): Illuminate\\Session\\Middleware\\StartSession->handle(Object(Illuminate\\Http\\Request), Object(Closure))
#30 /Users/minpyaesonenyein/projects/skincollection/vendor/laravel/framework/src/Illuminate/Cookie/Middleware/AddQueuedCookiesToResponse.php(37): Illuminate\\Pipeline\\Pipeline->{closure:{closure:Illuminate\\Pipeline\\Pipeline::carry():155}:156}(Object(Illuminate\\Http\\Request))
#31 /Users/minpyaesonenyein/projects/skincollection/vendor/laravel/framework/src/Illuminate/Pipeline/Pipeline.php(180): Illuminate\\Cookie\\Middleware\\AddQueuedCookiesToResponse->handle(Object(Illuminate\\Http\\Request), Object(Closure))
#32 /Users/minpyaesonenyein/projects/skincollection/vendor/laravel/framework/src/Illuminate/Cookie/Middleware/EncryptCookies.php(67): Illuminate\\Pipeline\\Pipeline->{closure:{closure:Illuminate\\Pipeline\\Pipeline::carry():155}:156}(Object(Illuminate\\Http\\Request))
#33 /Users/minpyaesonenyein/projects/skincollection/vendor/laravel/framework/src/Illuminate/Pipeline/Pipeline.php(180): Illuminate\\Cookie\\Middleware\\EncryptCookies->handle(Object(Illuminate\\Http\\Request), Object(Closure))
#34 /Users/minpyaesonenyein/projects/skincollection/vendor/laravel/framework/src/Illuminate/Pipeline/Pipeline.php(116): Illuminate\\Pipeline\\Pipeline->{closure:{closure:Illuminate\\Pipeline\\Pipeline::carry():155}:156}(Object(Illuminate\\Http\\Request))
#35 /Users/minpyaesonenyein/projects/skincollection/vendor/laravel/framework/src/Illuminate/Routing/Router.php(797): Illuminate\\Pipeline\\Pipeline->then(Object(Closure))
#36 /Users/minpyaesonenyein/projects/skincollection/vendor/laravel/framework/src/Illuminate/Routing/Router.php(776): Illuminate\\Routing\\Router->runRouteWithinStack(Object(Illuminate\\Routing\\Route), Object(Illuminate\\Http\\Request))
#37 /Users/minpyaesonenyein/projects/skincollection/vendor/laravel/framework/src/Illuminate/Routing/Router.php(740): Illuminate\\Routing\\Router->runRoute(Object(Illuminate\\Http\\Request), Object(Illuminate\\Routing\\Route))
#38 /Users/minpyaesonenyein/projects/skincollection/vendor/laravel/framework/src/Illuminate/Routing/Router.php(729): Illuminate\\Routing\\Router->dispatchToRoute(Object(Illuminate\\Http\\Request))
#39 /Users/minpyaesonenyein/projects/skincollection/vendor/laravel/framework/src/Illuminate/Foundation/Http/Kernel.php(190): Illuminate\\Routing\\Router->dispatch(Object(Illuminate\\Http\\Request))
#40 /Users/minpyaesonenyein/projects/skincollection/vendor/laravel/framework/src/Illuminate/Pipeline/Pipeline.php(141): Illuminate\\Foundation\\Http\\Kernel->{closure:Illuminate\\Foundation\\Http\\Kernel::dispatchToRouter():187}(Object(Illuminate\\Http\\Request))
#41 /Users/minpyaesonenyein/projects/skincollection/vendor/livewire/livewire/src/DisableBrowserCache.php(19): Illuminate\\Pipeline\\Pipeline->{closure:Illuminate\\Pipeline\\Pipeline::prepareDestination():139}(Object(Illuminate\\Http\\Request))
#42 /Users/minpyaesonenyein/projects/skincollection/vendor/laravel/framework/src/Illuminate/Pipeline/Pipeline.php(180): Livewire\\DisableBrowserCache->handle(Object(Illuminate\\Http\\Request), Object(Closure))
#43 /Users/minpyaesonenyein/projects/skincollection/vendor/laravel/framework/src/Illuminate/Foundation/Http/Middleware/TransformsRequest.php(21): Illuminate\\Pipeline\\Pipeline->{closure:{closure:Illuminate\\Pipeline\\Pipeline::carry():155}:156}(Object(Illuminate\\Http\\Request))
#44 /Users/minpyaesonenyein/projects/skincollection/vendor/laravel/framework/src/Illuminate/Foundation/Http/Middleware/ConvertEmptyStringsToNull.php(31): Illuminate\\Foundation\\Http\\Middleware\\TransformsRequest->handle(Object(Illuminate\\Http\\Request), Object(Closure))
#45 /Users/minpyaesonenyein/projects/skincollection/vendor/laravel/framework/src/Illuminate/Pipeline/Pipeline.php(180): Illuminate\\Foundation\\Http\\Middleware\\ConvertEmptyStringsToNull->handle(Object(Illuminate\\Http\\Request), Object(Closure))
#46 /Users/minpyaesonenyein/projects/skincollection/vendor/laravel/framework/src/Illuminate/Foundation/Http/Middleware/TransformsRequest.php(21): Illuminate\\Pipeline\\Pipeline->{closure:{closure:Illuminate\\Pipeline\\Pipeline::carry():155}:156}(Object(Illuminate\\Http\\Request))
#47 /Users/minpyaesonenyein/projects/skincollection/vendor/laravel/framework/src/Illuminate/Foundation/Http/Middleware/TrimStrings.php(40): Illuminate\\Foundation\\Http\\Middleware\\TransformsRequest->handle(Object(Illuminate\\Http\\Request), Object(Closure))
#48 /Users/minpyaesonenyein/projects/skincollection/vendor/laravel/framework/src/Illuminate/Pipeline/Pipeline.php(180): Illuminate\\Foundation\\Http\\Middleware\\TrimStrings->handle(Object(Illuminate\\Http\\Request), Object(Closure))
#49 /Users/minpyaesonenyein/projects/skincollection/vendor/laravel/framework/src/Illuminate/Foundation/Http/Middleware/ValidatePostSize.php(27): Illuminate\\Pipeline\\Pipeline->{closure:{closure:Illuminate\\Pipeline\\Pipeline::carry():155}:156}(Object(Illuminate\\Http\\Request))
#50 /Users/minpyaesonenyein/projects/skincollection/vendor/laravel/framework/src/Illuminate/Pipeline/Pipeline.php(180): Illuminate\\Foundation\\Http\\Middleware\\ValidatePostSize->handle(Object(Illuminate\\Http\\Request), Object(Closure))
#51 /Users/minpyaesonenyein/projects/skincollection/vendor/laravel/framework/src/Illuminate/Foundation/Http/Middleware/PreventRequestsDuringMaintenance.php(86): Illuminate\\Pipeline\\Pipeline->{closure:{closure:Illuminate\\Pipeline\\Pipeline::carry():155}:156}(Object(Illuminate\\Http\\Request))
#52 /Users/minpyaesonenyein/projects/skincollection/vendor/laravel/framework/src/Illuminate/Pipeline/Pipeline.php(180): Illuminate\\Foundation\\Http\\Middleware\\PreventRequestsDuringMaintenance->handle(Object(Illuminate\\Http\\Request), Object(Closure))
#53 /Users/minpyaesonenyein/projects/skincollection/vendor/fruitcake/laravel-cors/src/HandleCors.php(38): Illuminate\\Pipeline\\Pipeline->{closure:{closure:Illuminate\\Pipeline\\Pipeline::carry():155}:156}(Object(Illuminate\\Http\\Request))
#54 /Users/minpyaesonenyein/projects/skincollection/vendor/laravel/framework/src/Illuminate/Pipeline/Pipeline.php(180): Fruitcake\\Cors\\HandleCors->handle(Object(Illuminate\\Http\\Request), Object(Closure))
#55 /Users/minpyaesonenyein/projects/skincollection/vendor/laravel/framework/src/Illuminate/Http/Middleware/TrustProxies.php(39): Illuminate\\Pipeline\\Pipeline->{closure:{closure:Illuminate\\Pipeline\\Pipeline::carry():155}:156}(Object(Illuminate\\Http\\Request))
#56 /Users/minpyaesonenyein/projects/skincollection/vendor/laravel/framework/src/Illuminate/Pipeline/Pipeline.php(180): Illuminate\\Http\\Middleware\\TrustProxies->handle(Object(Illuminate\\Http\\Request), Object(Closure))
#57 /Users/minpyaesonenyein/projects/skincollection/vendor/laravel/framework/src/Illuminate/Pipeline/Pipeline.php(116): Illuminate\\Pipeline\\Pipeline->{closure:{closure:Illuminate\\Pipeline\\Pipeline::carry():155}:156}(Object(Illuminate\\Http\\Request))
#58 /Users/minpyaesonenyein/projects/skincollection/vendor/laravel/framework/src/Illuminate/Foundation/Http/Kernel.php(165): Illuminate\\Pipeline\\Pipeline->then(Object(Closure))
#59 /Users/minpyaesonenyein/projects/skincollection/vendor/laravel/framework/src/Illuminate/Foundation/Http/Kernel.php(134): Illuminate\\Foundation\\Http\\Kernel->sendRequestThroughRouter(Object(Illuminate\\Http\\Request))
#60 /Users/minpyaesonenyein/projects/skincollection/public/index.php(51): Illuminate\\Foundation\\Http\\Kernel->handle(Object(Illuminate\\Http\\Request))
#61 /Users/minpyaesonenyein/projects/skincollection/server.php(21): require_once('/Users/minpyaes...')
#62 {main}
"} 
[2026-05-02 05:02:05] local.ERROR: There are no commands defined in the "clear" namespace. {"exception":"[object] (Symfony\\Component\\Console\\Exception\\NamespaceNotFoundException(code: 0): There are no commands defined in the \"clear\" namespace. at /Users/minpyaesonenyein/projects/skincollection/vendor/symfony/console/Application.php:678)
[stacktrace]
#0 /Users/minpyaesonenyein/projects/skincollection/vendor/symfony/console/Application.php(729): Symfony\\Component\\Console\\Application->findNamespace('clear')
#1 /Users/minpyaesonenyein/projects/skincollection/vendor/symfony/console/Application.php(266): Symfony\\Component\\Console\\Application->find('clear:cahce')
#2 /Users/minpyaesonenyein/projects/skincollection/vendor/symfony/console/Application.php(175): Symfony\\Component\\Console\\Application->doRun(Object(Symfony\\Component\\Console\\Input\\ArgvInput), Object(Symfony\\Component\\Console\\Output\\ConsoleOutput))
#3 /Users/minpyaesonenyein/projects/skincollection/vendor/laravel/framework/src/Illuminate/Console/Application.php(102): Symfony\\Component\\Console\\Application->run(Object(Symfony\\Component\\Console\\Input\\ArgvInput), Object(Symfony\\Component\\Console\\Output\\ConsoleOutput))
#4 /Users/minpyaesonenyein/projects/skincollection/vendor/laravel/framework/src/Illuminate/Foundation/Console/Kernel.php(155): Illuminate\\Console\\Application->run(Object(Symfony\\Component\\Console\\Input\\ArgvInput), Object(Symfony\\Component\\Console\\Output\\ConsoleOutput))
#5 /Users/minpyaesonenyein/projects/skincollection/artisan(35): Illuminate\\Foundation\\Console\\Kernel->handle(Object(Symfony\\Component\\Console\\Input\\ArgvInput), Object(Symfony\\Component\\Console\\Output\\ConsoleOutput))
#6 {main}
"} 
[2026-05-02 06:43:34] local.ERROR: The GetObject operation requires non-empty parameter: Bucket {"userId":1,"exception":"[object] (InvalidArgumentException(code: 0): The GetObject operation requires non-empty parameter: Bucket at /Users/minpyaesonenyein/projects/skincollection/vendor/aws/aws-sdk-php/src/InputValidationMiddleware.php:63)
[stacktrace]
#0 /Users/minpyaesonenyein/projects/skincollection/vendor/aws/aws-sdk-php/src/Middleware.php(111): Aws\\InputValidationMiddleware->__invoke(Object(Aws\\Command), NULL)
#1 /Users/minpyaesonenyein/projects/skincollection/vendor/aws/aws-sdk-php/src/S3/S3Client.php(791): Aws\\Middleware::{closure:{closure:Aws\\Middleware::validation():94}:95}(Object(Aws\\Command), NULL)
#2 /Users/minpyaesonenyein/projects/skincollection/vendor/aws/aws-sdk-php/src/S3/S3Client.php(814): Aws\\S3\\S3Client::{closure:{closure:Aws\\S3\\S3Client::getHeadObjectMiddleware():780}:781}(Object(Aws\\Command), NULL)
#3 /Users/minpyaesonenyein/projects/skincollection/vendor/aws/aws-sdk-php/src/S3/S3Client.php(748): Aws\\S3\\S3Client::{closure:{closure:Aws\\S3\\S3Client::getEncodingTypeMiddleware():804}:805}(Object(Aws\\Command), NULL)
#4 /Users/minpyaesonenyein/projects/skincollection/vendor/aws/aws-sdk-php/src/S3/S3Client.php(767): Aws\\S3\\S3Client::{closure:{closure:Aws\\S3\\S3Client::getLocationConstraintMiddleware():729}:730}(Object(Aws\\Command), NULL)
#5 /Users/minpyaesonenyein/projects/skincollection/vendor/aws/aws-sdk-php/src/Middleware.php(79): Aws\\S3\\S3Client::{closure:{closure:Aws\\S3\\S3Client::getSaveAsParameter():760}:761}(Object(Aws\\Command), NULL)
#6 /Users/minpyaesonenyein/projects/skincollection/vendor/aws/aws-sdk-php/src/S3/SSECMiddleware.php(59): Aws\\Middleware::{closure:{closure:Aws\\Middleware::sourceFile():35}:40}(Object(Aws\\Command), NULL)
#7 /Users/minpyaesonenyein/projects/skincollection/vendor/aws/aws-sdk-php/src/IdempotencyTokenMiddleware.php(79): Aws\\S3\\SSECMiddleware->__invoke(Object(Aws\\Command), NULL)
#8 [internal function]: Aws\\IdempotencyTokenMiddleware->__invoke(Object(Aws\\Command))
#9 /Users/minpyaesonenyein/projects/skincollection/vendor/aws/aws-sdk-php/src/functions.php(311): call_user_func(Object(Aws\\IdempotencyTokenMiddleware), Object(Aws\\Command))
#10 /Users/minpyaesonenyein/projects/skincollection/vendor/aws/aws-sdk-php/src/S3/S3Client.php(646): Aws\\serialize(Object(Aws\\Command))
#11 /Users/minpyaesonenyein/projects/skincollection/vendor/laravel/framework/src/Illuminate/Filesystem/AwsS3V3Adapter.php(84): Aws\\S3\\S3Client->createPresignedRequest(Object(Aws\\Command), Object(Illuminate\\Support\\Carbon), Array)
#12 /Users/minpyaesonenyein/projects/skincollection/app/Services/S3Service.php(74): Illuminate\\Filesystem\\AwsS3V3Adapter->temporaryUrl('patient-photos/...', Object(Illuminate\\Support\\Carbon))
#13 /Users/minpyaesonenyein/projects/skincollection/app/Http/Controllers/PatientController.php(220): App\\Services\\S3Service::url('patient-photos/...')
#14 [internal function]: App\\Http\\Controllers\\PatientController->{closure:App\\Http\\Controllers\\PatientController::edit():218}('patient-photos/...', 0)
#15 /Users/minpyaesonenyein/projects/skincollection/vendor/laravel/framework/src/Illuminate/Collections/Arr.php(560): array_map(Object(Closure), Array, Array)
#16 /Users/minpyaesonenyein/projects/skincollection/vendor/laravel/framework/src/Illuminate/Collections/Collection.php(768): Illuminate\\Support\\Arr::map(Array, Object(Closure))
#17 /Users/minpyaesonenyein/projects/skincollection/app/Http/Controllers/PatientController.php(218): Illuminate\\Support\\Collection->map(Object(Closure))
#18 /Users/minpyaesonenyein/projects/skincollection/vendor/laravel/framework/src/Illuminate/Routing/Controller.php(54): App\\Http\\Controllers\\PatientController->edit(Object(App\\Models\\Patient))
#19 /Users/minpyaesonenyein/projects/skincollection/vendor/laravel/framework/src/Illuminate/Routing/ControllerDispatcher.php(43): Illuminate\\Routing\\Controller->callAction('edit', Array)
#20 /Users/minpyaesonenyein/projects/skincollection/vendor/laravel/framework/src/Illuminate/Routing/Route.php(259): Illuminate\\Routing\\ControllerDispatcher->dispatch(Object(Illuminate\\Routing\\Route), Object(App\\Http\\Controllers\\PatientController), 'edit')
#21 /Users/minpyaesonenyein/projects/skincollection/vendor/laravel/framework/src/Illuminate/Routing/Route.php(205): Illuminate\\Routing\\Route->runController()
#22 /Users/minpyaesonenyein/projects/skincollection/vendor/laravel/framework/src/Illuminate/Routing/Router.php(798): Illuminate\\Routing\\Route->run()
#23 /Users/minpyaesonenyein/projects/skincollection/vendor/laravel/framework/src/Illuminate/Pipeline/Pipeline.php(141): Illuminate\\Routing\\Router->{closure:Illuminate\\Routing\\Router::runRouteWithinStack():797}(Object(Illuminate\\Http\\Request))
#24 /Users/minpyaesonenyein/projects/skincollection/app/Http/Middleware/EnsureClinicContext.php(34): Illuminate\\Pipeline\\Pipeline->{closure:Illuminate\\Pipeline\\Pipeline::prepareDestination():139}(Object(Illuminate\\Http\\Request))
#25 /Users/minpyaesonenyein/projects/skincollection/vendor/laravel/framework/src/Illuminate/Pipeline/Pipeline.php(180): App\\Http\\Middleware\\EnsureClinicContext->handle(Object(Illuminate\\Http\\Request), Object(Closure))
#26 /Users/minpyaesonenyein/projects/skincollection/vendor/laravel/framework/src/Illuminate/Routing/Middleware/SubstituteBindings.php(50): Illuminate\\Pipeline\\Pipeline->{closure:{closure:Illuminate\\Pipeline\\Pipeline::carry():155}:156}(Object(Illuminate\\Http\\Request))
#27 /Users/minpyaesonenyein/projects/skincollection/vendor/laravel/framework/src/Illuminate/Pipeline/Pipeline.php(180): Illuminate\\Routing\\Middleware\\SubstituteBindings->handle(Object(Illuminate\\Http\\Request), Object(Closure))
#28 /Users/minpyaesonenyein/projects/skincollection/vendor/laravel/framework/src/Illuminate/Auth/Middleware/Authenticate.php(44): Illuminate\\Pipeline\\Pipeline->{closure:{closure:Illuminate\\Pipeline\\Pipeline::carry():155}:156}(Object(Illuminate\\Http\\Request))
#29 /Users/minpyaesonenyein/projects/skincollection/vendor/laravel/framework/src/Illuminate/Pipeline/Pipeline.php(180): Illuminate\\Auth\\Middleware\\Authenticate->handle(Object(Illuminate\\Http\\Request), Object(Closure))
#30 /Users/minpyaesonenyein/projects/skincollection/vendor/laravel/framework/src/Illuminate/Foundation/Http/Middleware/VerifyCsrfToken.php(78): Illuminate\\Pipeline\\Pipeline->{closure:{closure:Illuminate\\Pipeline\\Pipeline::carry():155}:156}(Object(Illuminate\\Http\\Request))
#31 /Users/minpyaesonenyein/projects/skincollection/vendor/laravel/framework/src/Illuminate/Pipeline/Pipeline.php(180): Illuminate\\Foundation\\Http\\Middleware\\VerifyCsrfToken->handle(Object(Illuminate\\Http\\Request), Object(Closure))
#32 /Users/minpyaesonenyein/projects/skincollection/vendor/laravel/framework/src/Illuminate/View/Middleware/ShareErrorsFromSession.php(49): Illuminate\\Pipeline\\Pipeline->{closure:{closure:Illuminate\\Pipeline\\Pipeline::carry():155}:156}(Object(Illuminate\\Http\\Request))
#33 /Users/minpyaesonenyein/projects/skincollection/vendor/laravel/framework/src/Illuminate/Pipeline/Pipeline.php(180): Illuminate\\View\\Middleware\\ShareErrorsFromSession->handle(Object(Illuminate\\Http\\Request), Object(Closure))
#34 /Users/minpyaesonenyein/projects/skincollection/vendor/laravel/framework/src/Illuminate/Session/Middleware/StartSession.php(121): Illuminate\\Pipeline\\Pipeline->{closure:{closure:Illuminate\\Pipeline\\Pipeline::carry():155}:156}(Object(Illuminate\\Http\\Request))
#35 /Users/minpyaesonenyein/projects/skincollection/vendor/laravel/framework/src/Illuminate/Session/Middleware/StartSession.php(64): Illuminate\\Session\\Middleware\\StartSession->handleStatefulRequest(Object(Illuminate\\Http\\Request), Object(Illuminate\\Session\\Store), Object(Closure))
#36 /Users/minpyaesonenyein/projects/skincollection/vendor/laravel/framework/src/Illuminate/Pipeline/Pipeline.php(180): Illuminate\\Session\\Middleware\\StartSession->handle(Object(Illuminate\\Http\\Request), Object(Closure))
#37 /Users/minpyaesonenyein/projects/skincollection/vendor/laravel/framework/src/Illuminate/Cookie/Middleware/AddQueuedCookiesToResponse.php(37): Illuminate\\Pipeline\\Pipeline->{closure:{closure:Illuminate\\Pipeline\\Pipeline::carry():155}:156}(Object(Illuminate\\Http\\Request))
#38 /Users/minpyaesonenyein/projects/skincollection/vendor/laravel/framework/src/Illuminate/Pipeline/Pipeline.php(180): Illuminate\\Cookie\\Middleware\\AddQueuedCookiesToResponse->handle(Object(Illuminate\\Http\\Request), Object(Closure))
#39 /Users/minpyaesonenyein/projects/skincollection/vendor/laravel/framework/src/Illuminate/Cookie/Middleware/EncryptCookies.php(67): Illuminate\\Pipeline\\Pipeline->{closure:{closure:Illuminate\\Pipeline\\Pipeline::carry():155}:156}(Object(Illuminate\\Http\\Request))
#40 /Users/minpyaesonenyein/projects/skincollection/vendor/laravel/framework/src/Illuminate/Pipeline/Pipeline.php(180): Illuminate\\Cookie\\Middleware\\EncryptCookies->handle(Object(Illuminate\\Http\\Request), Object(Closure))
#41 /Users/minpyaesonenyein/projects/skincollection/vendor/laravel/framework/src/Illuminate/Pipeline/Pipeline.php(116): Illuminate\\Pipeline\\Pipeline->{closure:{closure:Illuminate\\Pipeline\\Pipeline::carry():155}:156}(Object(Illuminate\\Http\\Request))
#42 /Users/minpyaesonenyein/projects/skincollection/vendor/laravel/framework/src/Illuminate/Routing/Router.php(797): Illuminate\\Pipeline\\Pipeline->then(Object(Closure))
#43 /Users/minpyaesonenyein/projects/skincollection/vendor/laravel/framework/src/Illuminate/Routing/Router.php(776): Illuminate\\Routing\\Router->runRouteWithinStack(Object(Illuminate\\Routing\\Route), Object(Illuminate\\Http\\Request))
#44 /Users/minpyaesonenyein/projects/skincollection/vendor/laravel/framework/src/Illuminate/Routing/Router.php(740): Illuminate\\Routing\\Router->runRoute(Object(Illuminate\\Http\\Request), Object(Illuminate\\Routing\\Route))
#45 /Users/minpyaesonenyein/projects/skincollection/vendor/laravel/framework/src/Illuminate/Routing/Router.php(729): Illuminate\\Routing\\Router->dispatchToRoute(Object(Illuminate\\Http\\Request))
#46 /Users/minpyaesonenyein/projects/skincollection/vendor/laravel/framework/src/Illuminate/Foundation/Http/Kernel.php(190): Illuminate\\Routing\\Router->dispatch(Object(Illuminate\\Http\\Request))
#47 /Users/minpyaesonenyein/projects/skincollection/vendor/laravel/framework/src/Illuminate/Pipeline/Pipeline.php(141): Illuminate\\Foundation\\Http\\Kernel->{closure:Illuminate\\Foundation\\Http\\Kernel::dispatchToRouter():187}(Object(Illuminate\\Http\\Request))
#48 /Users/minpyaesonenyein/projects/skincollection/vendor/livewire/livewire/src/DisableBrowserCache.php(19): Illuminate\\Pipeline\\Pipeline->{closure:Illuminate\\Pipeline\\Pipeline::prepareDestination():139}(Object(Illuminate\\Http\\Request))
#49 /Users/minpyaesonenyein/projects/skincollection/vendor/laravel/framework/src/Illuminate/Pipeline/Pipeline.php(180): Livewire\\DisableBrowserCache->handle(Object(Illuminate\\Http\\Request), Object(Closure))
#50 /Users/minpyaesonenyein/projects/skincollection/vendor/laravel/framework/src/Illuminate/Foundation/Http/Middleware/TransformsRequest.php(21): Illuminate\\Pipeline\\Pipeline->{closure:{closure:Illuminate\\Pipeline\\Pipeline::carry():155}:156}(Object(Illuminate\\Http\\Request))
#51 /Users/minpyaesonenyein/projects/skincollection/vendor/laravel/framework/src/Illuminate/Foundation/Http/Middleware/ConvertEmptyStringsToNull.php(31): Illuminate\\Foundation\\Http\\Middleware\\TransformsRequest->handle(Object(Illuminate\\Http\\Request), Object(Closure))
#52 /Users/minpyaesonenyein/projects/skincollection/vendor/laravel/framework/src/Illuminate/Pipeline/Pipeline.php(180): Illuminate\\Foundation\\Http\\Middleware\\ConvertEmptyStringsToNull->handle(Object(Illuminate\\Http\\Request), Object(Closure))
#53 /Users/minpyaesonenyein/projects/skincollection/vendor/laravel/framework/src/Illuminate/Foundation/Http/Middleware/TransformsRequest.php(21): Illuminate\\Pipeline\\Pipeline->{closure:{closure:Illuminate\\Pipeline\\Pipeline::carry():155}:156}(Object(Illuminate\\Http\\Request))
#54 /Users/minpyaesonenyein/projects/skincollection/vendor/laravel/framework/src/Illuminate/Foundation/Http/Middleware/TrimStrings.php(40): Illuminate\\Foundation\\Http\\Middleware\\TransformsRequest->handle(Object(Illuminate\\Http\\Request), Object(Closure))
#55 /Users/minpyaesonenyein/projects/skincollection/vendor/laravel/framework/src/Illuminate/Pipeline/Pipeline.php(180): Illuminate\\Foundation\\Http\\Middleware\\TrimStrings->handle(Object(Illuminate\\Http\\Request), Object(Closure))
#56 /Users/minpyaesonenyein/projects/skincollection/vendor/laravel/framework/src/Illuminate/Foundation/Http/Middleware/ValidatePostSize.php(27): Illuminate\\Pipeline\\Pipeline->{closure:{closure:Illuminate\\Pipeline\\Pipeline::carry():155}:156}(Object(Illuminate\\Http\\Request))
#57 /Users/minpyaesonenyein/projects/skincollection/vendor/laravel/framework/src/Illuminate/Pipeline/Pipeline.php(180): Illuminate\\Foundation\\Http\\Middleware\\ValidatePostSize->handle(Object(Illuminate\\Http\\Request), Object(Closure))
#58 /Users/minpyaesonenyein/projects/skincollection/vendor/laravel/framework/src/Illuminate/Foundation/Http/Middleware/PreventRequestsDuringMaintenance.php(86): Illuminate\\Pipeline\\Pipeline->{closure:{closure:Illuminate\\Pipeline\\Pipeline::carry():155}:156}(Object(Illuminate\\Http\\Request))
#59 /Users/minpyaesonenyein/projects/skincollection/vendor/laravel/framework/src/Illuminate/Pipeline/Pipeline.php(180): Illuminate\\Foundation\\Http\\Middleware\\PreventRequestsDuringMaintenance->handle(Object(Illuminate\\Http\\Request), Object(Closure))
#60 /Users/minpyaesonenyein/projects/skincollection/vendor/fruitcake/laravel-cors/src/HandleCors.php(38): Illuminate\\Pipeline\\Pipeline->{closure:{closure:Illuminate\\Pipeline\\Pipeline::carry():155}:156}(Object(Illuminate\\Http\\Request))
#61 /Users/minpyaesonenyein/projects/skincollection/vendor/laravel/framework/src/Illuminate/Pipeline/Pipeline.php(180): Fruitcake\\Cors\\HandleCors->handle(Object(Illuminate\\Http\\Request), Object(Closure))
#62 /Users/minpyaesonenyein/projects/skincollection/vendor/laravel/framework/src/Illuminate/Http/Middleware/TrustProxies.php(39): Illuminate\\Pipeline\\Pipeline->{closure:{closure:Illuminate\\Pipeline\\Pipeline::carry():155}:156}(Object(Illuminate\\Http\\Request))
#63 /Users/minpyaesonenyein/projects/skincollection/vendor/laravel/framework/src/Illuminate/Pipeline/Pipeline.php(180): Illuminate\\Http\\Middleware\\TrustProxies->handle(Object(Illuminate\\Http\\Request), Object(Closure))
#64 /Users/minpyaesonenyein/projects/skincollection/vendor/laravel/framework/src/Illuminate/Pipeline/Pipeline.php(116): Illuminate\\Pipeline\\Pipeline->{closure:{closure:Illuminate\\Pipeline\\Pipeline::carry():155}:156}(Object(Illuminate\\Http\\Request))
#65 /Users/minpyaesonenyein/projects/skincollection/vendor/laravel/framework/src/Illuminate/Foundation/Http/Kernel.php(165): Illuminate\\Pipeline\\Pipeline->then(Object(Closure))
#66 /Users/minpyaesonenyein/projects/skincollection/vendor/laravel/framework/src/Illuminate/Foundation/Http/Kernel.php(134): Illuminate\\Foundation\\Http\\Kernel->sendRequestThroughRouter(Object(Illuminate\\Http\\Request))
#67 /Users/minpyaesonenyein/projects/skincollection/public/index.php(51): Illuminate\\Foundation\\Http\\Kernel->handle(Object(Illuminate\\Http\\Request))
#68 /Users/minpyaesonenyein/projects/skincollection/server.php(21): require_once('/Users/minpyaes...')
#69 {main}
"} 
